time_stamp,e2_flux_ic,p2_flux_ic,p3_flux_ic,p4_flux_ic,p5_flux_ic,p6_flux_ic,p7_flux_ic,short,long
1991-05-15 19:20:00,9.02,0.274,0.254,0.0614,0.0319,0.0262,0.0147,3.2823529411764714e-08,2.042857142857144e-06
1991-05-15 19:21:00,8.668,0.2816,0.21514,0.05494,0.03086,0.02618,0.0147,3.4235294117647056e-08,2.071428571428572e-06
1991-05-15 19:22:00,8.315999999999999,0.2892,0.17628,0.04848,0.02982,0.02616,0.0147,3.4235294117647056e-08,2.0857142857142858e-06
1991-05-15 19:23:00,7.963999999999999,0.2968,0.13742,0.04202,0.02878,0.02614,0.0147,3.3882352941176475e-08,2.1e-06
1991-05-15 19:24:00,7.612,0.3044,0.09856,0.03556,0.02774,0.02612,0.0147,3.352941176470588e-08,2.1e-06
1991-05-15 19:25:00,7.26,0.312,0.0597,0.0291,0.0267,0.0261,0.0147,3.341176470588235e-08,2.1e-06
1991-05-15 19:26:00,7.574,0.26538,0.05946,0.0291,0.0267,0.0261,0.0147,3.176470588235294e-08,2.0857142857142858e-06
1991-05-15 19:27:00,7.888,0.21876,0.05922,0.0291,0.0267,0.0261,0.0147,2.8705882352941177e-08,2.0571428571428573e-06
1991-05-15 19:28:00,8.202,0.17214,0.05898,0.0291,0.0267,0.0261,0.0147,2.8352941176470596e-08,2.0571428571428573e-06
1991-05-15 19:29:00,8.516,0.12552,0.05874,0.0291,0.0267,0.0261,0.0147,2.847058823529412e-08,2.0571428571428573e-06
1991-05-15 19:30:00,8.83,0.0789,0.0585,0.0291,0.0267,0.0261,0.0147,3.2117647058823527e-08,2.1142857142857143e-06
1991-05-15 19:31:00,8.75,0.08552,0.0652,0.03566,0.02942,0.02784,0.0163999999999999,3.3058823529411763e-08,2.157142857142857e-06
1991-05-15 19:32:00,8.67,0.09214,0.0719,0.04222,0.03214,0.02958,0.0180999999999999,3.3176470588235295e-08,2.157142857142857e-06
1991-05-15 19:33:00,8.59,0.09876,0.0786,0.04878,0.03486,0.03132,0.0197999999999999,3.411764705882353e-08,2.1857142857142857e-06
1991-05-15 19:34:00,8.51,0.10538,0.0853,0.05534,0.03758,0.03306,0.0215,3.2235294117647064e-08,2.1857142857142857e-06
1991-05-15 19:35:00,8.43,0.112,0.092,0.0619,0.0403,0.0348,0.0232,3.0000000000000004e-08,2.157142857142857e-06
1991-05-15 19:36:00,8.196,0.1258,0.08874,0.0584,0.04064,0.03612,0.02456,2.8117647058823534e-08,2.1285714285714287e-06
1991-05-15 19:37:00,7.962,0.1396,0.08548,0.0549,0.04098,0.03744,0.02592,2.611764705882353e-08,2.1142857142857143e-06
1991-05-15 19:38:00,7.728,0.1533999999999999,0.08222,0.0514,0.04132,0.03876,0.02728,2.4235294117647066e-08,2.0857142857142858e-06
1991-05-15 19:39:00,7.494,0.1672,0.07896,0.0479,0.04166,0.04008,0.02864,2.2705882352941186e-08,2.0571428571428573e-06
1991-05-15 19:40:00,7.26,0.181,0.0757,0.0444,0.042,0.0414,0.03,2.1294117647058824e-08,2.042857142857144e-06
1991-05-15 19:41:00,7.808,0.1944,0.10596,0.07472,0.0596,0.05352,0.03332,2.0352941176470588e-08,2.0142857142857144e-06
1991-05-15 19:42:00,8.356,0.2077999999999999,0.13622,0.10504,0.0771999999999999,0.06564,0.03664,1.9647058823529413e-08,2.0142857142857144e-06
1991-05-15 19:43:00,8.904,0.2212,0.16648,0.13536,0.0948,0.07776,0.03996,1.9058823529411764e-08,2e-06
1991-05-15 19:44:00,9.452,0.2346,0.19674,0.16568,0.1124,0.0898799999999999,0.04328,1.9764705882352945e-08,1.985714285714286e-06
1991-05-15 19:45:00,10.0,0.248,0.227,0.196,0.13,0.102,0.0466,2.188235294117648e-08,2e-06
1991-05-15 19:46:00,9.648,0.21686,0.19598,0.16262,0.10934,0.08682,0.04022,2.317647058823529e-08,2.0142857142857144e-06
1991-05-15 19:47:00,9.296,0.18572,0.16496,0.12924,0.08868,0.07164,0.03384,2.447058823529412e-08,2.0142857142857144e-06
1991-05-15 19:48:00,8.943999999999999,0.15458,0.13394,0.09586,0.06802,0.0564599999999999,0.02746,2.5294117647058824e-08,2.0142857142857144e-06
1991-05-15 19:49:00,8.592,0.12344,0.10292,0.06248,0.04736,0.04128,0.0210799999999999,2.5411764705882355e-08,2.028571428571429e-06
1991-05-15 19:50:00,8.24,0.0923,0.0719,0.0291,0.0267,0.0261,0.0147,2.611764705882353e-08,2.028571428571429e-06
1991-05-15 19:51:00,8.632,0.10464,0.08432,0.04428,0.04176,0.04128,0.01876,2.564705882352941e-08,2.028571428571429e-06
1991-05-15 19:52:00,9.024,0.11698,0.09674,0.05946,0.0568199999999999,0.0564599999999999,0.02282,2.6235294117647064e-08,2.028571428571429e-06
1991-05-15 19:53:00,9.416,0.12932,0.10916,0.07464,0.07188,0.07164,0.02688,2.6588235294117647e-08,2.042857142857144e-06
1991-05-15 19:54:00,9.808,0.14166,0.12158,0.08982,0.0869399999999999,0.08682,0.03094,2.694117647058824e-08,2.0571428571428573e-06
1991-05-15 19:55:00,10.2,0.154,0.134,0.105,0.102,0.102,0.035,2.7058823529411772e-08,2.0571428571428573e-06
1991-05-15 19:56:00,10.16,0.2044,0.1448,0.1152,0.10114,0.09618,0.03416,2.6705882352941185e-08,2.0571428571428573e-06
1991-05-15 19:57:00,10.12,0.2548,0.1556,0.1254,0.10028,0.09036,0.03332,2.5294117647058824e-08,2.0571428571428573e-06
1991-05-15 19:58:00,10.08,0.3052,0.1664,0.1356,0.09942,0.08454,0.03248,2.5294117647058824e-08,2.0571428571428573e-06
1991-05-15 19:59:00,10.04,0.3556,0.1772,0.1457999999999999,0.09856,0.07872,0.03164,2.5529411764705883e-08,2.0571428571428573e-06
1991-05-15 20:00:00,10.0,0.406,0.188,0.156,0.0977,0.0729,0.0308,2.6588235294117647e-08,2.0857142857142858e-06
1991-05-15 20:01:00,9.648,0.3684,0.19,0.1558,0.10876,0.08872,0.03774,2.8823529411764708e-08,2.1285714285714287e-06
1991-05-15 20:02:00,9.296,0.3308,0.192,0.1556,0.11982,0.10454,0.04468,3.0941176470588234e-08,2.1857142857142857e-06
1991-05-15 20:03:00,8.943999999999999,0.2932,0.194,0.1554,0.13088,0.12036,0.05162,3.4470588235294125e-08,2.257142857142857e-06
1991-05-15 20:04:00,8.592,0.2556,0.196,0.1552,0.14194,0.13618,0.05856,3.9176470588235295e-08,2.342857142857143e-06
1991-05-15 20:05:00,8.24,0.218,0.198,0.155,0.153,0.152,0.0655,4.188235294117648e-08,2.4142857142857143e-06
1991-05-15 20:06:00,8.2,0.268,0.1978,0.1286,0.12652,0.12558,0.054106,4.329411764705882e-08,2.4571428571428573e-06
1991-05-15 20:07:00,8.16,0.318,0.1976,0.1022,0.10004,0.09916,0.042712,4.317647058823529e-08,2.485714285714286e-06
1991-05-15 20:08:00,8.12,0.368,0.1974,0.0758,0.07356,0.07274,0.031318,4.329411764705882e-08,2.485714285714286e-06
1991-05-15 20:09:00,8.08,0.418,0.1972,0.0494,0.04708,0.04632,0.0199239999999999,4.247058823529413e-08,2.5142857142857147e-06
1991-05-15 20:10:00,8.04,0.468,0.197,0.023,0.0206,0.0199,0.00853,4.270588235294119e-08,2.5285714285714287e-06
1991-05-15 20:11:00,8.792,0.3908,0.16996,0.02488,0.02248,0.02178,0.010404,4e-08,2.5142857142857147e-06
1991-05-15 20:12:00,9.544,0.3136,0.14292,0.02676,0.02436,0.02366,0.0122779999999999,3.8705882352941184e-08,2.485714285714286e-06
1991-05-15 20:13:00,10.296,0.2364,0.11588,0.02864,0.02624,0.02554,0.014152,3.8117647058823534e-08,2.485714285714286e-06
1991-05-15 20:14:00,11.048,0.1592,0.08884,0.03052,0.02812,0.02742,0.016026,3.647058823529412e-08,2.485714285714286e-06
1991-05-15 20:15:00,11.8,0.082,0.0618,0.0324,0.03,0.0293,0.0179,3.6235294117647054e-08,2.485714285714286e-06
1991-05-15 20:16:00,10.734,0.08138,0.06114,0.03174,0.0293399999999999,0.02866,0.0172599999999999,3.694117647058824e-08,2.5e-06
1991-05-15 20:17:00,9.668,0.08076,0.06048,0.03108,0.02868,0.02802,0.01662,4.011764705882353e-08,2.557142857142857e-06
1991-05-15 20:18:00,8.602,0.08014,0.05982,0.03042,0.02802,0.02738,0.01598,4.5647058823529415e-08,2.642857142857143e-06
1991-05-15 20:19:00,7.536,0.07952,0.05916,0.02976,0.02736,0.02674,0.01534,5.376470588235295e-08,2.7571428571428574e-06
1991-05-15 20:20:00,6.47,0.0789,0.0585,0.0291,0.0267,0.0261,0.0147,6.070588235294118e-08,2.8571428571428573e-06
1991-05-15 20:21:00,6.628,0.11892,0.0742,0.04448,0.04196,0.04148,0.01922,7.058823529411766e-08,3e-06
1991-05-15 20:22:00,6.786,0.15894,0.0899,0.05986,0.05722,0.05686,0.02374,8.458823529411765e-08,3.2000000000000003e-06
1991-05-15 20:23:00,6.944,0.19896,0.1056,0.07524,0.07248,0.07224,0.02826,1.003529411764706e-07,3.4142857142857145e-06
1991-05-15 20:24:00,7.101999999999999,0.23898,0.1213,0.09062,0.08774,0.08762,0.03278,1.1188235294117649e-07,3.5857142857142862e-06
1991-05-15 20:25:00,7.26,0.279,0.137,0.106,0.103,0.103,0.0373,1.211764705882353e-07,3.757142857142857e-06
1991-05-15 20:26:00,7.378,0.251,0.1332,0.10238,0.0951999999999999,0.0940599999999999,0.0392,1.282352941176471e-07,3.914285714285715e-06
1991-05-15 20:27:00,7.495999999999999,0.223,0.1294,0.09876,0.0873999999999999,0.08512,0.0411,1.388235294117647e-07,4.114285714285715e-06
1991-05-15 20:28:00,7.614,0.195,0.1256,0.09514,0.0796,0.07618,0.043,1.623529411764706e-07,4.514285714285714e-06
1991-05-15 20:29:00,7.731999999999999,0.167,0.1217999999999999,0.09152,0.0718,0.06724,0.0449,1.858823529411765e-07,4.828571428571429e-06
1991-05-15 20:30:00,7.85,0.139,0.118,0.0879,0.064,0.0583,0.0468,2.082352941176471e-07,5.171428571428572e-06
1991-05-15 20:31:00,8.48,0.1332,0.11226,0.08232,0.0627,0.05804,0.04656,2.258823529411765e-07,5.485714285714286e-06
1991-05-15 20:32:00,9.11,0.1274,0.10652,0.07674,0.0614,0.05778,0.04632,2.352941176470588e-07,5.757142857142858e-06
1991-05-15 20:33:00,9.74,0.1216,0.10078,0.07116,0.0601,0.05752,0.04608,2.3647058823529415e-07,6e-06
1991-05-15 20:34:00,10.37,0.1158,0.09504,0.06558,0.0588,0.05726,0.04584,2.388235294117647e-07,6.271428571428573e-06
1991-05-15 20:35:00,11.0,0.11,0.0893,0.06,0.0575,0.057,0.0456,2.6e-07,6.714285714285714e-06
1991-05-15 20:36:00,10.212,0.153,0.10864,0.0786,0.06182,0.05562,0.03964,3.035294117647059e-07,7.442857142857143e-06
1991-05-15 20:37:00,9.424,0.196,0.12798,0.0972,0.06614,0.05424,0.03368,3.494117647058824e-07,8.257142857142857e-06
1991-05-15 20:38:00,8.636,0.239,0.14732,0.1157999999999999,0.07046,0.05286,0.02772,3.7882352941176473e-07,8.971428571428572e-06
1991-05-15 20:39:00,7.848,0.282,0.16666,0.1344,0.07478,0.05148,0.02176,4.011764705882353e-07,9.571428571428572e-06
1991-05-15 20:40:00,7.06,0.325,0.186,0.153,0.0791,0.0501,0.0158,4.176470588235295e-07,1e-05
1991-05-15 20:41:00,7.1,0.3106,0.16558,0.13288,0.06964,0.04534,0.01558,4.223529411764706e-07,1.0257142857142858e-05
1991-05-15 20:42:00,7.14,0.2962,0.14516,0.11276,0.06018,0.04058,0.01536,4.105882352941177e-07,1.032857142857143e-05
1991-05-15 20:43:00,7.18,0.2818,0.1247399999999999,0.09264,0.05072,0.03582,0.01514,3.976470588235294e-07,1.032857142857143e-05
1991-05-15 20:44:00,7.22,0.2674,0.10432,0.07252,0.04126,0.03106,0.01492,3.9294117647058827e-07,1.04e-05
1991-05-15 20:45:00,7.26,0.253,0.0839,0.0524,0.0318,0.0263,0.0147,3.823529411764706e-07,1.032857142857143e-05
1991-05-15 20:46:00,7.34,0.2181799999999999,0.07882,0.04774,0.03078,0.02626,0.0147,3.623529411764706e-07,1.0142857142857144e-05
1991-05-15 20:47:00,7.42,0.18336,0.07374,0.04308,0.02976,0.02622,0.0147,3.3764705882352946e-07,9.9e-06
1991-05-15 20:48:00,7.5,0.14854,0.06866,0.03842,0.02874,0.02618,0.0147,3.129411764705883e-07,9.614285714285714e-06
1991-05-15 20:49:00,7.58,0.1137199999999999,0.06358,0.03376,0.02772,0.02614,0.0147,3.035294117647059e-07,9.542857142857143e-06
1991-05-15 20:50:00,7.66,0.0789,0.0585,0.0291,0.0267,0.0261,0.0147,3.105882352941176e-07,9.72857142857143e-06
1991-05-15 20:51:00,7.736,0.09952,0.05886,0.0291,0.0267,0.0261,0.0147,2.964705882352941e-07,9.642857142857142e-06
1991-05-15 20:52:00,7.811999999999999,0.12014,0.05922,0.0291,0.0267,0.0261,0.0147,2.694117647058824e-07,9.357142857142855e-06
1991-05-15 20:53:00,7.888,0.14076,0.05958,0.0291,0.0267,0.0261,0.0147,2.3647058823529415e-07,8.914285714285716e-06
1991-05-15 20:54:00,7.963999999999999,0.16138,0.05994,0.0291,0.0267,0.0261,0.0147,2.082352941176471e-07,8.457142857142857e-06
1991-05-15 20:55:00,8.04,0.182,0.0603,0.0291,0.0267,0.0261,0.0147,1.835294117647059e-07,7.971428571428572e-06
1991-05-15 20:56:00,8.315999999999999,0.1825999999999999,0.06716,0.03596,0.03356,0.03296,0.01656,1.6352941176470586e-07,7.542857142857144e-06
1991-05-15 20:57:00,8.591999999999999,0.1832,0.07402,0.04282,0.04042,0.03982,0.01842,1.458823529411765e-07,7.142857142857144e-06
1991-05-15 20:58:00,8.868,0.1838,0.08088,0.04968,0.04728,0.04668,0.02028,1.3058823529411764e-07,6.742857142857143e-06
1991-05-15 20:59:00,9.144,0.1844,0.08774,0.05654,0.05414,0.05354,0.02214,1.1705882352941177e-07,6.385714285714287e-06
1991-05-15 21:00:00,9.42,0.185,0.0946,0.0634,0.061,0.0604,0.024,1.0776470588235296e-07,6.071428571428572e-06
1991-05-15 21:01:00,9.068,0.1972,0.09114,0.05998,0.05758,0.05696,0.02556,1.0294117647058825e-07,5.7285714285714285e-06
1991-05-15 21:02:00,8.716,0.2094,0.08768,0.05656,0.05416,0.05352,0.02712,9.56470588235294e-08,5.471428571428572e-06
1991-05-15 21:03:00,8.364,0.2216,0.0842199999999999,0.05314,0.05074,0.05008,0.02868,8.823529411764708e-08,5.242857142857143e-06
1991-05-15 21:04:00,8.012,0.2338,0.08076,0.04972,0.04732,0.04664,0.03024,8.35294117647059e-08,5.028571428571429e-06
1991-05-15 21:05:00,7.66,0.246,0.0773,0.0463,0.0439,0.0432,0.0318,7.811764705882354e-08,4.814285714285715e-06
1991-05-15 21:06:00,7.736,0.243,0.08384,0.05264,0.0467,0.04506,0.03362,7.599999999999999e-08,4.671428571428572e-06
1991-05-15 21:07:00,7.811999999999999,0.24,0.09038,0.05898,0.0495,0.04692,0.03544,7.670588235294119e-08,4.557142857142857e-06
1991-05-15 21:08:00,7.888,0.237,0.09692,0.06532,0.0523,0.04878,0.03726,8.458823529411765e-08,4.542857142857143e-06
1991-05-15 21:09:00,7.963999999999999,0.234,0.10346,0.07166,0.0550999999999999,0.05064,0.03908,8.847058823529413e-08,4.5e-06
1991-05-15 21:10:00,8.04,0.231,0.11,0.078,0.0579,0.0525,0.0409,9.470588235294118e-08,4.457142857142858e-06
1991-05-15 21:11:00,8.001999999999999,0.20058,0.0997,0.06822,0.05166,0.04722,0.03566,1.0105882352941176e-07,4.457142857142858e-06
1991-05-15 21:12:00,7.963999999999999,0.17016,0.0894,0.05844,0.04542,0.04194,0.03042,1.031764705882353e-07,4.414285714285714e-06
1991-05-15 21:13:00,7.925999999999999,0.13974,0.0791,0.0486599999999999,0.03918,0.03666,0.02518,1.02e-07,4.342857142857143e-06
1991-05-15 21:14:00,7.888,0.10932,0.0688,0.03888,0.03294,0.03138,0.01994,1.003529411764706e-07,4.271428571428572e-06
1991-05-15 21:15:00,7.85,0.0789,0.0585,0.0291,0.0267,0.0261,0.0147,9.741176470588237e-08,4.2e-06
1991-05-15 21:16:00,7.928,0.14312,0.09,0.03824,0.03584,0.03524,0.01792,9.541176470588237e-08,4.142857142857144e-06
1991-05-15 21:17:00,8.006,0.20734,0.1215,0.04738,0.04498,0.04438,0.02114,9.341176470588236e-08,4.085714285714287e-06
1991-05-15 21:18:00,8.084,0.27156,0.153,0.05652,0.05412,0.05352,0.02436,9.152941176470589e-08,4.014285714285715e-06
1991-05-15 21:19:00,8.162,0.3357800000000001,0.1845,0.06566,0.06326,0.06266,0.02758,8.776470588235294e-08,3.957142857142858e-06
1991-05-15 21:20:00,8.24,0.4,0.216,0.0748,0.0724,0.0718,0.0308,8.458823529411765e-08,3.885714285714286e-06
1991-05-15 21:21:00,8.054,0.33578,0.1845,0.06566,0.06326,0.06266,0.02758,8.058823529411764e-08,3.828571428571429e-06
1991-05-15 21:22:00,7.868,0.27156,0.153,0.05652,0.05412,0.05352,0.02436,7.68235294117647e-08,3.742857142857143e-06
1991-05-15 21:23:00,7.682,0.2073399999999999,0.1215,0.04738,0.04498,0.04438,0.02114,7.270588235294117e-08,3.671428571428572e-06
1991-05-15 21:24:00,7.495999999999999,0.1431199999999999,0.09,0.03824,0.03584,0.03524,0.01792,6.858823529411764e-08,3.6000000000000003e-06
1991-05-15 21:25:00,7.31,0.0789,0.0585,0.0291,0.0267,0.0261,0.0147,6.552941176470588e-08,3.528571428571429e-06
1991-05-15 21:26:00,7.26,0.08652,0.06622,0.03664,0.0305,0.02892,0.01748,6.247058823529412e-08,3.471428571428572e-06
1991-05-15 21:27:00,7.21,0.09414,0.07394,0.04418,0.0343,0.03174,0.02026,6.011764705882354e-08,3.385714285714286e-06
1991-05-15 21:28:00,7.159999999999999,0.10176,0.08166,0.05172,0.0380999999999999,0.03456,0.0230399999999999,5.7411764705882354e-08,3.342857142857143e-06
1991-05-15 21:29:00,7.109999999999999,0.10938,0.08938,0.05926,0.0419,0.03738,0.02582,5.4941176470588244e-08,3.2857142857142857e-06
1991-05-15 21:30:00,7.06,0.117,0.0971,0.0668,0.0457,0.0402,0.0286,5.2941176470588246e-08,3.2428571428571428e-06
1991-05-15 21:31:00,7.18,0.1482,0.0936,0.06312,0.04288,0.03742,0.02582,5.1058823529411766e-08,3.2000000000000003e-06
1991-05-15 21:32:00,7.3,0.1794,0.0901,0.05944,0.04006,0.03464,0.0230399999999999,4.9529411764705886e-08,3.1571428571428573e-06
1991-05-15 21:33:00,7.42,0.2106,0.0866,0.05576,0.03724,0.03186,0.02026,4.788235294117648e-08,3.142857142857144e-06
1991-05-15 21:34:00,7.54,0.2418,0.0831,0.05208,0.03442,0.02908,0.01748,4.611764705882353e-08,3.1e-06
1991-05-15 21:35:00,7.66,0.273,0.0796,0.0484,0.0316,0.0263,0.0147,4.4705882352941184e-08,3.071428571428572e-06
1991-05-15 21:36:00,7.894,0.263,0.07448,0.04332,0.0294,0.02502,0.0134659999999999,4.3058823529411773e-08,3.0142857142857145e-06
1991-05-15 21:37:00,8.128,0.253,0.06936,0.0382399999999999,0.0272,0.02374,0.012232,4.2000000000000006e-08,2.9857142857142856e-06
1991-05-15 21:38:00,8.362,0.243,0.06424,0.03316,0.025,0.02246,0.0109979999999999,4.082352941176471e-08,2.9571428571428576e-06
1991-05-15 21:39:00,8.596,0.233,0.05912,0.02808,0.0228,0.02118,0.0097639999999999,3.976470588235295e-08,2.942857142857143e-06
1991-05-15 21:40:00,8.83,0.223,0.054,0.023,0.0206,0.0199,0.00853,3.8e-08,2.9e-06
1991-05-15 21:41:00,9.028,0.2168,0.0776,0.047,0.04448,0.04392,0.020184,3.7058823529411766e-08,2.8571428571428573e-06
1991-05-15 21:42:00,9.226,0.2106,0.1012,0.071,0.06836,0.06794,0.031838,3.658823529411765e-08,2.8428571428571432e-06
1991-05-15 21:43:00,9.424,0.2044,0.1248,0.095,0.09224,0.09196,0.043492,3.6235294117647054e-08,2.8142857142857147e-06
1991-05-15 21:44:00,9.622,0.1982,0.1484,0.119,0.11612,0.11598,0.055146,3.51764705882353e-08,2.785714285714286e-06
1991-05-15 21:45:00,9.82,0.192,0.172,0.143,0.14,0.14,0.0668,3.4352941176470594e-08,2.771428571428572e-06
1991-05-15 21:46:00,9.702,0.1683,0.14822,0.11914,0.11626,0.11612,0.055286,3.458823529411764e-08,2.7571428571428574e-06
1991-05-15 21:47:00,9.584,0.1446,0.12444,0.0952799999999999,0.09252,0.09224,0.043772,3.4941176470588243e-08,2.742857142857143e-06
1991-05-15 21:48:00,9.466,0.1209,0.10066,0.0714199999999999,0.06878,0.06836,0.0322579999999999,3.6117647058823536e-08,2.7285714285714285e-06
1991-05-15 21:49:00,9.348,0.0972,0.07688,0.0475599999999999,0.04504,0.04448,0.020744,3.5882352941176473e-08,2.7142857142857144e-06
1991-05-15 21:50:00,9.23,0.0735,0.0531,0.0237,0.0213,0.0206,0.00923,3.6117647058823536e-08,2.7142857142857144e-06
1991-05-15 21:51:00,9.308,0.1064,0.05974,0.03006,0.0276399999999999,0.02696,0.015564,3.6000000000000005e-08,2.7142857142857144e-06
1991-05-15 21:52:00,9.386,0.1392999999999999,0.06638,0.03642,0.0339799999999999,0.03332,0.021898,3.505882352941176e-08,2.671428571428572e-06
1991-05-15 21:53:00,9.464,0.1722,0.07302,0.04278,0.04032,0.03968,0.028232,3.458823529411764e-08,2.671428571428572e-06
1991-05-15 21:54:00,9.542,0.2051,0.07966,0.04914,0.04666,0.04604,0.034566,3.4705882352941174e-08,2.657142857142857e-06
1991-05-15 21:55:00,9.62,0.238,0.0863,0.0555,0.053,0.0524,0.0409,3.4941176470588243e-08,2.657142857142857e-06
1991-05-15 21:56:00,9.422,0.20898,0.08352,0.05302,0.05054,0.04992,0.03844,3.51764705882353e-08,2.628571428571429e-06
1991-05-15 21:57:00,9.224,0.1799599999999999,0.08074,0.05054,0.04808,0.04744,0.03598,3.5411764705882355e-08,2.628571428571429e-06
1991-05-15 21:58:00,9.026,0.15094,0.07796,0.04806,0.04562,0.04496,0.03352,3.51764705882353e-08,2.628571428571429e-06
1991-05-15 21:59:00,8.828000000000001,0.1219199999999999,0.07518,0.0455799999999999,0.04316,0.04248,0.03106,3.4705882352941174e-08,2.6142857142857145e-06
1991-05-15 22:00:00,8.63,0.0929,0.0724,0.0431,0.0407,0.04,0.0286,3.3882352941176475e-08,2.585714285714286e-06
1991-05-15 22:01:00,8.238000000000001,0.1163199999999999,0.07554,0.0458,0.04076,0.03918,0.02774,3.352941176470588e-08,2.571428571428572e-06
1991-05-15 22:02:00,7.846,0.13974,0.07868,0.0485,0.04082,0.03836,0.02688,3.3882352941176475e-08,2.571428571428572e-06
1991-05-15 22:03:00,7.454000000000001,0.16316,0.08182,0.0511999999999999,0.04088,0.03754,0.02602,3.352941176470588e-08,2.557142857142857e-06
1991-05-15 22:04:00,7.062,0.18658,0.08496,0.0538999999999999,0.04094,0.03672,0.02516,3.341176470588235e-08,2.557142857142857e-06
1991-05-15 22:05:00,6.67,0.21,0.0881,0.0566,0.041,0.0359,0.0243,3.352941176470588e-08,2.5428571428571427e-06
1991-05-15 22:06:00,6.984,0.2542,0.11868,0.0870799999999999,0.0622,0.05192,0.0305599999999999,3.364705882352941e-08,2.5285714285714287e-06
1991-05-15 22:07:00,7.298,0.2984,0.14926,0.11756,0.0834,0.06794,0.03682,3.4352941176470594e-08,2.5285714285714287e-06
1991-05-15 22:08:00,7.612,0.3426,0.17984,0.14804,0.1046,0.08396,0.0430799999999999,3.411764705882353e-08,2.5285714285714287e-06
1991-05-15 22:09:00,7.926,0.3868,0.21042,0.1785199999999999,0.1258,0.09998,0.0493399999999999,3.341176470588235e-08,2.5142857142857147e-06
1991-05-15 22:10:00,8.24,0.431,0.241,0.209,0.147,0.116,0.0556,3.3058823529411763e-08,2.485714285714286e-06
1991-05-15 22:11:00,8.952,0.36058,0.2045,0.17302,0.12294,0.09802,0.04742,3.2588235294117645e-08,2.485714285714286e-06
1991-05-15 22:12:00,9.664,0.29016,0.1679999999999999,0.13704,0.09888,0.08004,0.03924,3.2e-08,2.4571428571428573e-06
1991-05-15 22:13:00,10.376,0.21974,0.1315,0.10106,0.07482,0.06206,0.0310599999999999,3.141176470588235e-08,2.428571428571429e-06
1991-05-15 22:14:00,11.088,0.14932,0.095,0.06508,0.05076,0.0440799999999999,0.0228799999999999,3.082352941176471e-08,2.428571428571429e-06
1991-05-15 22:15:00,11.8,0.0789,0.0585,0.0291,0.0267,0.0261,0.0147,3.0000000000000004e-08,2.385714285714286e-06
1991-05-15 22:16:00,10.892,0.11892,0.069,0.03936,0.03696,0.03634,0.02494,2.8823529411764708e-08,2.385714285714286e-06
1991-05-15 22:17:00,9.984,0.15894,0.0795,0.04962,0.04722,0.0465799999999999,0.03518,2.8588235294117652e-08,2.342857142857143e-06
1991-05-15 22:18:00,9.076,0.19896,0.09,0.05988,0.05748,0.0568199999999999,0.04542,2.8588235294117652e-08,2.342857142857143e-06
1991-05-15 22:19:00,8.168,0.23898,0.1005,0.07014,0.06774,0.06706,0.05566,2.8117647058823534e-08,2.342857142857143e-06
1991-05-15 22:20:00,7.26,0.279,0.111,0.0804,0.078,0.0773,0.0659,2.788235294117647e-08,2.3142857142857145e-06
1991-05-15 22:21:00,7.888,0.23898,0.1005,0.07014,0.06774,0.06706,0.05566,2.6352941176470588e-08,2.3e-06
1991-05-15 22:22:00,8.516,0.19896,0.09,0.05988,0.05748,0.0568199999999999,0.04542,2.611764705882353e-08,2.2857142857142856e-06
1991-05-15 22:23:00,9.144,0.15894,0.0795,0.04962,0.04722,0.0465799999999999,0.0351799999999999,2.6352941176470588e-08,2.257142857142857e-06
1991-05-15 22:24:00,9.772,0.11892,0.069,0.03936,0.03696,0.03634,0.0249399999999999,2.6823529411764713e-08,2.242857142857143e-06
1991-05-15 22:25:00,10.4,0.0789,0.0585,0.0291,0.0267,0.0261,0.0147,3.0588235294117654e-08,2.257142857142857e-06
1991-05-15 22:26:00,10.006,0.10892,0.0588,0.0291,0.0267,0.0261,0.0147,3.0588235294117654e-08,2.257142857142857e-06
1991-05-15 22:27:00,9.612,0.13894,0.0591,0.0291,0.0267,0.0261,0.0147,2.9647058823529414e-08,2.242857142857143e-06
1991-05-15 22:28:00,9.218,0.16896,0.0594,0.0291,0.0267,0.0261,0.0147,2.9058823529411764e-08,2.242857142857143e-06
1991-05-15 22:29:00,8.824,0.19898,0.0596999999999999,0.0291,0.0267,0.0261,0.0147,2.8117647058823534e-08,2.228571428571429e-06
1991-05-15 22:30:00,8.43,0.229,0.06,0.0291,0.0267,0.0261,0.0147,2.847058823529412e-08,2.2142857142857146e-06
1991-05-15 22:31:00,8.118,0.2182,0.06688,0.03592,0.03352,0.0329,0.01492,2.7529411764705884e-08,2.2e-06
1991-05-15 22:32:00,7.806,0.2074,0.0737599999999999,0.04274,0.04034,0.0397,0.01514,2.7294117647058825e-08,2.2e-06
1991-05-15 22:33:00,7.494,0.1966,0.0806399999999999,0.04956,0.04716,0.0465,0.01536,2.6588235294117647e-08,2.2e-06
1991-05-15 22:34:00,7.182,0.1858,0.08752,0.05638,0.05398,0.0533,0.01558,2.5764705882352945e-08,2.1857142857142857e-06
1991-05-15 22:35:00,6.87,0.175,0.0944,0.0632,0.0608,0.0601,0.0158,2.5529411764705883e-08,2.171428571428572e-06
1991-05-15 22:36:00,7.42,0.2336,0.10112,0.06094,0.05854,0.05784,0.0158,2.6352941176470588e-08,2.171428571428572e-06
1991-05-15 22:37:00,7.97,0.2922,0.10784,0.05868,0.05628,0.05558,0.0158,2.7058823529411772e-08,2.171428571428572e-06
1991-05-15 22:38:00,8.52,0.3508,0.11456,0.05642,0.05402,0.05332,0.0158,2.741176470588236e-08,2.1857142857142857e-06
1991-05-15 22:39:00,9.07,0.4094,0.12128,0.05416,0.05176,0.05106,0.0158,2.7294117647058825e-08,2.1857142857142857e-06
1991-05-15 22:40:00,9.62,0.468,0.128,0.0519,0.0495,0.0488,0.0158,2.694117647058824e-08,2.1857142857142857e-06
1991-05-15 22:41:00,9.148,0.4206,0.1244,0.057,0.0501,0.0484,0.0197,2.5176470588235296e-08,2.157142857142857e-06
1991-05-15 22:42:00,8.676,0.3732,0.1208,0.0621,0.0507,0.048,0.0236,2.4352941176470597e-08,2.142857142857143e-06
1991-05-15 22:43:00,8.204,0.3258,0.1172,0.0672,0.0513,0.0476,0.0275,2.3647058823529413e-08,2.1142857142857143e-06
1991-05-15 22:44:00,7.731999999999999,0.2784,0.1136,0.0723,0.0519,0.0472,0.0314,2.3529411764705885e-08,2.1142857142857143e-06
1991-05-15 22:45:00,7.26,0.231,0.11,0.0774,0.0525,0.0468,0.0353,2.2588235294117648e-08,2.1e-06
1991-05-15 22:46:00,7.142,0.223,0.122,0.0716,0.04832,0.0427,0.03118,2.188235294117648e-08,2.0857142857142858e-06
1991-05-15 22:47:00,7.024,0.215,0.134,0.0658,0.04414,0.0386,0.0270599999999999,2.047058823529412e-08,2.0571428571428573e-06
1991-05-15 22:48:00,6.906,0.207,0.146,0.06,0.03996,0.0345,0.0229399999999999,2.0117647058823532e-08,2.042857142857144e-06
1991-05-15 22:49:00,6.788,0.199,0.158,0.0542,0.03578,0.0304,0.0188199999999999,2.0117647058823532e-08,2.028571428571429e-06
1991-05-15 22:50:00,6.67,0.191,0.17,0.0484,0.0316,0.0263,0.0147,1.8705882352941177e-08,2.0142857142857144e-06
1991-05-15 22:51:00,7.616,0.198,0.16,0.0563,0.03808,0.0327,0.02112,1.8705882352941177e-08,2.0142857142857144e-06
1991-05-15 22:52:00,8.562,0.205,0.15,0.0642,0.04456,0.0391,0.02754,1.847058823529412e-08,2.0142857142857144e-06
1991-05-15 22:53:00,9.508,0.212,0.14,0.0721,0.05104,0.0455,0.03396,1.8117647058823527e-08,2e-06
1991-05-15 22:54:00,10.454,0.219,0.13,0.08,0.05752,0.0519,0.04038,1.8000000000000002e-08,2e-06
1991-05-15 22:55:00,11.4,0.226,0.12,0.0879,0.064,0.0583,0.0468,1.7647058823529412e-08,1.985714285714286e-06
1991-05-15 22:56:00,10.846,0.19658,0.1076999999999999,0.07614,0.05654,0.0518599999999999,0.04038,1.8000000000000002e-08,1.985714285714286e-06
1991-05-15 22:57:00,10.292,0.16716,0.0954,0.06438,0.04908,0.04542,0.03396,2e-08,2.042857142857144e-06
1991-05-15 22:58:00,9.738,0.13774,0.0831,0.05262,0.04162,0.03898,0.02754,2.5764705882352945e-08,2.157142857142857e-06
1991-05-15 22:59:00,9.184,0.10832,0.0708,0.04086,0.03416,0.03254,0.02112,4.141176470588236e-08,2.3714285714285714e-06
1991-05-15 23:00:00,8.63,0.0789,0.0585,0.0291,0.0267,0.0261,0.0147,5.5294117647058824e-08,2.642857142857143e-06
1991-05-15 23:01:00,8.788,0.10472,0.06402,0.03412,0.02772,0.02614,0.0147,4.317647058823529e-08,2.557142857142857e-06
1991-05-15 23:02:00,8.946,0.13054,0.06954,0.03914,0.02874,0.02618,0.0147,5.8e-08,2.7e-06
1991-05-15 23:03:00,9.104,0.15636,0.07506,0.04416,0.02976,0.02622,0.0147,7.411764705882353e-08,2.871428571428572e-06
1991-05-15 23:04:00,9.262,0.18218,0.08058,0.04918,0.03078,0.02626,0.0147,6.423529411764705e-08,2.785714285714286e-06
1991-05-15 23:05:00,9.42,0.208,0.0861,0.0542,0.0318,0.0263,0.0147,4.917647058823529e-08,2.671428571428572e-06
1991-05-15 23:06:00,9.068,0.2248,0.0848,0.05304,0.03176,0.0263,0.0147,3.88235294117647e-08,2.5142857142857147e-06
1991-05-15 23:07:00,8.716,0.2415999999999999,0.0835,0.0518799999999999,0.03172,0.0263,0.0147,3.988235294117648e-08,2.485714285714286e-06
1991-05-15 23:08:00,8.364,0.2583999999999999,0.0822,0.05072,0.03168,0.0263,0.0147,3.035294117647059e-08,2.342857142857143e-06
1991-05-15 23:09:00,8.012,0.2752,0.0809,0.04956,0.03164,0.0263,0.0147,2.9294117647058823e-08,2.242857142857143e-06
1991-05-15 23:10:00,7.66,0.292,0.0796,0.0484,0.0316,0.0263,0.0147,2.4941176470588243e-08,2.157142857142857e-06
1991-05-15 23:11:00,7.974,0.2546,0.08062,0.0498199999999999,0.03588,0.03152,0.01994,1.9764705882352945e-08,2.071428571428572e-06
1991-05-15 23:12:00,8.288,0.2171999999999999,0.08164,0.05124,0.04016,0.03674,0.02518,2.047058823529412e-08,2.0571428571428573e-06
1991-05-15 23:13:00,8.602,0.1797999999999999,0.08266,0.05266,0.04444,0.04196,0.0304199999999999,1.9058823529411764e-08,2.0142857142857144e-06
1991-05-15 23:14:00,8.916,0.1423999999999999,0.08368,0.05408,0.04872,0.04718,0.03566,1.7647058823529412e-08,2e-06
1991-05-15 23:15:00,9.23,0.105,0.0847,0.0555,0.053,0.0524,0.0409,1.6823529411764706e-08,1.9571428571428574e-06
1991-05-15 23:16:00,9.584,0.107,0.0867199999999999,0.0575,0.055,0.05436,0.0429,1.6e-08,1.9285714285714285e-06
1991-05-15 23:17:00,9.938,0.109,0.08874,0.0595,0.057,0.05632,0.0449,1.588235294117647e-08,1.9142857142857145e-06
1991-05-15 23:18:00,10.292,0.111,0.09076,0.0615,0.059,0.05828,0.0469,1.5529411764705883e-08,1.9142857142857145e-06
1991-05-15 23:19:00,10.646,0.113,0.09278,0.0635,0.061,0.06024,0.0489,1.5529411764705883e-08,1.9e-06
1991-05-15 23:20:00,11.0,0.115,0.0948,0.0655,0.063,0.0622,0.0509,1.4823529411764708e-08,1.8714285714285715e-06
1991-05-15 23:21:00,10.8,0.1304,0.1102399999999999,0.081,0.0784,0.07776,0.05408,1.623529411764706e-08,1.9142857142857145e-06
1991-05-15 23:22:00,10.6,0.1458,0.12568,0.0965,0.0938,0.09332,0.05726,1.9647058823529413e-08,2e-06
1991-05-15 23:23:00,10.4,0.1612,0.14112,0.1119999999999999,0.1092,0.10888,0.06044,2.8823529411764708e-08,2.1857142857142857e-06
1991-05-15 23:24:00,10.2,0.1766,0.1565599999999999,0.1275,0.1246,0.12444,0.06362,3.741176470588235e-08,2.3714285714285714e-06
1991-05-15 23:25:00,10.0,0.192,0.172,0.143,0.14,0.14,0.0668,3.776470588235296e-08,2.385714285714286e-06
1991-05-15 23:26:00,9.57,0.1952,0.1548199999999999,0.12524,0.11836,0.11726,0.05638,4.011764705882353e-08,2.4000000000000003e-06
1991-05-15 23:27:00,9.14,0.1984,0.1376399999999999,0.1074799999999999,0.09672,0.09452,0.04596,4.458823529411765e-08,2.428571428571429e-06
1991-05-15 23:28:00,8.71,0.2016,0.12046,0.08972,0.07508,0.07178,0.0355399999999999,4.8352941176470593e-08,2.485714285714286e-06
1991-05-15 23:29:00,8.28,0.2047999999999999,0.10328,0.07196,0.05344,0.04904,0.0251199999999999,4.917647058823529e-08,2.5285714285714287e-06
1991-05-15 23:30:00,7.85,0.208,0.0861,0.0542,0.0318,0.0263,0.0147,4.6235294117647064e-08,2.5285714285714287e-06
1991-05-15 23:31:00,8.006,0.2017999999999999,0.10008,0.06876,0.05024,0.04584,0.02164,4.141176470588236e-08,2.485714285714286e-06
1991-05-15 23:32:00,8.162,0.1956,0.11406,0.08332,0.06868,0.06538,0.02858,3.6000000000000005e-08,2.428571428571429e-06
1991-05-15 23:33:00,8.318,0.1893999999999999,0.12804,0.09788,0.08712,0.08492,0.0355199999999999,3.23529411764706e-08,2.3714285714285714e-06
1991-05-15 23:34:00,8.474,0.1832,0.14202,0.11244,0.10556,0.10446,0.04246,2.8352941176470596e-08,2.328571428571429e-06
1991-05-15 23:35:00,8.63,0.177,0.156,0.127,0.124,0.124,0.0494,2.6470588235294123e-08,2.2714285714285715e-06
1991-05-15 23:36:00,8.63,0.2226,0.1564,0.10674,0.10386,0.10374,0.04178,2.4941176470588243e-08,2.228571428571429e-06
1991-05-15 23:37:00,8.63,0.2682,0.1568,0.08648,0.08372,0.08348,0.0341599999999999,2.4705882352941177e-08,2.228571428571429e-06
1991-05-15 23:38:00,8.63,0.3138,0.1572,0.06622,0.06358,0.06322,0.02654,2.4352941176470597e-08,2.2142857142857146e-06
1991-05-15 23:39:00,8.63,0.3594,0.1576,0.04596,0.04344,0.04296,0.01892,2.2588235294117648e-08,2.1857142857142857e-06
1991-05-15 23:40:00,8.63,0.405,0.158,0.0257,0.0233,0.0227,0.0113,2.1176470588235293e-08,2.142857142857143e-06
1991-05-15 23:41:00,8.512,0.3604,0.13846,0.02638,0.02398,0.02338,0.01198,2.0117647058823532e-08,2.1142857142857143e-06
1991-05-15 23:42:00,8.394,0.3158,0.11892,0.02706,0.02466,0.02406,0.01266,2e-08,2.1e-06
1991-05-15 23:43:00,8.276,0.2712,0.09938,0.02774,0.02534,0.02474,0.01334,1.9529411764705882e-08,2.071428571428572e-06
1991-05-15 23:44:00,8.158,0.2266,0.07984,0.02842,0.02602,0.02542,0.01402,1.9529411764705882e-08,2.0571428571428573e-06
1991-05-15 23:45:00,8.04,0.182,0.0603,0.0291,0.0267,0.0261,0.0147,2.0823529411764706e-08,2.0857142857142858e-06
1991-05-15 23:46:00,8.511999999999999,0.2868,0.1106399999999999,0.04908,0.04028,0.03494,0.01758,2.2705882352941186e-08,2.1142857142857143e-06
1991-05-15 23:47:00,8.984,0.3916,0.1609799999999999,0.06906,0.05386,0.04378,0.02046,2.4235294117647066e-08,2.171428571428572e-06
1991-05-15 23:48:00,9.456,0.4964,0.2113199999999999,0.08904,0.06744,0.05262,0.02334,2.6235294117647064e-08,2.2e-06
1991-05-15 23:49:00,9.928,0.6012,0.26166,0.10902,0.08102,0.06146,0.02622,2.941176470588235e-08,2.2857142857142856e-06
1991-05-15 23:50:00,10.4,0.706,0.312,0.129,0.0946,0.0703,0.0291,3.3294117647058826e-08,2.385714285714286e-06
1991-05-15 23:51:00,10.166,0.6564,0.2806,0.10902,0.08102,0.06146,0.02622,3.7647058823529416e-08,2.485714285714286e-06
1991-05-15 23:52:00,9.932,0.6068,0.2492,0.08904,0.06744,0.05262,0.02334,4.352941176470589e-08,2.6e-06
1991-05-15 23:53:00,9.698,0.5571999999999999,0.2178,0.06906,0.05386,0.04378,0.02046,4.576470588235295e-08,2.685714285714286e-06
1991-05-15 23:54:00,9.464,0.5076,0.1864,0.04908,0.04028,0.03494,0.01758,4.658823529411765e-08,2.7142857142857144e-06
1991-05-15 23:55:00,9.23,0.458,0.155,0.0291,0.0267,0.0261,0.0147,4.658823529411765e-08,2.7285714285714285e-06
1991-05-15 23:56:00,9.384,0.4036,0.1367,0.02976,0.02736,0.02674,0.01534,4.4705882352941184e-08,2.7142857142857144e-06
1991-05-15 23:57:00,9.538,0.3492,0.1184,0.03042,0.02802,0.02738,0.01598,4.352941176470589e-08,2.7e-06
1991-05-15 23:58:00,9.692,0.2948,0.1001,0.03108,0.02868,0.02802,0.01662,4.094117647058824e-08,2.657142857142857e-06
1991-05-15 23:59:00,9.846,0.2404,0.0818,0.03174,0.0293399999999999,0.02866,0.0172599999999999,3.941176470588237e-08,2.628571428571429e-06
1991-05-16 00:00:00,10.0,0.186,0.0635,0.0324,0.03,0.0293,0.0179,3.752941176470589e-08,2.6e-06
1991-05-16 00:01:00,9.452,0.1946,0.0628,0.03174,0.0293399999999999,0.02866,0.0172599999999999,3.564705882352941e-08,2.571428571428572e-06
1991-05-16 00:02:00,8.904,0.2032,0.0621,0.03108,0.02868,0.02802,0.01662,3.4352941176470594e-08,2.5428571428571427e-06
1991-05-16 00:03:00,8.356,0.2118,0.0613999999999999,0.03042,0.02802,0.02738,0.01598,3.247058823529412e-08,2.5142857142857147e-06
1991-05-16 00:04:00,7.808,0.2204,0.0607,0.02976,0.02736,0.02674,0.01534,3.0000000000000004e-08,2.4571428571428573e-06
1991-05-16 00:05:00,7.26,0.229,0.06,0.0291,0.0267,0.0261,0.0147,2.9058823529411764e-08,2.428571428571429e-06
1991-05-16 00:06:00,7.612,0.2376,0.05996,0.0291,0.0267,0.0261,0.0147,2.7176470588235294e-08,2.4000000000000003e-06
1991-05-16 00:07:00,7.963999999999999,0.2462,0.05992,0.0291,0.0267,0.0261,0.0147,2.6352941176470588e-08,2.385714285714286e-06
1991-05-16 00:08:00,8.315999999999999,0.2548,0.0598799999999999,0.0291,0.0267,0.0261,0.0147,2.5529411764705883e-08,2.342857142857143e-06
1991-05-16 00:09:00,8.668,0.2634,0.05984,0.0291,0.0267,0.0261,0.0147,2.4235294117647066e-08,2.342857142857143e-06
1991-05-16 00:10:00,9.02,0.272,0.0598,0.0291,0.0267,0.0261,0.0147,2.3294117647058826e-08,2.3e-06
1991-05-16 00:11:00,8.982,0.2932,0.06984,0.02796,0.02556,0.02494,0.01355,2.2823529411764704e-08,2.2857142857142856e-06
1991-05-16 00:12:00,8.943999999999999,0.3144,0.07988,0.02682,0.02442,0.02378,0.0124,2.1176470588235293e-08,2.257142857142857e-06
1991-05-16 00:13:00,8.906,0.3356,0.08992,0.02568,0.02328,0.02262,0.01125,2e-08,2.242857142857143e-06
1991-05-16 00:14:00,8.868,0.3568,0.09996,0.02454,0.02214,0.02146,0.0101,2.0117647058823532e-08,2.2142857142857146e-06
1991-05-16 00:15:00,8.83,0.378,0.11,0.0234,0.021,0.0203,0.00895,1.9529411764705882e-08,2.2e-06
1991-05-16 00:16:00,8.91,0.4298,0.1284,0.0307199999999999,0.0283,0.0276399999999999,0.01628,1.8941176470588242e-08,2.2e-06
1991-05-16 00:17:00,8.99,0.4816,0.1468,0.03804,0.0356,0.03498,0.02361,1.776470588235294e-08,2.157142857142857e-06
1991-05-16 00:18:00,9.07,0.5334,0.1652,0.04536,0.0429,0.04232,0.03094,1.7647058823529412e-08,2.157142857142857e-06
1991-05-16 00:19:00,9.15,0.5851999999999999,0.1836,0.0526799999999999,0.0502,0.04966,0.03827,1.7058823529411766e-08,2.1285714285714287e-06
1991-05-16 00:20:00,9.23,0.637,0.202,0.06,0.0575,0.057,0.0456,1.7058823529411766e-08,2.1285714285714287e-06
1991-05-16 00:21:00,9.308,0.552,0.17958,0.05948,0.05134,0.0498,0.038376,1.729411764705882e-08,2.1142857142857143e-06
1991-05-16 00:22:00,9.386,0.4669999999999999,0.15716,0.05896,0.04518,0.0426,0.031152,1.8000000000000002e-08,2.1142857142857143e-06
1991-05-16 00:23:00,9.464,0.382,0.13474,0.05844,0.03902,0.0354,0.023928,1.776470588235294e-08,2.1285714285714287e-06
1991-05-16 00:24:00,9.542,0.297,0.11232,0.05792,0.03286,0.0282,0.016704,1.6823529411764706e-08,2.1e-06
1991-05-16 00:25:00,9.62,0.212,0.0899,0.0574,0.0267,0.021,0.00948,1.5764705882352942e-08,2.1e-06
1991-05-16 00:26:00,9.422,0.2077999999999999,0.10592,0.0556,0.02768,0.02206,0.010524,1.5411764705882355e-08,2.0571428571428573e-06
1991-05-16 00:27:00,9.224,0.2036,0.1219399999999999,0.0538,0.02866,0.02312,0.011568,1.4588235294117648e-08,2.028571428571429e-06
1991-05-16 00:28:00,9.026,0.1994,0.13796,0.052,0.02964,0.02418,0.012612,1.423529411764706e-08,2.0142857142857144e-06
1991-05-16 00:29:00,8.828000000000001,0.1952,0.15398,0.0502,0.03062,0.02524,0.013656,1.4117647058823533e-08,2e-06
1991-05-16 00:30:00,8.63,0.191,0.17,0.0484,0.0316,0.0263,0.0147,1.3176470588235294e-08,1.9714285714285714e-06
1991-05-16 00:31:00,8.474,0.1732,0.15226,0.0491,0.03518,0.0308,0.01492,1.3882352941176472e-08,1.9714285714285714e-06
1991-05-16 00:32:00,8.318,0.1553999999999999,0.13452,0.0498,0.03876,0.0353,0.01514,1.4e-08,1.9714285714285714e-06
1991-05-16 00:33:00,8.162,0.1376,0.11678,0.0505,0.04234,0.0398,0.01536,1.423529411764706e-08,1.9571428571428574e-06
1991-05-16 00:34:00,8.006,0.1197999999999999,0.09904,0.0512,0.04592,0.0443,0.01558,1.4117647058823533e-08,1.9714285714285714e-06
1991-05-16 00:35:00,7.85,0.102,0.0813,0.0519,0.0495,0.0488,0.0158,1.3882352941176472e-08,1.9571428571428574e-06
1991-05-16 00:36:00,7.691999999999999,0.2445999999999999,0.12344,0.05348,0.04766,0.046,0.01728,1.3647058823529413e-08,1.9571428571428574e-06
1991-05-16 00:37:00,7.534,0.3872,0.16558,0.05506,0.04582,0.0432,0.01876,1.3411764705882352e-08,1.942857142857143e-06
1991-05-16 00:38:00,7.375999999999999,0.5298,0.2077199999999999,0.0566399999999999,0.04398,0.0404,0.02024,1.3411764705882352e-08,1.9285714285714285e-06
1991-05-16 00:39:00,7.218,0.6724,0.2498599999999999,0.05822,0.04214,0.0375999999999999,0.02172,1.2352941176470589e-08,1.9142857142857145e-06
1991-05-16 00:40:00,7.06,0.815,0.292,0.0598,0.0403,0.0348,0.0232,1.3058823529411765e-08,1.9142857142857145e-06
1991-05-16 00:41:00,7.494,0.6766,0.2542,0.06082,0.04474,0.0402,0.02172,1.2823529411764704e-08,1.9142857142857145e-06
1991-05-16 00:42:00,7.928,0.5382,0.2163999999999999,0.06184,0.04918,0.0456,0.02024,1.3294117647058824e-08,1.9142857142857145e-06
1991-05-16 00:43:00,8.362,0.3997999999999999,0.1785999999999999,0.06286,0.05362,0.051,0.01876,1.4e-08,1.942857142857143e-06
1991-05-16 00:44:00,8.796,0.2613999999999999,0.1407999999999999,0.0638799999999999,0.05806,0.0564,0.01728,1.4705882352941176e-08,1.9571428571428574e-06
1991-05-16 00:45:00,9.23,0.123,0.103,0.0649,0.0625,0.0618,0.0158,1.4470588235294118e-08,1.9714285714285714e-06
1991-05-16 00:46:00,9.268,0.1159,0.09582,0.05946,0.05706,0.05636,0.01728,1.5411764705882355e-08,1.9714285714285714e-06
1991-05-16 00:47:00,9.306,0.1088,0.08864,0.05402,0.05162,0.05092,0.01876,1.5294117647058823e-08,1.985714285714286e-06
1991-05-16 00:48:00,9.344,0.1017,0.08146,0.04858,0.04618,0.04548,0.02024,1.5764705882352942e-08,2.0142857142857144e-06
1991-05-16 00:49:00,9.382,0.0945999999999999,0.07428,0.04314,0.04074,0.04004,0.02172,1.5176470588235296e-08,1.985714285714286e-06
1991-05-16 00:50:00,9.42,0.0875,0.0671,0.0377,0.0353,0.0346,0.0232,1.2823529411764704e-08,1.9285714285714285e-06
1991-05-16 00:51:00,9.344,0.1043999999999999,0.0668,0.0370599999999999,0.0346599999999999,0.03396,0.02256,1.2588235294117648e-08,1.9142857142857145e-06
1991-05-16 00:52:00,9.268,0.1212999999999999,0.0665,0.03642,0.0340199999999999,0.0333199999999999,0.02192,1.2588235294117648e-08,1.9e-06
1991-05-16 00:53:00,9.192,0.1382,0.0662,0.03578,0.03338,0.03268,0.02128,1.2e-08,1.8714285714285715e-06
1991-05-16 00:54:00,9.116,0.1551,0.0659,0.03514,0.03274,0.03204,0.02064,1.188235294117647e-08,1.8714285714285715e-06
1991-05-16 00:55:00,9.04,0.172,0.0656,0.0345,0.0321,0.0314,0.02,1.2117647058823533e-08,1.8714285714285715e-06
1991-05-16 00:56:00,8.594,0.1560599999999999,0.06686,0.03342,0.03102,0.03034,0.01894,1.1423529411764706e-08,1.8714285714285715e-06
1991-05-16 00:57:00,8.148,0.14012,0.06812,0.03234,0.0299399999999999,0.02928,0.01788,1.1447058823529413e-08,1.8714285714285715e-06
1991-05-16 00:58:00,7.702,0.1241799999999999,0.06938,0.03126,0.02886,0.02822,0.01682,1.1658823529411764e-08,1.8571428571428573e-06
1991-05-16 00:59:00,7.255999999999999,0.1082399999999999,0.07064,0.03018,0.02778,0.02716,0.01576,1.2e-08,1.8285714285714288e-06
1991-05-16 01:00:00,6.81,0.0923,0.0719,0.0291,0.0267,0.0261,0.0147,1.1364705882352942e-08,1.8285714285714288e-06
1991-05-16 01:01:00,7.332,0.15764,0.09672,0.05008,0.04776,0.04708,0.02506,1.188235294117647e-08,1.8285714285714288e-06
1991-05-16 01:02:00,7.853999999999999,0.2229799999999999,0.12154,0.07106,0.06882,0.06806,0.03542,1.3294117647058824e-08,1.8571428571428573e-06
1991-05-16 01:03:00,8.376,0.2883199999999999,0.14636,0.09204,0.08988,0.08904,0.04578,1.4117647058823533e-08,1.8714285714285715e-06
1991-05-16 01:04:00,8.898,0.35366,0.17118,0.11302,0.11094,0.11002,0.05614,1.3882352941176472e-08,1.8714285714285715e-06
1991-05-16 01:05:00,9.42,0.419,0.196,0.134,0.132,0.131,0.0665,1.3529411764705885e-08,1.8714285714285715e-06
1991-05-16 01:06:00,9.184,0.381,0.1688,0.11302,0.11094,0.11002,0.05614,1.4470588235294118e-08,1.8714285714285715e-06
1991-05-16 01:07:00,8.948,0.3429999999999999,0.1416,0.09204,0.08988,0.08904,0.04578,1.4823529411764708e-08,1.885714285714286e-06
1991-05-16 01:08:00,8.712,0.305,0.1144,0.07106,0.0688199999999999,0.06806,0.03542,1.4470588235294118e-08,1.885714285714286e-06
1991-05-16 01:09:00,8.476,0.267,0.0872,0.05008,0.04776,0.04708,0.02506,1.423529411764706e-08,1.8714285714285715e-06
1991-05-16 01:10:00,8.24,0.229,0.06,0.0291,0.0267,0.0261,0.0147,1.423529411764706e-08,1.885714285714286e-06
1991-05-16 01:11:00,8.516,0.20288,0.0636,0.033,0.0306,0.02998,0.01858,1.4352941176470588e-08,1.8714285714285715e-06
1991-05-16 01:12:00,8.792,0.17676,0.0672,0.0369,0.0345,0.03386,0.02246,1.4705882352941176e-08,1.8714285714285715e-06
1991-05-16 01:13:00,9.068,0.15064,0.0708,0.0408,0.0384,0.0377399999999999,0.02634,1.5176470588235296e-08,1.8714285714285715e-06
1991-05-16 01:14:00,9.344,0.12452,0.0744,0.0447,0.0423,0.04162,0.03022,1.4941176470588236e-08,1.885714285714286e-06
1991-05-16 01:15:00,9.62,0.0984,0.078,0.0486,0.0462,0.0455,0.0341,1.4588235294117648e-08,1.8714285714285715e-06
1991-05-16 01:16:00,9.816,0.14112,0.07434,0.0447,0.0423,0.04162,0.0302199999999999,1.4117647058823533e-08,1.8714285714285715e-06
1991-05-16 01:17:00,10.012,0.18384,0.07068,0.0407999999999999,0.0384,0.03774,0.02634,1.3647058823529413e-08,1.8571428571428573e-06
1991-05-16 01:18:00,10.208,0.2265599999999999,0.06702,0.0369,0.0345,0.03386,0.0224599999999999,1.3647058823529413e-08,1.8285714285714288e-06
1991-05-16 01:19:00,10.404,0.26928,0.06336,0.033,0.0306,0.02998,0.01858,1.3294117647058824e-08,1.8285714285714288e-06
1991-05-16 01:20:00,10.6,0.312,0.0597,0.0291,0.0267,0.0261,0.0147,1.2588235294117648e-08,1.8285714285714288e-06
1991-05-16 01:21:00,10.404,0.3366,0.10016,0.05108,0.04114,0.03452,0.01658,1.2352941176470589e-08,1.8285714285714288e-06
1991-05-16 01:22:00,10.208,0.3612,0.14062,0.07306,0.05558,0.04294,0.01846,1.188235294117647e-08,1.785714285714286e-06
1991-05-16 01:23:00,10.012,0.3858,0.18108,0.09504,0.07002,0.05136,0.02034,1.163529411764706e-08,1.7714285714285714e-06
1991-05-16 01:24:00,9.816,0.4104,0.22154,0.11702,0.08446,0.05978,0.02222,1.1658823529411764e-08,1.7714285714285714e-06
1991-05-16 01:25:00,9.62,0.435,0.262,0.139,0.0989,0.0682,0.0241,1.1576470588235296e-08,1.7714285714285714e-06
1991-05-16 01:26:00,9.58,0.4256,0.2438,0.11894,0.08638,0.0617,0.0241399999999999,1.163529411764706e-08,1.7714285714285714e-06
1991-05-16 01:27:00,9.54,0.4162,0.2256,0.09888,0.07386,0.0552,0.02418,1.0952941176470593e-08,1.7714285714285714e-06
1991-05-16 01:28:00,9.5,0.4068,0.2074,0.07882,0.06134,0.0487,0.02422,1.1470588235294118e-08,1.7714285714285714e-06
1991-05-16 01:29:00,9.46,0.3974,0.1892,0.05876,0.04882,0.0422,0.02426,1.188235294117647e-08,1.7714285714285714e-06
1991-05-16 01:30:00,9.42,0.388,0.171,0.0387,0.0363,0.0357,0.0243,1.1105882352941178e-08,1.742857142857143e-06
1991-05-16 01:31:00,8.792,0.3562,0.1488,0.03678,0.03438,0.03378,0.0223799999999999,1.163529411764706e-08,1.7285714285714287e-06
1991-05-16 01:32:00,8.164,0.3244,0.1266,0.03486,0.03246,0.03186,0.02046,1.1423529411764706e-08,1.7285714285714287e-06
1991-05-16 01:33:00,7.536,0.2925999999999999,0.1043999999999999,0.03294,0.03054,0.02994,0.01854,1.1035294117647062e-08,1.7285714285714287e-06
1991-05-16 01:34:00,6.908,0.2608,0.0822,0.03102,0.02862,0.02802,0.01662,1.1152941176470588e-08,1.7285714285714287e-06
1991-05-16 01:35:00,6.28,0.229,0.06,0.0291,0.0267,0.0261,0.0147,1.1764705882352942e-08,1.7571428571428574e-06
1991-05-16 01:36:00,7.064,0.2428,0.06514,0.03412,0.02772,0.02614,0.0147,1.188235294117647e-08,1.7714285714285714e-06
1991-05-16 01:37:00,7.848,0.2566,0.07028,0.03914,0.02874,0.02618,0.0147,1.223529411764706e-08,1.785714285714286e-06
1991-05-16 01:38:00,8.632,0.2704,0.07542,0.04416,0.02976,0.02622,0.0147,1.3058823529411765e-08,1.8142857142857144e-06
1991-05-16 01:39:00,9.416,0.2842,0.0805599999999999,0.04918,0.03078,0.02626,0.0147,1.3411764705882352e-08,1.8285714285714288e-06
1991-05-16 01:40:00,10.2,0.298,0.0857,0.0542,0.0318,0.0263,0.0147,1.5411764705882355e-08,1.8428571428571428e-06
1991-05-16 01:41:00,10.044,0.2928,0.08052,0.04918,0.03078,0.02626,0.0147,1.4e-08,1.8428571428571428e-06
1991-05-16 01:42:00,9.888,0.2876,0.07534,0.04416,0.02976,0.02622,0.0147,1.3882352941176472e-08,1.8285714285714288e-06
1991-05-16 01:43:00,9.732,0.2824,0.07016,0.03914,0.02874,0.02618,0.0147,1.423529411764706e-08,1.8428571428571428e-06
1991-05-16 01:44:00,9.576,0.2772,0.06498,0.03412,0.02772,0.02614,0.0147,1.3882352941176472e-08,1.8714285714285715e-06
1991-05-16 01:45:00,9.42,0.272,0.0598,0.0291,0.0267,0.0261,0.0147,1.4588235294117648e-08,1.8571428571428573e-06
1991-05-16 01:46:00,9.776,0.2694,0.0608999999999999,0.03018,0.02778,0.02716,0.01576,1.3176470588235294e-08,1.8428571428571428e-06
1991-05-16 01:47:00,10.132,0.2668,0.062,0.03126,0.02886,0.02822,0.01682,1.3882352941176472e-08,1.8285714285714288e-06
1991-05-16 01:48:00,10.488,0.2642,0.0631,0.03234,0.0299399999999999,0.02928,0.01788,1.2823529411764704e-08,1.8285714285714288e-06
1991-05-16 01:49:00,10.844,0.2616,0.0642,0.03342,0.03102,0.03034,0.01894,1.3176470588235294e-08,1.8285714285714288e-06
1991-05-16 01:50:00,11.2,0.259,0.0653,0.0345,0.0321,0.0314,0.02,1.4e-08,1.8285714285714288e-06
1991-05-16 01:51:00,10.134,0.2464,0.06994,0.0391,0.0366999999999999,0.0360199999999999,0.02012,1.623529411764706e-08,1.8714285714285715e-06
1991-05-16 01:52:00,9.068,0.2338,0.07458,0.0437,0.0413,0.0406399999999999,0.02024,1.941176470588235e-08,1.9142857142857145e-06
1991-05-16 01:53:00,8.001999999999999,0.2212,0.07922,0.0483,0.0459,0.04526,0.02036,2.2117647058823533e-08,1.9714285714285714e-06
1991-05-16 01:54:00,6.936,0.2086,0.0838599999999999,0.0529,0.0505,0.04988,0.02048,2.0117647058823532e-08,1.9714285714285714e-06
1991-05-16 01:55:00,5.87,0.196,0.0885,0.0575,0.0551,0.0545,0.0206,1.7647058823529412e-08,1.9571428571428574e-06
1991-05-16 01:56:00,6.936,0.3262,0.1326,0.0664,0.06394,0.06332,0.02612,1.6352941176470588e-08,1.9285714285714285e-06
1991-05-16 01:57:00,8.001999999999999,0.4564,0.1767,0.0753,0.07278,0.07214,0.03164,1.623529411764706e-08,1.9142857142857145e-06
1991-05-16 01:58:00,9.068,0.5866,0.2208,0.0842,0.08162,0.0809599999999999,0.03716,1.4941176470588236e-08,1.8714285714285715e-06
1991-05-16 01:59:00,10.134,0.7168000000000001,0.2649,0.0930999999999999,0.09046,0.08978,0.0426799999999999,1.3764705882352942e-08,1.8285714285714288e-06
1991-05-16 02:00:00,11.2,0.847,0.309,0.102,0.0993,0.0986,0.0482,1.4588235294117648e-08,1.8428571428571428e-06
1991-05-16 02:01:00,10.924,0.77,0.26076,0.08914,0.0865,0.0857999999999999,0.0432,1.564705882352941e-08,1.8428571428571428e-06
1991-05-16 02:02:00,10.648,0.6930000000000001,0.21252,0.0762799999999999,0.0737,0.073,0.0382,1.564705882352941e-08,1.8714285714285715e-06
1991-05-16 02:03:00,10.372,0.616,0.16428,0.0634199999999999,0.0608999999999999,0.0601999999999999,0.0332,1.5764705882352942e-08,1.8714285714285715e-06
1991-05-16 02:04:00,10.096,0.539,0.11604,0.0505599999999999,0.0481,0.0473999999999999,0.0282,1.4823529411764708e-08,1.8714285714285715e-06
1991-05-16 02:05:00,9.82,0.462,0.0678,0.0377,0.0353,0.0346,0.0232,1.564705882352941e-08,1.885714285714286e-06
1991-05-16 02:06:00,10.436,0.4416,0.06616,0.03598,0.03358,0.0329,0.0215,1.6823529411764706e-08,1.9142857142857145e-06
1991-05-16 02:07:00,11.052,0.4212,0.06452,0.03426,0.03186,0.0312,0.0197999999999999,1.6470588235294116e-08,1.9142857142857145e-06
1991-05-16 02:08:00,11.668,0.4008,0.06288,0.03254,0.03014,0.0295,0.0180999999999999,1.6352941176470588e-08,1.9142857142857145e-06
1991-05-16 02:09:00,12.284,0.3803999999999999,0.06124,0.03082,0.02842,0.0278,0.0163999999999999,1.588235294117647e-08,1.9142857142857145e-06
1991-05-16 02:10:00,12.9,0.36,0.0596,0.0291,0.0267,0.0261,0.0147,1.6352941176470588e-08,1.9142857142857145e-06
1991-05-16 02:11:00,11.81,0.3658,0.09628,0.06528,0.05216,0.04688,0.02622,1.6e-08,1.9142857142857145e-06
1991-05-16 02:12:00,10.72,0.3716,0.13296,0.10146,0.07762,0.06766,0.03774,1.6e-08,1.9142857142857145e-06
1991-05-16 02:13:00,9.63,0.3774,0.16964,0.13764,0.10308,0.08844,0.04926,1.588235294117647e-08,1.9e-06
1991-05-16 02:14:00,8.54,0.3832,0.20632,0.17382,0.12854,0.10922,0.06078,1.4470588235294118e-08,1.8714285714285715e-06
1991-05-16 02:15:00,7.45,0.389,0.243,0.21,0.154,0.13,0.0723,1.3764705882352942e-08,1.8571428571428573e-06
1991-05-16 02:16:00,7.726,0.4602,0.2502,0.17964,0.12958,0.10926,0.06078,1.3529411764705885e-08,1.8285714285714288e-06
1991-05-16 02:17:00,8.002,0.5314,0.2574,0.14928,0.10516,0.08852,0.04926,1.223529411764706e-08,1.8285714285714288e-06
1991-05-16 02:18:00,8.278,0.6026,0.2646,0.11892,0.0807399999999999,0.06778,0.03774,1.3294117647058824e-08,1.8285714285714288e-06
1991-05-16 02:19:00,8.554,0.6738,0.2718,0.08856,0.0563199999999999,0.04704,0.02622,1.2470588235294118e-08,1.8142857142857144e-06
1991-05-16 02:20:00,8.83,0.745,0.279,0.0582,0.0319,0.0263,0.0147,1.2823529411764704e-08,1.8285714285714288e-06
1991-05-16 02:21:00,8.554,0.672,0.24114,0.0582,0.0319,0.0263,0.0147,1.3058823529411765e-08,1.8285714285714288e-06
1991-05-16 02:22:00,8.278,0.599,0.20328,0.0582,0.0319,0.0263,0.0147,1.2823529411764704e-08,1.8285714285714288e-06
1991-05-16 02:23:00,8.002,0.526,0.16542,0.0582,0.0319,0.0263,0.0147,1.2823529411764704e-08,1.8285714285714288e-06
1991-05-16 02:24:00,7.726,0.453,0.12756,0.0582,0.0319,0.0263,0.0147,1.3529411764705885e-08,1.8285714285714288e-06
1991-05-16 02:25:00,7.45,0.38,0.0897,0.0582,0.0319,0.0263,0.0147,1.2705882352941176e-08,1.8285714285714288e-06
1991-05-16 02:26:00,7.844,0.3484,0.11216,0.07816,0.05672,0.05204,0.02648,1.2470588235294118e-08,1.8285714285714288e-06
1991-05-16 02:27:00,8.238,0.3167999999999999,0.13462,0.09812,0.08154,0.07778,0.03826,1.2470588235294118e-08,1.8142857142857144e-06
1991-05-16 02:28:00,8.632,0.2852,0.15708,0.1180799999999999,0.10636,0.10352,0.05004,1.2117647058823533e-08,1.8142857142857144e-06
1991-05-16 02:29:00,9.026,0.2536,0.17954,0.13804,0.13118,0.12926,0.06182,1.188235294117647e-08,1.785714285714286e-06
1991-05-16 02:30:00,9.42,0.222,0.202,0.158,0.156,0.155,0.0736,1.188235294117647e-08,1.7714285714285714e-06
1991-05-16 02:31:00,9.144,0.19338,0.1733,0.13222,0.13014,0.12922,0.06182,1.0858823529411766e-08,1.7714285714285714e-06
1991-05-16 02:32:00,8.868,0.16476,0.1446,0.1064399999999999,0.10428,0.10344,0.05004,1.0952941176470593e-08,1.7571428571428574e-06
1991-05-16 02:33:00,8.591999999999999,0.13614,0.1159,0.0806599999999999,0.0784199999999999,0.07766,0.0382599999999999,1.0752941176470588e-08,1.742857142857143e-06
1991-05-16 02:34:00,8.315999999999999,0.10752,0.0872,0.0548799999999999,0.0525599999999999,0.05188,0.0264799999999999,1.3882352941176472e-08,1.7714285714285714e-06
1991-05-16 02:35:00,8.04,0.0789,0.0585,0.0291,0.0267,0.0261,0.0147,1.752941176470588e-08,1.785714285714286e-06
1991-05-16 02:36:00,8.395999999999999,0.19652,0.0728,0.0291,0.0267,0.0261,0.0147,1.752941176470588e-08,1.8e-06
1991-05-16 02:37:00,8.751999999999999,0.31414,0.0871,0.0291,0.0267,0.0261,0.0147,1.6588235294117647e-08,1.785714285714286e-06
1991-05-16 02:38:00,9.108,0.43176,0.1014,0.0291,0.0267,0.0261,0.0147,1.5294117647058823e-08,1.785714285714286e-06
1991-05-16 02:39:00,9.464,0.5493800000000001,0.1157,0.0291,0.0267,0.0261,0.0147,1.5529411764705883e-08,1.7714285714285714e-06
1991-05-16 02:40:00,9.82,0.667,0.13,0.0291,0.0267,0.0261,0.0147,1.4823529411764708e-08,1.7714285714285714e-06
1991-05-16 02:41:00,9.19,0.667,0.13,0.0291,0.0267,0.0261,0.0147,1.3411764705882352e-08,1.742857142857143e-06
1991-05-16 02:42:00,8.56,0.667,0.13,0.0291,0.0267,0.0261,0.0147,1.2705882352941176e-08,1.7285714285714287e-06
1991-05-16 02:43:00,7.93,0.667,0.13,0.0291,0.0267,0.0261,0.0147,1.2117647058823533e-08,1.7285714285714287e-06
1991-05-16 02:44:00,7.3,0.667,0.13,0.0291,0.0267,0.0261,0.0147,1.188235294117647e-08,1.7285714285714287e-06
1991-05-16 02:45:00,6.67,0.667,0.13,0.0291,0.0267,0.0261,0.0147,1.1282352941176472e-08,1.7142857142857145e-06
1991-05-16 02:46:00,6.748,0.7616,0.1668,0.03784,0.03184,0.03024,0.01882,1.0482352941176473e-08,1.6857142857142858e-06
1991-05-16 02:47:00,6.826,0.8562,0.2036,0.04658,0.03698,0.03438,0.02294,1.0529411764705884e-08,1.6857142857142858e-06
1991-05-16 02:48:00,6.904,0.9508,0.2404,0.05532,0.04212,0.03852,0.02706,9.564705882352944e-09,1.6714285714285715e-06
1991-05-16 02:49:00,6.981999999999999,1.0454,0.2772,0.06406,0.04726,0.04266,0.03118,9.129411764705882e-09,1.6428571428571429e-06
1991-05-16 02:50:00,7.06,1.14,0.314,0.0728,0.0524,0.0468,0.0353,8.458823529411765e-09,1.6428571428571429e-06
1991-05-16 02:51:00,7.06,1.0516,0.3056,0.06872,0.04828,0.0427,0.03118,8.858823529411765e-09,1.6428571428571429e-06
1991-05-16 02:52:00,7.06,0.9632,0.2972,0.06464,0.04416,0.0386,0.0270599999999999,9.811764705882354e-09,1.657142857142857e-06
1991-05-16 02:53:00,7.06,0.8747999999999999,0.2888,0.06056,0.04004,0.0345,0.0229399999999999,1.0952941176470593e-08,1.6857142857142858e-06
1991-05-16 02:54:00,7.06,0.7864,0.2804,0.05648,0.03592,0.0304,0.0188199999999999,1.223529411764706e-08,1.7285714285714287e-06
1991-05-16 02:55:00,7.06,0.698,0.272,0.0524,0.0318,0.0263,0.0147,1.223529411764706e-08,1.7285714285714287e-06
1991-05-16 02:56:00,7.334,0.6376,0.2676,0.07332,0.05624,0.05184,0.02648,1.2705882352941176e-08,1.7285714285714287e-06
1991-05-16 02:57:00,7.608,0.5771999999999999,0.2632,0.09424,0.08068,0.07738,0.03826,1.1552941176470588e-08,1.7285714285714287e-06
1991-05-16 02:58:00,7.882,0.5167999999999999,0.2588,0.11516,0.1051199999999999,0.10292,0.05004,1.0270588235294117e-08,1.6857142857142858e-06
1991-05-16 02:59:00,8.155999999999999,0.4564,0.2544,0.13608,0.12956,0.12846,0.06182,8.76470588235294e-09,1.657142857142857e-06
1991-05-16 03:00:00,8.43,0.396,0.25,0.157,0.154,0.154,0.0736,8.658823529411765e-09,1.6428571428571429e-06
1991-05-16 03:01:00,8.47,0.4374,0.2274,0.13314,0.13026,0.1301199999999999,0.06352,7.858823529411764e-09,1.6142857142857144e-06
1991-05-16 03:02:00,8.51,0.4788,0.2048,0.10928,0.10652,0.10624,0.05344,7.752941176470589e-09,1.5857142857142857e-06
1991-05-16 03:03:00,8.55,0.5202,0.1822,0.08542,0.0827799999999999,0.0823599999999999,0.0433599999999999,6.7647058823529415e-09,1.5714285714285717e-06
1991-05-16 03:04:00,8.59,0.5616,0.1596,0.06156,0.0590399999999999,0.0584799999999999,0.03328,7.011764705882353e-09,1.542857142857143e-06
1991-05-16 03:05:00,8.63,0.603,0.137,0.0377,0.0353,0.0346,0.0232,6.964705882352942e-09,1.542857142857143e-06
1991-05-16 03:06:00,9.184,0.5748,0.1354,0.0498399999999999,0.0436999999999999,0.04204,0.0306199999999999,6.070588235294118e-09,1.5285714285714283e-06
1991-05-16 03:07:00,9.738,0.5466,0.1338,0.06198,0.0520999999999999,0.0494799999999999,0.03804,6.435294117647059e-09,1.5e-06
1991-05-16 03:08:00,10.292000000000002,0.5184,0.1322,0.07412,0.0605,0.05692,0.04546,6.352941176470589e-09,1.5e-06
1991-05-16 03:09:00,10.846,0.4902,0.1306,0.08626,0.0688999999999999,0.06436,0.0528799999999999,6.329411764705882e-09,1.5e-06
1991-05-16 03:10:00,11.4,0.462,0.129,0.0984,0.0773,0.0718,0.0603,7.023529411764705e-09,1.5e-06
1991-05-16 03:11:00,11.084,0.5572,0.2014,0.15232,0.1214399999999999,0.10464,0.07084,6.7647058823529415e-09,1.5e-06
1991-05-16 03:12:00,10.768,0.6524,0.2738,0.20624,0.16558,0.13748,0.08138,5.8941176470588245e-09,1.4857142857142858e-06
1991-05-16 03:13:00,10.452,0.7476,0.3461999999999999,0.26016,0.2097199999999999,0.1703199999999999,0.09192,5.6235294117647054e-09,1.5e-06
1991-05-16 03:14:00,10.136,0.8428,0.4185999999999999,0.31408,0.25386,0.2031599999999999,0.10246,5.9882352941176475e-09,1.5e-06
1991-05-16 03:15:00,9.82,0.938,0.491,0.368,0.298,0.236,0.113,5.941176470588235e-09,1.5e-06
1991-05-16 03:16:00,9.542,0.7709999999999999,0.4094,0.305,0.2457599999999999,0.19512,0.0944,5.941176470588235e-09,1.5e-06
1991-05-16 03:17:00,9.264,0.604,0.3278,0.242,0.19352,0.15424,0.0758,6.070588235294118e-09,1.5e-06
1991-05-16 03:18:00,8.986,0.437,0.2462,0.179,0.14128,0.11336,0.0572,6.388235294117647e-09,1.5e-06
1991-05-16 03:19:00,8.708,0.27,0.1646,0.1159999999999999,0.08904,0.07248,0.0386,5.929411764705883e-09,1.5e-06
1991-05-16 03:20:00,8.43,0.103,0.083,0.053,0.0368,0.0316,0.02,6.011764705882353e-09,1.5e-06
1991-05-16 03:21:00,8.708,0.1748,0.1218,0.0912,0.05824,0.0401,0.01916,6.529411764705882e-09,1.5142857142857145e-06
1991-05-16 03:22:00,8.986,0.2465999999999999,0.1606,0.1294,0.07968,0.0486,0.01832,6.035294117647059e-09,1.5e-06
1991-05-16 03:23:00,9.264,0.3184,0.1994,0.1676,0.1011199999999999,0.0571,0.01748,6.294117647058824e-09,1.4857142857142858e-06
1991-05-16 03:24:00,9.542,0.3902,0.2382,0.2057999999999999,0.1225599999999999,0.0655999999999999,0.01664,7.023529411764705e-09,1.5e-06
1991-05-16 03:25:00,9.82,0.462,0.277,0.244,0.144,0.0741,0.0158,8.152941176470587e-09,1.5142857142857145e-06
1991-05-16 03:26:00,9.74,0.4522,0.2376,0.20514,0.1246599999999999,0.0686,0.0197,6.929411764705882e-09,1.5e-06
1991-05-16 03:27:00,9.66,0.4424,0.1982,0.1662799999999999,0.10532,0.0631,0.0236,6.31764705882353e-09,1.5e-06
1991-05-16 03:28:00,9.58,0.4326,0.1588,0.12742,0.08598,0.0576,0.0275,6.011764705882353e-09,1.4857142857142858e-06
1991-05-16 03:29:00,9.5,0.4228,0.1194,0.08856,0.06664,0.0521,0.0314,5.4705882352941185e-09,1.4714285714285716e-06
1991-05-16 03:30:00,9.42,0.413,0.08,0.0497,0.0473,0.0466,0.0353,5.552941176470589e-09,1.4714285714285716e-06
1991-05-16 03:31:00,9.696,0.359,0.0884,0.05834,0.05596,0.05526,0.03582,5.823529411764705e-09,1.4571428571428571e-06
1991-05-16 03:32:00,9.972,0.3049999999999999,0.0968,0.06698,0.06462,0.06392,0.03634,5.6941176470588235e-09,1.4571428571428571e-06
1991-05-16 03:33:00,10.248,0.2509999999999999,0.1052,0.0756199999999999,0.07328,0.0725799999999999,0.03686,5.858823529411765e-09,1.4714285714285716e-06
1991-05-16 03:34:00,10.524,0.1969999999999999,0.1136,0.08426,0.08194,0.0812399999999999,0.03738,1.1129411764705885e-08,1.5714285714285717e-06
1991-05-16 03:35:00,10.8,0.143,0.122,0.0929,0.0906,0.0899,0.0379,2.317647058823529e-08,1.8e-06
1991-05-16 03:36:00,10.13,0.1508,0.10966,0.08014,0.07782,0.07714,0.03326,2.223529411764706e-08,1.8142857142857144e-06
1991-05-16 03:37:00,9.46,0.1586,0.0973199999999999,0.06738,0.06504,0.0643799999999999,0.02862,1.6352941176470588e-08,1.7571428571428574e-06
1991-05-16 03:38:00,8.79,0.1664,0.08498,0.05462,0.05226,0.05162,0.02398,1.3176470588235294e-08,1.7000000000000002e-06
1991-05-16 03:39:00,8.120000000000001,0.1742,0.07264,0.04186,0.03948,0.03886,0.01934,1.0552941176470587e-08,1.6428571428571429e-06
1991-05-16 03:40:00,7.45,0.182,0.0603,0.0291,0.0267,0.0261,0.0147,9.047058823529413e-09,1.6142857142857144e-06
1991-05-16 03:41:00,8.120000000000001,0.2062,0.0664,0.03528,0.03286,0.03228,0.02088,8.705882352941176e-09,1.5857142857142857e-06
1991-05-16 03:42:00,8.790000000000001,0.2304,0.0725,0.04146,0.03902,0.03846,0.02706,8.11764705882353e-09,1.5714285714285717e-06
1991-05-16 03:43:00,9.46,0.2546,0.0786,0.04764,0.04518,0.04464,0.03324,9.458823529411764e-09,1.5714285714285717e-06
1991-05-16 03:44:00,10.13,0.2788,0.0847,0.05382,0.05134,0.05082,0.03942,8.011764705882353e-09,1.5571428571428572e-06
1991-05-16 03:45:00,10.8,0.303,0.0908,0.06,0.0575,0.057,0.0456,7.423529411764706e-09,1.5285714285714283e-06
1991-05-16 03:46:00,10.88,0.3234,0.08692,0.05616,0.05108,0.04964,0.03821,6.31764705882353e-09,1.5e-06
1991-05-16 03:47:00,10.96,0.3438,0.08304,0.05232,0.04466,0.04228,0.03082,6.694117647058823e-09,1.4857142857142858e-06
1991-05-16 03:48:00,11.04,0.3642,0.07916,0.04848,0.03824,0.03492,0.02343,5.929411764705883e-09,1.4714285714285716e-06
1991-05-16 03:49:00,11.12,0.3846,0.07528,0.04464,0.03182,0.02756,0.01604,6.105882352941176e-09,1.4571428571428571e-06
1991-05-16 03:50:00,11.2,0.405,0.0714,0.0408,0.0254,0.0202,0.00865,6.717647058823531e-09,1.4714285714285716e-06
1991-05-16 03:51:00,10.492,0.3938,0.06904,0.03846,0.02566,0.02138,0.0098599999999999,8.705882352941176e-09,1.5e-06
1991-05-16 03:52:00,9.784,0.3826,0.06668,0.03612,0.02592,0.02256,0.01107,8.152941176470587e-09,1.5142857142857145e-06
1991-05-16 03:53:00,9.076,0.3714,0.06432,0.03378,0.02618,0.02374,0.01228,7.823529411764705e-09,1.5142857142857145e-06
1991-05-16 03:54:00,8.368,0.3601999999999999,0.06196,0.03144,0.02644,0.02492,0.0134899999999999,7.1529411764705884e-09,1.5e-06
1991-05-16 03:55:00,7.66,0.349,0.0596,0.0291,0.0267,0.0261,0.0147,7.788235294117648e-09,1.5142857142857145e-06
1991-05-16 03:56:00,7.854,0.4175999999999999,0.07968,0.03552,0.0331,0.0325,0.02112,7.811764705882353e-09,1.5142857142857145e-06
1991-05-16 03:57:00,8.048,0.4861999999999999,0.09976,0.04194,0.0395,0.0389,0.02754,8.364705882352942e-09,1.5142857142857145e-06
1991-05-16 03:58:00,8.242,0.5548,0.11984,0.04836,0.0459,0.0453,0.03396,8.364705882352942e-09,1.5285714285714283e-06
1991-05-16 03:59:00,8.436,0.6234,0.13992,0.0547799999999999,0.0523,0.0517,0.04038,7.11764705882353e-09,1.5142857142857145e-06
1991-05-16 04:00:00,8.63,0.692,0.16,0.0612,0.0587,0.0581,0.0468,7.411764705882353e-09,1.5142857142857145e-06
1991-05-16 04:01:00,8.868,0.6307999999999999,0.2012,0.07736,0.06152,0.05594,0.04058,7.6e-09,1.5142857142857145e-06
1991-05-16 04:02:00,9.106,0.5696,0.2424,0.0935199999999999,0.06434,0.05378,0.03436,7.376470588235294e-09,1.5142857142857145e-06
1991-05-16 04:03:00,9.344,0.5084,0.2836,0.10968,0.06716,0.05162,0.02814,8.364705882352942e-09,1.542857142857143e-06
1991-05-16 04:04:00,9.582,0.4472,0.3248,0.1258399999999999,0.06998,0.04946,0.02192,8.11764705882353e-09,1.542857142857143e-06
1991-05-16 04:05:00,9.82,0.386,0.366,0.142,0.0728,0.0473,0.0157,7.68235294117647e-09,1.5285714285714283e-06
1991-05-16 04:06:00,9.936,0.3828,0.3066,0.1213399999999999,0.0655,0.04498,0.0174199999999999,7.423529411764706e-09,1.5142857142857145e-06
1991-05-16 04:07:00,10.052,0.3796,0.2472,0.1006799999999999,0.0582,0.04266,0.0191399999999999,8.023529411764705e-09,1.5142857142857145e-06
1991-05-16 04:08:00,10.168,0.3764,0.1878,0.08002,0.0509,0.04034,0.0208599999999999,7.235294117647059e-09,1.5e-06
1991-05-16 04:09:00,10.284,0.3732,0.1284,0.0593599999999999,0.0436,0.03802,0.02258,7.752941176470589e-09,1.5142857142857145e-06
1991-05-16 04:10:00,10.4,0.37,0.069,0.0387,0.0363,0.0357,0.0243,8.482352941176471e-09,1.5285714285714283e-06
1991-05-16 04:11:00,10.36,0.3822,0.0694,0.0390999999999999,0.0366999999999999,0.0361,0.0247,9.83529411764706e-09,1.542857142857143e-06
1991-05-16 04:12:00,10.32,0.3944,0.0698,0.0395,0.0371,0.0365,0.0251,9.305882352941177e-09,1.542857142857143e-06
1991-05-16 04:13:00,10.28,0.4065999999999999,0.0702,0.0399,0.0375,0.0369,0.0255,8.776470588235294e-09,1.542857142857143e-06
1991-05-16 04:14:00,10.24,0.4188,0.0706,0.0403,0.0379,0.0373,0.0259,8.8e-09,1.542857142857143e-06
1991-05-16 04:15:00,10.2,0.431,0.071,0.0407,0.0383,0.0377,0.0263,8.11764705882353e-09,1.5285714285714283e-06
1991-05-16 04:16:00,9.964,0.4174,0.0853999999999999,0.0425,0.0401,0.03948,0.0281,7.705882352941177e-09,1.5285714285714283e-06
1991-05-16 04:17:00,9.728,0.4038,0.0998,0.0443,0.0419,0.04126,0.0299,7.282352941176471e-09,1.5142857142857145e-06
1991-05-16 04:18:00,9.492,0.3902,0.1142,0.0461,0.0437,0.04304,0.0317,7.458823529411766e-09,1.5142857142857145e-06
1991-05-16 04:19:00,9.256,0.3766,0.1286,0.0479,0.0455,0.04482,0.0335,7.058823529411764e-09,1.5e-06
1991-05-16 04:20:00,9.02,0.363,0.143,0.0497,0.0473,0.0466,0.0353,7.352941176470588e-09,1.5e-06
1991-05-16 04:21:00,8.706,0.4508,0.1538,0.04856,0.04334,0.04174,0.0303799999999999,6.7647058823529415e-09,1.4857142857142858e-06
1991-05-16 04:22:00,8.392,0.5386,0.1646,0.04742,0.03938,0.03688,0.02546,6.7647058823529415e-09,1.4714285714285716e-06
1991-05-16 04:23:00,8.078,0.6264000000000001,0.1754,0.04628,0.03542,0.03202,0.02054,6.364705882352941e-09,1.4714285714285716e-06
1991-05-16 04:24:00,7.764,0.7142000000000001,0.1862,0.04514,0.03146,0.02716,0.01562,6.976470588235294e-09,1.4857142857142858e-06
1991-05-16 04:25:00,7.45,0.802,0.197,0.044,0.0275,0.0223,0.0107,6.929411764705882e-09,1.4857142857142858e-06
1991-05-16 04:26:00,8.040000000000001,0.8596,0.2006,0.04294,0.02926,0.02498,0.01342,6.905882352941177e-09,1.4857142857142858e-06
1991-05-16 04:27:00,8.63,0.9172,0.2042,0.04188,0.03102,0.02766,0.0161399999999999,6.447058823529412e-09,1.4714285714285716e-06
1991-05-16 04:28:00,9.22,0.9748,0.2078,0.0408199999999999,0.03278,0.03034,0.01886,6.717647058823531e-09,1.4857142857142858e-06
1991-05-16 04:29:00,9.81,1.0324,0.2114,0.03976,0.03454,0.03302,0.02158,7.305882352941176e-09,1.4857142857142858e-06
1991-05-16 04:30:00,10.4,1.09,0.215,0.0387,0.0363,0.0357,0.0243,6.4705882352941175e-09,1.4714285714285716e-06
1991-05-16 04:31:00,9.968,0.9594,0.1974,0.03678,0.03438,0.03378,0.0223799999999999,6.411764705882353e-09,1.4714285714285716e-06
1991-05-16 04:32:00,9.536,0.8288000000000001,0.1798,0.03486,0.03246,0.03186,0.02046,6.552941176470589e-09,1.4714285714285716e-06
1991-05-16 04:33:00,9.104,0.6982000000000002,0.1622,0.03294,0.03054,0.02994,0.01854,6.7647058823529415e-09,1.4714285714285716e-06
1991-05-16 04:34:00,8.672,0.5676000000000001,0.1446,0.03102,0.02862,0.02802,0.01662,5.929411764705883e-09,1.4714285714285716e-06
1991-05-16 04:35:00,8.24,0.437,0.127,0.0291,0.0267,0.0261,0.0147,6.658823529411765e-09,1.4714285714285716e-06
1991-05-16 04:36:00,8.438,0.4224,0.11652,0.03212,0.02972,0.0291,0.0177,6.564705882352941e-09,1.4714285714285716e-06
1991-05-16 04:37:00,8.636000000000001,0.4078,0.10604,0.03514,0.03274,0.0321,0.0207,6.529411764705882e-09,1.4714285714285716e-06
1991-05-16 04:38:00,8.834,0.3932,0.09556,0.03816,0.03576,0.0351,0.0237,6.411764705882353e-09,1.4714285714285716e-06
1991-05-16 04:39:00,9.032,0.3786,0.08508,0.04118,0.0387799999999999,0.0380999999999999,0.0267,6.211764705882353e-09,1.4714285714285716e-06
1991-05-16 04:40:00,9.23,0.364,0.0746,0.0442,0.0418,0.0411,0.0297,6.047058823529412e-09,1.4571428571428571e-06
1991-05-16 04:41:00,9.704,0.4154,0.08008,0.04972,0.04368,0.0420199999999999,0.03058,6.117647058823529e-09,1.4714285714285716e-06
1991-05-16 04:42:00,10.178,0.4668,0.08556,0.05524,0.0455599999999999,0.04294,0.03146,6.847058823529412e-09,1.4857142857142858e-06
1991-05-16 04:43:00,10.652,0.5182,0.09104,0.06076,0.0474399999999999,0.0438599999999999,0.03234,7.1529411764705884e-09,1.5e-06
1991-05-16 04:44:00,11.126,0.5696,0.09652,0.06628,0.04932,0.04478,0.03322,7.411764705882353e-09,1.5142857142857145e-06
1991-05-16 04:45:00,11.6,0.621,0.102,0.0718,0.0512,0.0457,0.0341,8.76470588235294e-09,1.5285714285714283e-06
1991-05-16 04:46:00,11.64,0.644,0.1101999999999999,0.06854,0.05156,0.04704,0.03546,9.494117647058824e-09,1.5714285714285717e-06
1991-05-16 04:47:00,11.68,0.667,0.1183999999999999,0.06528,0.05192,0.04838,0.03682,1.1576470588235296e-08,1.6142857142857144e-06
1991-05-16 04:48:00,11.72,0.69,0.1266,0.06202,0.05228,0.04972,0.03818,1.3411764705882352e-08,1.657142857142857e-06
1991-05-16 04:49:00,11.76,0.713,0.1347999999999999,0.05876,0.05264,0.05106,0.03954,1.3882352941176472e-08,1.6857142857142858e-06
1991-05-16 04:50:00,11.8,0.736,0.143,0.0555,0.053,0.0524,0.0409,1.4823529411764708e-08,1.7000000000000002e-06
1991-05-16 04:51:00,11.248,0.6918,0.13194,0.05582,0.0498199999999999,0.04824,0.03672,1.5058823529411764e-08,1.7142857142857145e-06
1991-05-16 04:52:00,10.696,0.6476,0.1208799999999999,0.05614,0.04664,0.04408,0.03254,1.5058823529411764e-08,1.7285714285714287e-06
1991-05-16 04:53:00,10.144,0.6033999999999999,0.10982,0.0564599999999999,0.04346,0.03992,0.02836,1.5294117647058823e-08,1.7571428571428574e-06
1991-05-16 04:54:00,9.592,0.5592,0.09876,0.05678,0.0402799999999999,0.03576,0.02418,1.5411764705882355e-08,1.7571428571428574e-06
1991-05-16 04:55:00,9.04,0.515,0.0877,0.0571,0.0371,0.0316,0.02,1.5294117647058823e-08,1.7571428571428574e-06
1991-05-16 04:56:00,8.835999999999999,0.4808,0.08092,0.05036,0.03388,0.02934,0.01779,1.564705882352941e-08,1.7571428571428574e-06
1991-05-16 04:57:00,8.632,0.4466,0.07414,0.04362,0.03066,0.02708,0.01558,1.564705882352941e-08,1.7714285714285714e-06
1991-05-16 04:58:00,8.427999999999999,0.4124,0.06736,0.03688,0.02744,0.02482,0.01337,1.5411764705882355e-08,1.785714285714286e-06
1991-05-16 04:59:00,8.224,0.3782,0.06058,0.03014,0.02422,0.02256,0.01116,1.4941176470588236e-08,1.7714285714285714e-06
1991-05-16 05:00:00,8.02,0.344,0.0538,0.0234,0.021,0.0203,0.00895,1.4470588235294118e-08,1.7714285714285714e-06
1991-05-16 05:01:00,8.536,0.3687999999999999,0.05994,0.02958,0.02718,0.02648,0.01032,1.4470588235294118e-08,1.7571428571428574e-06
1991-05-16 05:02:00,9.052,0.3936,0.06608,0.03576,0.03336,0.03266,0.01169,1.3647058823529413e-08,1.7571428571428574e-06
1991-05-16 05:03:00,9.568,0.4184,0.07222,0.04194,0.03954,0.03884,0.01306,1.3529411764705885e-08,1.742857142857143e-06
1991-05-16 05:04:00,10.084,0.4432,0.07836,0.0481199999999999,0.04572,0.04502,0.01443,1.3294117647058824e-08,1.742857142857143e-06
1991-05-16 05:05:00,10.6,0.468,0.0845,0.0543,0.0519,0.0512,0.0158,1.3176470588235294e-08,1.742857142857143e-06
1991-05-16 05:06:00,10.166,0.547,0.1082,0.04926,0.04686,0.04618,0.01558,1.3294117647058824e-08,1.7571428571428574e-06
1991-05-16 05:07:00,9.732,0.626,0.1319,0.04422,0.04182,0.04116,0.01536,1.3176470588235294e-08,1.7571428571428574e-06
1991-05-16 05:08:00,9.298,0.705,0.1556,0.03918,0.03678,0.03614,0.01514,1.2823529411764704e-08,1.7571428571428574e-06
1991-05-16 05:09:00,8.863999999999999,0.784,0.1793,0.03414,0.03174,0.03112,0.01492,1.2705882352941176e-08,1.7571428571428574e-06
1991-05-16 05:10:00,8.43,0.863,0.203,0.0291,0.0267,0.0261,0.0147,1.2941176470588237e-08,1.7571428571428574e-06
1991-05-16 05:11:00,8.744,1.0124,0.2342,0.03376,0.02772,0.02614,0.0147,1.223529411764706e-08,1.7571428571428574e-06
1991-05-16 05:12:00,9.058,1.1618,0.2654,0.03842,0.02874,0.02618,0.0147,1.1364705882352942e-08,1.742857142857143e-06
1991-05-16 05:13:00,9.372,1.3112,0.2966,0.04308,0.02976,0.02622,0.0147,1.2352941176470589e-08,1.742857142857143e-06
1991-05-16 05:14:00,9.686,1.4606,0.3278,0.04774,0.03078,0.02626,0.0147,1.188235294117647e-08,1.742857142857143e-06
1991-05-16 05:15:00,10.0,1.61,0.359,0.0524,0.0318,0.0263,0.0147,1.2588235294117648e-08,1.7571428571428574e-06
1991-05-16 05:16:00,9.808,1.4582000000000002,0.3214,0.04648,0.02952,0.02498,0.013432,1.2705882352941176e-08,1.7571428571428574e-06
1991-05-16 05:17:00,9.616,1.3064,0.2838,0.04056,0.02724,0.02366,0.012164,1.2941176470588237e-08,1.7571428571428574e-06
1991-05-16 05:18:00,9.424,1.1546,0.2462,0.03464,0.02496,0.02234,0.010896,1.2823529411764704e-08,1.7571428571428574e-06
1991-05-16 05:19:00,9.232,1.0028,0.2086,0.02872,0.02268,0.0210199999999999,0.009628,1.223529411764706e-08,1.742857142857143e-06
1991-05-16 05:20:00,9.04,0.851,0.171,0.0228,0.0204,0.0197,0.00836,1.0929411764705884e-08,1.7142857142857145e-06
1991-05-16 05:21:00,8.879999999999999,0.7343999999999999,0.15176,0.02708,0.02468,0.0239799999999999,0.012628,1.1258823529411765e-08,1.7000000000000002e-06
1991-05-16 05:22:00,8.719999999999999,0.6178,0.13252,0.03136,0.02896,0.02826,0.016896,1.223529411764706e-08,1.7000000000000002e-06
1991-05-16 05:23:00,8.56,0.5012,0.11328,0.03564,0.03324,0.03254,0.021164,1.2e-08,1.6857142857142858e-06
1991-05-16 05:24:00,8.4,0.3846,0.09404,0.03992,0.03752,0.03682,0.025432,1.0458823529411766e-08,1.6714285714285715e-06
1991-05-16 05:25:00,8.24,0.268,0.0748,0.0442,0.0418,0.0411,0.0297,9.941176470588236e-09,1.6428571428571429e-06
1991-05-16 05:26:00,8.516,0.3796,0.08344,0.04118,0.0387799999999999,0.0380999999999999,0.0267,8.576470588235294e-09,1.6142857142857144e-06
1991-05-16 05:27:00,8.792,0.4911999999999999,0.09208,0.03816,0.03576,0.0351,0.0237,8.623529411764706e-09,1.6e-06
1991-05-16 05:28:00,9.068,0.6028,0.10072,0.03514,0.03274,0.0321,0.0207,9.011764705882354e-09,1.6142857142857144e-06
1991-05-16 05:29:00,9.344,0.7143999999999999,0.10936,0.03212,0.02972,0.0291,0.0177,8.141176470588235e-09,1.5857142857142857e-06
1991-05-16 05:30:00,9.62,0.826,0.118,0.0291,0.0267,0.0261,0.0147,1.4117647058823533e-08,1.657142857142857e-06
1991-05-16 05:31:00,9.462,0.7447999999999999,0.11302,0.03556,0.02774,0.02612,0.0147,1.3294117647058824e-08,1.6714285714285715e-06
1991-05-16 05:32:00,9.304,0.6636,0.10804,0.04202,0.02878,0.02614,0.0147,9.2e-09,1.5571428571428572e-06
1991-05-16 05:33:00,9.146,0.5824,0.10306,0.04848,0.02982,0.02616,0.0147,9.28235294117647e-09,1.542857142857143e-06
1991-05-16 05:34:00,8.988,0.5012,0.09808,0.05494,0.03086,0.02618,0.0147,8.423529411764706e-09,1.5142857142857145e-06
1991-05-16 05:35:00,8.83,0.42,0.0931,0.0614,0.0319,0.0262,0.0147,7.752941176470589e-09,1.5e-06
1991-05-16 05:36:00,8.712,0.478,0.12328,0.05996,0.03188,0.02622,0.0147,7.270588235294117e-09,1.4857142857142858e-06
1991-05-16 05:37:00,8.594,0.536,0.1534599999999999,0.05852,0.03186,0.02624,0.0147,7.035294117647059e-09,1.5142857142857145e-06
1991-05-16 05:38:00,8.476,0.594,0.1836399999999999,0.05708,0.03184,0.02626,0.0147,7.141176470588235e-09,1.5142857142857145e-06
1991-05-16 05:39:00,8.358,0.6519999999999999,0.2138199999999999,0.05564,0.03182,0.02628,0.0147,7.752941176470589e-09,1.5142857142857145e-06
1991-05-16 05:40:00,8.24,0.71,0.244,0.0542,0.0318,0.0263,0.0147,7.376470588235294e-09,1.5e-06
1991-05-16 05:41:00,8.792,0.6105999999999999,0.20722,0.04918,0.03078,0.02626,0.0147,7.1882352941176475e-09,1.4857142857142858e-06
1991-05-16 05:42:00,9.344,0.5112,0.1704399999999999,0.04416,0.02976,0.02622,0.0147,7.305882352941176e-09,1.5e-06
1991-05-16 05:43:00,9.896,0.4117999999999999,0.13366,0.03914,0.02874,0.02618,0.0147,1.0364705882352945e-08,1.542857142857143e-06
1991-05-16 05:44:00,10.448,0.3123999999999999,0.09688,0.03412,0.02772,0.02614,0.0147,1.5176470588235296e-08,1.6142857142857144e-06
1991-05-16 05:45:00,11.0,0.213,0.0601,0.0291,0.0267,0.0261,0.0147,1.6823529411764706e-08,1.6428571428571429e-06
1991-05-16 05:46:00,10.408,0.3359999999999999,0.08148,0.02976,0.02736,0.02674,0.01534,1.3529411764705885e-08,1.6285714285714288e-06
1991-05-16 05:47:00,9.816,0.4589999999999999,0.10286,0.03042,0.02802,0.02738,0.01598,1.2e-08,1.6e-06
1991-05-16 05:48:00,9.224,0.582,0.12424,0.03108,0.02868,0.02802,0.01662,1.0882352941176473e-08,1.6e-06
1991-05-16 05:49:00,8.632,0.705,0.14562,0.03174,0.0293399999999999,0.02866,0.0172599999999999,9.611764705882352e-09,1.5714285714285717e-06
1991-05-16 05:50:00,8.04,0.828,0.167,0.0324,0.03,0.0293,0.0179,8.541176470588235e-09,1.5571428571428572e-06
1991-05-16 05:51:00,8.431999999999999,0.8114,0.1894,0.0375599999999999,0.0303799999999999,0.0287,0.0172599999999999,8.399999999999999e-09,1.5285714285714283e-06
1991-05-16 05:52:00,8.824,0.7948,0.2118,0.04272,0.03076,0.0281,0.01662,8.141176470588235e-09,1.5142857142857145e-06
1991-05-16 05:53:00,9.216,0.7782,0.2342,0.04788,0.0311399999999999,0.0275,0.01598,7.6e-09,1.5e-06
1991-05-16 05:54:00,9.608,0.7615999999999999,0.2566,0.05304,0.03152,0.0269,0.01534,7.847058823529412e-09,1.4857142857142858e-06
1991-05-16 05:55:00,10.0,0.745,0.279,0.0582,0.0319,0.0263,0.0147,7.0941176470588245e-09,1.4714285714285716e-06
1991-05-16 05:56:00,9.804,0.7242,0.2558,0.07316,0.04338,0.03214,0.01492,6.352941176470589e-09,1.4571428571428571e-06
1991-05-16 05:57:00,9.608,0.7034,0.2326,0.08812,0.05486,0.03798,0.01514,6.6e-09,1.442857142857143e-06
1991-05-16 05:58:00,9.412,0.6826,0.2094,0.10308,0.06634,0.04382,0.01536,6.352941176470589e-09,1.4285714285714286e-06
1991-05-16 05:59:00,9.216,0.6618,0.1862,0.11804,0.07782,0.0496599999999999,0.01558,6.31764705882353e-09,1.4214285714285716e-06
1991-05-16 06:00:00,9.02,0.641,0.163,0.133,0.0893,0.0555,0.0158,6.129411764705883e-09,1.4157142857142856e-06
1991-05-16 06:01:00,9.296,0.5774,0.14876,0.11864,0.08318,0.05602,0.022,6.164705882352941e-09,1.405714285714286e-06
1991-05-16 06:02:00,9.572,0.5138,0.13452,0.10428,0.07706,0.05654,0.0282,6.070588235294118e-09,1.405714285714286e-06
1991-05-16 06:03:00,9.848,0.4502,0.12028,0.08992,0.07094,0.05706,0.0344,6.035294117647059e-09,1.3957142857142856e-06
1991-05-16 06:04:00,10.124,0.3866,0.10604,0.07556,0.06482,0.05758,0.0406,6.035294117647059e-09,1.3957142857142856e-06
1991-05-16 06:05:00,10.4,0.323,0.0918,0.0612,0.0587,0.0581,0.0468,5.870588235294118e-09,1.3900000000000002e-06
1991-05-16 06:06:00,10.086,0.364,0.11924,0.05882,0.05212,0.0505199999999999,0.03917,5.776470588235294e-09,1.3871428571428574e-06
1991-05-16 06:07:00,9.772,0.405,0.14668,0.05644,0.04554,0.04294,0.03154,5.4705882352941185e-09,1.382857142857143e-06
1991-05-16 06:08:00,9.458,0.446,0.17412,0.05406,0.03896,0.0353599999999999,0.02391,5.741176470588235e-09,1.38e-06
1991-05-16 06:09:00,9.144,0.487,0.20156,0.05168,0.03238,0.0277799999999999,0.01628,6.211764705882353e-09,1.3871428571428574e-06
1991-05-16 06:10:00,8.83,0.528,0.229,0.0493,0.0258,0.0202,0.00865,5.388235294117648e-09,1.3742857142857146e-06
1991-05-16 06:11:00,8.398,0.6022000000000001,0.225,0.0557,0.03642,0.0318,0.0131,5.6588235294117645e-09,1.3642857142857142e-06
1991-05-16 06:12:00,7.966,0.6764,0.221,0.0620999999999999,0.04704,0.0434,0.01755,5.552941176470589e-09,1.3642857142857142e-06
1991-05-16 06:13:00,7.534,0.7506,0.217,0.0685,0.05766,0.055,0.022,5.741176470588235e-09,1.3585714285714289e-06
1991-05-16 06:14:00,7.102,0.8248,0.213,0.0749,0.06828,0.0666,0.02645,5.223529411764707e-09,1.3542857142857143e-06
1991-05-16 06:15:00,6.67,0.899,0.209,0.0813,0.0789,0.0782,0.0309,5.11764705882353e-09,1.3514285714285716e-06
1991-05-16 06:16:00,7.3,0.9392,0.2173999999999999,0.08144,0.07566,0.07398,0.03384,5.847058823529412e-09,1.3614285714285716e-06
1991-05-16 06:17:00,7.93,0.9794,0.2258,0.08158,0.07242,0.06976,0.03678,5.576470588235294e-09,1.3642857142857142e-06
1991-05-16 06:18:00,8.56,1.0196,0.2342,0.08172,0.06918,0.06554,0.03972,5.329411764705882e-09,1.3585714285714289e-06
1991-05-16 06:19:00,9.19,1.0598,0.2425999999999999,0.08186,0.06594,0.06132,0.04266,5.552941176470589e-09,1.3614285714285716e-06
1991-05-16 06:20:00,9.82,1.1,0.251,0.082,0.0627,0.0571,0.0456,5.670588235294118e-09,1.3642857142857142e-06
1991-05-16 06:21:00,10.096,0.9874,0.2336,0.0922,0.07636,0.07168,0.04804,5.823529411764705e-09,1.3671428571428571e-06
1991-05-16 06:22:00,10.372,0.8748,0.2162,0.1024,0.09002,0.08626,0.05048,5.364705882352941e-09,1.3642857142857142e-06
1991-05-16 06:23:00,10.648,0.7622000000000001,0.1988,0.1126,0.10368,0.10084,0.0529199999999999,5.5058823529411775e-09,1.3614285714285716e-06
1991-05-16 06:24:00,10.924,0.6496000000000001,0.1814,0.1228,0.11734,0.11542,0.05536,5.517647058823531e-09,1.3642857142857142e-06
1991-05-16 06:25:00,11.2,0.537,0.164,0.133,0.131,0.13,0.0578,5.8000000000000015e-09,1.3642857142857142e-06
1991-05-16 06:26:00,11.08,0.4858,0.14488,0.11394,0.11186,0.11092,0.0508799999999999,5.9529411764705885e-09,1.3642857142857142e-06
1991-05-16 06:27:00,10.96,0.4346,0.12576,0.09488,0.09272,0.09184,0.04396,6.529411764705882e-09,1.3742857142857146e-06
1991-05-16 06:28:00,10.84,0.3834,0.10664,0.07582,0.07358,0.0727599999999999,0.03704,6.7647058823529415e-09,1.3900000000000002e-06
1991-05-16 06:29:00,10.72,0.3322,0.08752,0.05676,0.05444,0.0536799999999999,0.0301199999999999,7.823529411764705e-09,1.4157142857142856e-06
1991-05-16 06:30:00,10.6,0.281,0.0684,0.0377,0.0353,0.0346,0.0232,9.564705882352944e-09,1.442857142857143e-06
1991-05-16 06:31:00,10.088,0.3598,0.09192,0.04044,0.03804,0.03734,0.02172,9.964705882352944e-09,1.4571428571428571e-06
1991-05-16 06:32:00,9.576,0.4386,0.11544,0.0431799999999999,0.04078,0.04008,0.02024,9.23529411764706e-09,1.4714285714285716e-06
1991-05-16 06:33:00,9.064,0.5174000000000001,0.13896,0.04592,0.04352,0.04282,0.01876,9.611764705882352e-09,1.4714285714285716e-06
1991-05-16 06:34:00,8.552,0.5962000000000001,0.16248,0.04866,0.04626,0.04556,0.01728,9.858823529411764e-09,1.4714285714285716e-06
1991-05-16 06:35:00,8.04,0.675,0.186,0.0514,0.049,0.0483,0.0158,1.2823529411764704e-08,1.5e-06
1991-05-16 06:36:00,8.235999999999999,0.677,0.178,0.05376,0.05136,0.05066,0.0158,2.094117647058824e-08,1.542857142857143e-06
1991-05-16 06:37:00,8.431999999999999,0.679,0.1699999999999999,0.05612,0.05372,0.05302,0.0158,2.800000000000001e-08,1.6e-06
1991-05-16 06:38:00,8.628,0.681,0.1619999999999999,0.05848,0.05608,0.05538,0.0158,3.3176470588235295e-08,1.6428571428571429e-06
1991-05-16 06:39:00,8.824,0.683,0.154,0.06084,0.05844,0.05774,0.0158,3.8e-08,1.7142857142857145e-06
1991-05-16 06:40:00,9.02,0.685,0.146,0.0632,0.0608,0.0601,0.0158,4.152941176470588e-08,1.7571428571428574e-06
1991-05-16 06:41:00,9.02,0.6980000000000001,0.1427999999999999,0.05638,0.05398,0.0533,0.01558,4.658823529411765e-08,1.8142857142857144e-06
1991-05-16 06:42:00,9.02,0.7110000000000001,0.1396,0.04956,0.04716,0.0465,0.01536,6.011764705882354e-08,1.9142857142857145e-06
1991-05-16 06:43:00,9.02,0.724,0.1364,0.04274,0.04034,0.0397,0.01514,1.211764705882353e-07,2.2714285714285715e-06
1991-05-16 06:44:00,9.02,0.737,0.1332,0.03592,0.03352,0.0329,0.01492,2.3176470588235295e-07,2.9857142857142856e-06
1991-05-16 06:45:00,9.02,0.75,0.13,0.0291,0.0267,0.0261,0.0147,4.470588235294118e-07,4.1857142857142856e-06
1991-05-16 06:46:00,9.14,0.6958,0.12086,0.03412,0.03172,0.03112,0.01972,8.058823529411764e-07,6.028571428571429e-06
1991-05-16 06:47:00,9.26,0.6416,0.11172,0.03914,0.03674,0.03614,0.02474,1.3764705882352942e-06,8.871428571428571e-06
1991-05-16 06:48:00,9.38,0.5873999999999999,0.10258,0.04416,0.04176,0.04116,0.02976,2.976470588235294e-06,1.5571428571428573e-05
1991-05-16 06:49:00,9.5,0.5332,0.09344,0.04918,0.04678,0.04618,0.03478,5.894117647058824e-06,2.6e-05
1991-05-16 06:50:00,9.62,0.479,0.0843,0.0542,0.0518,0.0512,0.0398,8.988235294117646e-06,3.671428571428572e-05
1991-05-16 06:51:00,9.542,0.4886,0.08118,0.0511,0.0487,0.0481,0.0367,1.1552941176470588e-05,4.742857142857143e-05
1991-05-16 06:52:00,9.464,0.4982,0.07806,0.048,0.0456,0.045,0.0336,1.3882352941176471e-05,6.028571428571429e-05
1991-05-16 06:53:00,9.386,0.5078,0.07494,0.0448999999999999,0.0424999999999999,0.0419,0.0305,1.5294117647058822e-05,7.071428571428571e-05
1991-05-16 06:54:00,9.308,0.5174,0.07182,0.0418,0.0394,0.0388,0.0274,1.7176470588235297e-05,8.385714285714286e-05
1991-05-16 06:55:00,9.23,0.527,0.0687,0.0387,0.0363,0.0357,0.0243,1.8352941176470587e-05,9.5e-05
1991-05-16 06:56:00,9.07,0.515,0.09336,0.06296,0.0485,0.04012,0.0226,1.8823529411764704e-05,0.0001027142857142
1991-05-16 06:57:00,8.91,0.503,0.11802,0.0872199999999999,0.0607,0.0445399999999999,0.0209,1.9411764705882355e-05,0.0001101428571428
1991-05-16 06:58:00,8.75,0.491,0.14268,0.11148,0.0728999999999999,0.04896,0.0192,2.0235294117647065e-05,0.0001168571428571
1991-05-16 06:59:00,8.59,0.479,0.16734,0.13574,0.0851,0.05338,0.0175,2.0941176470588235e-05,0.0001218571428571
1991-05-16 07:00:00,8.43,0.467,0.192,0.16,0.0973,0.0578,0.0158,2.1176470588235296e-05,0.0001252857142857
1991-05-16 07:01:00,8.984,0.467,0.2066,0.1746,0.11404,0.0748399999999999,0.02604,2.1176470588235296e-05,0.0001258571428571
1991-05-16 07:02:00,9.538,0.467,0.2212,0.1892,0.13078,0.0918799999999999,0.03628,2.105882352941177e-05,0.0001264285714285
1991-05-16 07:03:00,10.092,0.467,0.2358,0.2038,0.1475199999999999,0.1089199999999999,0.04652,2.0941176470588235e-05,0.0001261428571428
1991-05-16 07:04:00,10.646,0.467,0.2504,0.2184,0.16426,0.12596,0.05676,2.0823529411764705e-05,0.0001252857142857
1991-05-16 07:05:00,11.2,0.467,0.265,0.233,0.181,0.143,0.067,2.035294117647059e-05,0.0001244285714285
1991-05-16 07:06:00,10.844,0.446,0.234,0.202,0.1539599999999999,0.12244,0.05932,1.988235294117647e-05,0.000123
1991-05-16 07:07:00,10.488,0.425,0.203,0.1709999999999999,0.12692,0.10188,0.05164,1.9529411764705885e-05,0.0001221428571428
1991-05-16 07:08:00,10.132,0.404,0.172,0.1399999999999999,0.09988,0.0813199999999999,0.04396,1.917647058823529e-05,0.0001215714285714
1991-05-16 07:09:00,9.776,0.383,0.141,0.1089999999999999,0.07284,0.0607599999999999,0.03628,1.847058823529412e-05,0.0001201428571428
1991-05-16 07:10:00,9.42,0.362,0.11,0.078,0.0458,0.0402,0.0286,1.811764705882353e-05,0.0001201428571428
1991-05-16 07:11:00,9.42,0.31,0.1043,0.0728,0.04654,0.04196,0.0304,1.7411764705882353e-05,0.0001191428571428
1991-05-16 07:12:00,9.42,0.258,0.0986,0.0676,0.04728,0.04372,0.0322,1.6823529411764706e-05,0.0001174285714285
1991-05-16 07:13:00,9.42,0.2059999999999999,0.0929,0.0624,0.04802,0.04548,0.034,1.635294117647059e-05,0.0001167142857142
1991-05-16 07:14:00,9.42,0.1539999999999999,0.0872,0.0572,0.04876,0.04724,0.0358,1.5764705882352943e-05,0.0001152857142857
1991-05-16 07:15:00,9.42,0.102,0.0815,0.052,0.0495,0.049,0.0376,1.5294117647058822e-05,0.000114
1991-05-16 07:16:00,9.302,0.1513999999999999,0.07712,0.04742,0.04494,0.04442,0.03302,1.4705882352941175e-05,0.0001121428571428
1991-05-16 07:17:00,9.184,0.2007999999999999,0.07274,0.04284,0.04038,0.03984,0.02844,1.411764705882353e-05,0.0001104285714285
1991-05-16 07:18:00,9.066,0.2502,0.06836,0.03826,0.03582,0.03526,0.02386,1.3647058823529411e-05,0.0001084285714285
1991-05-16 07:19:00,8.948,0.2996,0.06398,0.03368,0.03126,0.03068,0.01928,1.3176470588235294e-05,0.0001058571428571
1991-05-16 07:20:00,8.83,0.349,0.0596,0.0291,0.0267,0.0261,0.0147,1.2588235294117646e-05,0.000104
1991-05-16 07:21:00,9.344,0.3514,0.07788,0.04748,0.04496,0.04448,0.02324,1.2e-05,0.0001015714285714
1991-05-16 07:22:00,9.858,0.3538,0.09616,0.06586,0.06322,0.06286,0.03178,1.1576470588235294e-05,9.957142857142858e-05
1991-05-16 07:23:00,10.372,0.3561999999999999,0.1144399999999999,0.08424,0.08148,0.08124,0.04032,1.1105882352941176e-05,9.742857142857144e-05
1991-05-16 07:24:00,10.886,0.3586,0.13272,0.10262,0.09974,0.09962,0.04886,1.0658823529411764e-05,9.5e-05
1991-05-16 07:25:00,11.4,0.361,0.151,0.121,0.118,0.118,0.0574,1.0247058823529412e-05,9.285714285714286e-05
1991-05-16 07:26:00,10.652,0.3668,0.141,0.1107399999999999,0.1046199999999999,0.10354,0.05274,9.764705882352942e-06,9.02857142857143e-05
1991-05-16 07:27:00,9.904,0.3726,0.131,0.10048,0.09124,0.0890799999999999,0.04808,9.411764705882352e-06,8.814285714285714e-05
1991-05-16 07:28:00,9.156,0.3784,0.121,0.09022,0.07786,0.0746199999999999,0.04342,9.023529411764703e-06,8.542857142857144e-05
1991-05-16 07:29:00,8.408000000000001,0.3842,0.111,0.07996,0.06448,0.0601599999999999,0.03876,8.647058823529412e-06,8.271428571428572e-05
1991-05-16 07:30:00,7.66,0.39,0.101,0.0697,0.0511,0.0457,0.0341,8.294117647058825e-06,8.014285714285715e-05
1991-05-16 07:31:00,7.814,0.3832,0.1016,0.07032,0.05136,0.0459199999999999,0.0343399999999999,7.988235294117647e-06,7.785714285714287e-05
1991-05-16 07:32:00,7.968,0.3764,0.1022,0.07094,0.05162,0.04614,0.03458,7.741176470588235e-06,7.571428571428571e-05
1991-05-16 07:33:00,8.122,0.3696,0.1028,0.07156,0.05188,0.04636,0.03482,7.435294117647059e-06,7.342857142857144e-05
1991-05-16 07:34:00,8.276,0.3628,0.1033999999999999,0.07218,0.05214,0.04658,0.03506,7.117647058823529e-06,7.1e-05
1991-05-16 07:35:00,8.43,0.356,0.104,0.0728,0.0524,0.0468,0.0353,6.858823529411765e-06,6.900000000000001e-05
1991-05-16 07:36:00,8.548,0.3358,0.10038,0.06908,0.04828,0.0427,0.03118,6.647058823529412e-06,6.714285714285714e-05
1991-05-16 07:37:00,8.666,0.3156,0.09676,0.06536,0.04416,0.0386,0.0270599999999999,6.435294117647059e-06,6.528571428571429e-05
1991-05-16 07:38:00,8.783999999999999,0.2954,0.09314,0.06164,0.04004,0.0345,0.0229399999999999,6.211764705882353e-06,6.342857142857143e-05
1991-05-16 07:39:00,8.902,0.2752,0.08952,0.05792,0.03592,0.0304,0.0188199999999999,5.988235294117648e-06,6.171428571428571e-05
1991-05-16 07:40:00,9.02,0.255,0.0859,0.0542,0.0318,0.0263,0.0147,5.764705882352941e-06,6e-05
1991-05-16 07:41:00,8.748,0.346,0.09112,0.04804,0.02964,0.0251,0.01355,5.600000000000001e-06,5.871428571428572e-05
1991-05-16 07:42:00,8.475999999999999,0.437,0.09634,0.04188,0.02748,0.0239,0.0124,5.388235294117648e-06,5.714285714285715e-05
1991-05-16 07:43:00,8.204,0.528,0.10156,0.03572,0.02532,0.0226999999999999,0.01125,5.176470588235295e-06,5.557142857142857e-05
1991-05-16 07:44:00,7.932,0.619,0.10678,0.02956,0.02316,0.0215,0.0101,5.011764705882353e-06,5.442857142857143e-05
1991-05-16 07:45:00,7.66,0.71,0.112,0.0234,0.021,0.0203,0.00895,4.8470588235294125e-06,5.314285714285715e-05
1991-05-16 07:46:00,7.854,0.58378,0.1013,0.02454,0.02214,0.02146,0.0101,4.694117647058824e-06,5.2e-05
1991-05-16 07:47:00,8.048,0.4575599999999999,0.0906,0.02568,0.02328,0.02262,0.01125,4.529411764705883e-06,5.071428571428572e-05
1991-05-16 07:48:00,8.242,0.3313399999999999,0.0799,0.02682,0.02442,0.02378,0.0124,4.376470588235294e-06,4.957142857142858e-05
1991-05-16 07:49:00,8.436,0.2051199999999999,0.0692,0.02796,0.02556,0.02494,0.01355,4.235294117647059e-06,4.842857142857143e-05
1991-05-16 07:50:00,8.63,0.0789,0.0585,0.0291,0.0267,0.0261,0.0147,4.105882352941177e-06,4.742857142857143e-05
1991-05-16 07:51:00,8.394,0.10352,0.06294,0.03322,0.03082,0.0302,0.01882,4e-06,4.642857142857143e-05
1991-05-16 07:52:00,8.158000000000001,0.12814,0.06738,0.03734,0.03494,0.0343,0.02294,3.882352941176471e-06,4.557142857142858e-05
1991-05-16 07:53:00,7.922000000000001,0.15276,0.07182,0.04146,0.03906,0.0384,0.02706,3.764705882352941e-06,4.4571428571428574e-05
1991-05-16 07:54:00,7.686,0.17738,0.07626,0.04558,0.04318,0.0425,0.03118,3.658823529411765e-06,4.371428571428572e-05
1991-05-16 07:55:00,7.45,0.202,0.0807,0.0497,0.0473,0.0466,0.0353,3.5294117647058825e-06,4.271428571428572e-05
1991-05-16 07:56:00,7.45,0.2066,0.0853599999999999,0.05428,0.05186,0.05118,0.03986,3.4e-06,4.171428571428572e-05
1991-05-16 07:57:00,7.45,0.2112,0.0900199999999999,0.0588599999999999,0.05642,0.05576,0.04442,3.282352941176471e-06,4.071428571428572e-05
1991-05-16 07:58:00,7.45,0.2158,0.0946799999999999,0.06344,0.06098,0.06034,0.0489799999999999,3.188235294117647e-06,4e-05
1991-05-16 07:59:00,7.45,0.2204,0.09934,0.06802,0.06554,0.06492,0.05354,3.094117647058824e-06,3.928571428571429e-05
1991-05-16 08:00:00,7.45,0.225,0.104,0.0726,0.0701,0.0695,0.0581,3e-06,3.857142857142857e-05
1991-05-16 08:01:00,7.924,0.2454,0.1159999999999999,0.08468,0.0822799999999999,0.0816,0.05804,2.9058823529411768e-06,3.785714285714286e-05
1991-05-16 08:02:00,8.398,0.2658,0.128,0.09676,0.09446,0.0937,0.05798,2.8000000000000003e-06,3.7e-05
1991-05-16 08:03:00,8.872,0.2862,0.14,0.10884,0.10664,0.1058,0.05792,2.705882352941177e-06,3.628571428571429e-05
1991-05-16 08:04:00,9.346,0.3066,0.152,0.12092,0.11882,0.1179,0.0578599999999999,2.635294117647059e-06,3.557142857142857e-05
1991-05-16 08:05:00,9.82,0.327,0.164,0.133,0.131,0.13,0.0578,2.552941176470588e-06,3.5000000000000004e-05
1991-05-16 08:06:00,9.23,0.2791,0.14462,0.11394,0.11186,0.11092,0.0508799999999999,2.482352941176471e-06,3.442857142857143e-05
1991-05-16 08:07:00,8.64,0.2312,0.12524,0.09488,0.09272,0.09184,0.04396,2.4e-06,3.371428571428572e-05
1991-05-16 08:08:00,8.05,0.1833,0.10586,0.07582,0.07358,0.0727599999999999,0.03704,2.3294117647058825e-06,3.3e-05
1991-05-16 08:09:00,7.46,0.1354,0.08648,0.05676,0.05444,0.0536799999999999,0.0301199999999999,2.2588235294117647e-06,3.242857142857143e-05
1991-05-16 08:10:00,6.87,0.0875,0.0671,0.0377,0.0353,0.0346,0.0232,2.176470588235294e-06,3.185714285714286e-05
1991-05-16 08:11:00,7.896,0.1732,0.08748,0.03598,0.03358,0.0329,0.0215,2.1176470588235296e-06,3.1285714285714285e-05
1991-05-16 08:12:00,8.922,0.2589,0.10786,0.03426,0.03186,0.0312,0.0197999999999999,2.0705882352941177e-06,3.0857142857142856e-05
1991-05-16 08:13:00,9.948,0.3446,0.12824,0.03254,0.03014,0.0295,0.0180999999999999,2.011764705882353e-06,3.042857142857143e-05
1991-05-16 08:14:00,10.974,0.4303,0.14862,0.03082,0.02842,0.0278,0.0163999999999999,1.9529411764705885e-06,3e-05
1991-05-16 08:15:00,12.0,0.516,0.169,0.0291,0.0267,0.0261,0.0147,1.894117647058824e-06,2.957142857142857e-05
1991-05-16 08:16:00,11.326,0.4932,0.1578,0.03968,0.0339,0.0323,0.02088,1.835294117647059e-06,2.9e-05
1991-05-16 08:17:00,10.652,0.4704,0.1466,0.05026,0.0411,0.0385,0.02706,1.7764705882352942e-06,2.857142857142857e-05
1991-05-16 08:18:00,9.978000000000002,0.4476,0.1354,0.06084,0.0483,0.0447,0.03324,1.7176470588235294e-06,2.8e-05
1991-05-16 08:19:00,9.304,0.4248,0.1242,0.07142,0.0555,0.0509,0.03942,1.6705882352941175e-06,2.7571428571428577e-05
1991-05-16 08:20:00,8.63,0.402,0.113,0.082,0.0627,0.0571,0.0456,1.623529411764706e-06,2.7142857142857148e-05
1991-05-16 08:21:00,8.436,0.38,0.10236,0.07142,0.0555,0.0509,0.03942,1.5764705882352942e-06,2.671428571428572e-05
1991-05-16 08:22:00,8.242,0.358,0.09172,0.06084,0.0483,0.0447,0.03324,1.5294117647058823e-06,2.628571428571429e-05
1991-05-16 08:23:00,8.048,0.3359999999999999,0.08108,0.05026,0.0411,0.0385,0.02706,1.4823529411764707e-06,2.5857142857142856e-05
1991-05-16 08:24:00,7.854,0.314,0.07044,0.03968,0.0339,0.0323,0.02088,1.4352941176470588e-06,2.5428571428571427e-05
1991-05-16 08:25:00,7.66,0.292,0.0598,0.0291,0.0267,0.0261,0.0147,1.388235294117647e-06,2.5e-05
1991-05-16 08:26:00,7.776,0.24938,0.05954,0.0291,0.0267,0.0261,0.0147,1.3411764705882355e-06,2.457142857142857e-05
1991-05-16 08:27:00,7.892,0.20676,0.05928,0.0291,0.0267,0.0261,0.0147,1.2941176470588237e-06,2.4142857142857143e-05
1991-05-16 08:28:00,8.008000000000001,0.1641399999999999,0.05902,0.0291,0.0267,0.0261,0.0147,1.2588235294117646e-06,2.371428571428572e-05
1991-05-16 08:29:00,8.124,0.1215199999999999,0.05876,0.0291,0.0267,0.0261,0.0147,1.223529411764706e-06,2.342857142857143e-05
1991-05-16 08:30:00,8.24,0.0789,0.0585,0.0291,0.0267,0.0261,0.0147,1.176470588235294e-06,2.3e-05
1991-05-16 08:31:00,8.24,0.10472,0.0641,0.03438,0.03196,0.03136,0.01994,1.1388235294117649e-06,2.271428571428572e-05
1991-05-16 08:32:00,8.24,0.13054,0.0697,0.03966,0.03722,0.03662,0.02518,1.1082352941176471e-06,2.2285714285714287e-05
1991-05-16 08:33:00,8.24,0.15636,0.0753,0.04494,0.04248,0.04188,0.0304199999999999,1.0776470588235294e-06,2.2000000000000003e-05
1991-05-16 08:34:00,8.24,0.18218,0.0809,0.05022,0.04774,0.04714,0.03566,1.043529411764706e-06,2.1571428571428574e-05
1991-05-16 08:35:00,8.24,0.208,0.0865,0.0555,0.053,0.0524,0.0409,1.0058823529411763e-06,2.1142857142857144e-05
1991-05-16 08:36:00,8.792,0.2364,0.1216,0.0906,0.0808,0.07512,0.0516,9.741176470588236e-07,2.085714285714286e-05
1991-05-16 08:37:00,9.344,0.2648,0.1567,0.1257,0.1086,0.09784,0.0622999999999999,9.458823529411766e-07,2.042857142857143e-05
1991-05-16 08:38:00,9.896,0.2932,0.1918,0.1608,0.1364,0.12056,0.073,9.070588235294118e-07,2.0142857142857144e-05
1991-05-16 08:39:00,10.448,0.3216,0.2269,0.1959,0.1642,0.14328,0.0837,8.447058823529413e-07,1.957142857142857e-05
1991-05-16 08:40:00,11.0,0.35,0.262,0.231,0.192,0.166,0.0944,8.235294117647059e-07,1.9285714285714285e-05
1991-05-16 08:41:00,11.12,0.3226,0.22162,0.19062,0.15894,0.13802,0.07846,7.988235294117647e-07,1.9142857142857143e-05
1991-05-16 08:42:00,11.24,0.2951999999999999,0.18124,0.1502399999999999,0.12588,0.11004,0.0625199999999999,7.705882352941177e-07,1.871428571428572e-05
1991-05-16 08:43:00,11.36,0.2678,0.1408599999999999,0.1098599999999999,0.09282,0.08206,0.0465799999999999,7.435294117647059e-07,1.8285714285714284e-05
1991-05-16 08:44:00,11.48,0.2404,0.1004799999999999,0.0694799999999999,0.05976,0.05408,0.03064,7.200000000000001e-07,1.785714285714286e-05
1991-05-16 08:45:00,11.6,0.213,0.0601,0.0291,0.0267,0.0261,0.0147,6.941176470588235e-07,1.7571428571428575e-05
1991-05-16 08:46:00,10.732,0.1928,0.06648,0.03582,0.03342,0.0328,0.01588,6.705882352941178e-07,1.7142857142857145e-05
1991-05-16 08:47:00,9.864,0.1726,0.07286,0.04254,0.04014,0.0395,0.01706,6.505882352941177e-07,1.6857142857142858e-05
1991-05-16 08:48:00,8.995999999999999,0.1523999999999999,0.07924,0.04926,0.04686,0.0462,0.01824,6.294117647058823e-07,1.6571428571428574e-05
1991-05-16 08:49:00,8.128,0.1321999999999999,0.08562,0.05598,0.05358,0.0529,0.01942,6.070588235294118e-07,1.6142857142857145e-05
1991-05-16 08:50:00,7.26,0.112,0.092,0.0627,0.0603,0.0596,0.0206,5.870588235294118e-07,1.5857142857142857e-05
1991-05-16 08:51:00,8.008,0.1416,0.09176,0.06196,0.05568,0.054,0.02048,5.658823529411765e-07,1.5428571428571428e-05
1991-05-16 08:52:00,8.756,0.1712,0.09152,0.06122,0.0510599999999999,0.0484,0.02036,5.470588235294117e-07,1.5142857142857144e-05
1991-05-16 08:53:00,9.504,0.2008,0.09128,0.06048,0.0464399999999999,0.0428,0.02024,5.294117647058824e-07,1.4857142857142858e-05
1991-05-16 08:54:00,10.252,0.2304,0.09104,0.05974,0.0418199999999999,0.0372,0.02012,5.141176470588235e-07,1.4571428571428573e-05
1991-05-16 08:55:00,11.0,0.26,0.0908,0.059,0.0372,0.0316,0.02,4.988235294117647e-07,1.4285714285714289e-05
1991-05-16 08:56:00,10.604,0.2538,0.08464,0.05302,0.0351,0.0305,0.01894,4.847058823529412e-07,1.4028571428571428e-05
1991-05-16 08:57:00,10.208,0.2476,0.07848,0.04704,0.033,0.0294,0.01788,4.71764705882353e-07,1.3771428571428572e-05
1991-05-16 08:58:00,9.812,0.2414,0.07232,0.04106,0.0309,0.0283,0.01682,4.588235294117649e-07,1.3485714285714286e-05
1991-05-16 08:59:00,9.416,0.2352,0.06616,0.03508,0.0288,0.0272,0.01576,4.447058823529412e-07,1.3185714285714286e-05
1991-05-16 09:00:00,9.02,0.229,0.06,0.0291,0.0267,0.0261,0.0147,4.294117647058825e-07,1.2885714285714289e-05
1991-05-16 09:01:00,8.982,0.2478,0.06636,0.03552,0.0331,0.0325,0.02112,4.141176470588235e-07,1.2585714285714286e-05
1991-05-16 09:02:00,8.943999999999999,0.2666,0.07272,0.04194,0.0395,0.0389,0.02754,3.988235294117647e-07,1.2214285714285717e-05
1991-05-16 09:03:00,8.906,0.2854,0.07908,0.04836,0.0459,0.0453,0.03396,3.870588235294118e-07,1.197142857142857e-05
1991-05-16 09:04:00,8.868,0.3042,0.08544,0.0547799999999999,0.0523,0.0517,0.04038,3.764705882352942e-07,1.1671428571428572e-05
1991-05-16 09:05:00,8.83,0.323,0.0918,0.0612,0.0587,0.0581,0.0468,3.658823529411765e-07,1.152857142857143e-05
1991-05-16 09:06:00,9.224,0.323,0.09544,0.0645599999999999,0.05612,0.05452,0.04316,3.5647058823529414e-07,1.1271428571428574e-05
1991-05-16 09:07:00,9.618,0.323,0.09908,0.06792,0.05354,0.05094,0.03952,3.5058823529411765e-07,1.0985714285714285e-05
1991-05-16 09:08:00,10.012,0.323,0.10272,0.07128,0.05096,0.04736,0.03588,3.43529411764706e-07,1.0814285714285717e-05
1991-05-16 09:09:00,10.406,0.323,0.10636,0.07464,0.04838,0.04378,0.03224,3.352941176470589e-07,1.0585714285714289e-05
1991-05-16 09:10:00,10.8,0.323,0.11,0.078,0.0458,0.0402,0.0286,3.270588235294117e-07,1.105714285714286e-05
1991-05-16 09:11:00,10.486,0.3168,0.10392,0.07208,0.04296,0.03742,0.02582,3.188235294117647e-07,1.1300000000000002e-05
1991-05-16 09:12:00,10.172,0.3106,0.09784,0.06616,0.04012,0.03464,0.0230399999999999,3.129411764705883e-07,1.1114285714285715e-05
1991-05-16 09:13:00,9.858,0.3044,0.09176,0.06024,0.03728,0.03186,0.02026,3.058823529411765e-07,1.0942857142857144e-05
1991-05-16 09:14:00,9.544,0.2981999999999999,0.08568,0.05432,0.03444,0.02908,0.01748,3e-07,1.0757142857142855e-05
1991-05-16 09:15:00,9.23,0.292,0.0796,0.0484,0.0316,0.0263,0.0147,2.9176470588235293e-07,1.0542857142857142e-05
1991-05-16 09:16:00,9.04,0.25062,0.07666,0.04582,0.0319,0.02752,0.01598,2.835294117647059e-07,1.0342857142857144e-05
1991-05-16 09:17:00,8.85,0.2092399999999999,0.07372,0.04324,0.0322,0.0287399999999999,0.01726,2.776470588235294e-07,1.0157142857142858e-05
1991-05-16 09:18:00,8.66,0.16786,0.07078,0.04066,0.0325,0.02996,0.01854,2.717647058823529e-07,1.0014285714285714e-05
1991-05-16 09:19:00,8.469999999999999,0.12648,0.06784,0.0380799999999999,0.0327999999999999,0.03118,0.01982,2.6705882352941177e-07,9.857142857142855e-06
1991-05-16 09:20:00,8.28,0.0851,0.0649,0.0355,0.0331,0.0324,0.0211,2.611764705882353e-07,9.72857142857143e-06
1991-05-16 09:21:00,8.075999999999999,0.0858999999999999,0.0657,0.03422,0.03182,0.0311399999999999,0.01982,2.588235294117647e-07,9.585714285714286e-06
1991-05-16 09:22:00,7.872,0.0867,0.0665,0.03294,0.0305399999999999,0.02988,0.01854,2.541176470588235e-07,9.5e-06
1991-05-16 09:23:00,7.667999999999999,0.0875,0.0673,0.03166,0.02926,0.02862,0.01726,2.505882352941177e-07,9.414285714285716e-06
1991-05-16 09:24:00,7.463999999999999,0.0883,0.0681,0.03038,0.02798,0.02736,0.01598,2.4705882352941175e-07,9.314285714285716e-06
1991-05-16 09:25:00,7.26,0.0891,0.0689,0.0291,0.0267,0.0261,0.0147,2.423529411764706e-07,9.22857142857143e-06
1991-05-16 09:26:00,7.848,0.09328,0.07306,0.03534,0.03292,0.0323,0.01492,2.3764705882352946e-07,9.1e-06
1991-05-16 09:27:00,8.436,0.09746,0.07722,0.04158,0.03914,0.0385,0.01514,2.3411764705882358e-07,9e-06
1991-05-16 09:28:00,9.024,0.10164,0.08138,0.04782,0.04536,0.0447,0.01536,2.2941176470588246e-07,8.885714285714286e-06
1991-05-16 09:29:00,9.611999999999998,0.10582,0.08554,0.05406,0.05158,0.0509,0.01558,2.258823529411765e-07,8.814285714285715e-06
1991-05-16 09:30:00,10.2,0.11,0.0897,0.0603,0.0578,0.0571,0.0158,2.223529411764706e-07,8.714285714285715e-06
1991-05-16 09:31:00,10.16,0.2274,0.14116,0.07824,0.06358,0.05742,0.01676,2.2e-07,8.628571428571429e-06
1991-05-16 09:32:00,10.12,0.3448,0.1926199999999999,0.09618,0.06936,0.05774,0.01772,2.141176470588236e-07,8.542857142857145e-06
1991-05-16 09:33:00,10.08,0.4621999999999999,0.2440799999999999,0.11412,0.07514,0.05806,0.01868,2.1176470588235298e-07,8.457142857142857e-06
1991-05-16 09:34:00,10.04,0.5796,0.2955399999999999,0.13206,0.0809199999999999,0.05838,0.01964,2.0705882352941179e-07,8.32857142857143e-06
1991-05-16 09:35:00,10.0,0.697,0.347,0.15,0.0867,0.0587,0.0206,2.035294117647059e-07,8.242857142857142e-06
1991-05-16 09:36:00,9.846,0.6362,0.2894799999999999,0.12582,0.0747,0.05218,0.01942,2.011764705882353e-07,8.157142857142858e-06
1991-05-16 09:37:00,9.692,0.5754,0.23196,0.10164,0.0627,0.04566,0.01824,1.988235294117647e-07,8.114285714285715e-06
1991-05-16 09:38:00,9.538,0.5146,0.1744399999999999,0.07746,0.0506999999999999,0.03914,0.01706,2.011764705882353e-07,8.085714285714285e-06
1991-05-16 09:39:00,9.384,0.4538,0.11692,0.0532799999999999,0.0387,0.0326199999999999,0.01588,2.047058823529412e-07,8.085714285714285e-06
1991-05-16 09:40:00,9.23,0.393,0.0594,0.0291,0.0267,0.0261,0.0147,2.047058823529412e-07,8.071428571428572e-06
1991-05-16 09:41:00,8.796,0.366,0.06518,0.03458,0.02774,0.02614,0.0147,1.9764705882352945e-07,8e-06
1991-05-16 09:42:00,8.362,0.339,0.07096,0.04006,0.02878,0.02618,0.0147,1.9294117647058825e-07,7.9e-06
1991-05-16 09:43:00,7.928,0.312,0.07674,0.04554,0.02982,0.02622,0.0147,1.8941176470588242e-07,7.82857142857143e-06
1991-05-16 09:44:00,7.494,0.285,0.08252,0.05102,0.03086,0.02626,0.0147,1.858823529411765e-07,7.757142857142857e-06
1991-05-16 09:45:00,7.06,0.258,0.0883,0.0565,0.0319,0.0263,0.0147,1.835294117647059e-07,7.685714285714286e-06
1991-05-16 09:46:00,7.374,0.2688,0.08258,0.05102,0.03086,0.02626,0.0147,1.811764705882353e-07,7.614285714285714e-06
1991-05-16 09:47:00,7.688,0.2796,0.07686,0.04554,0.02982,0.02622,0.0147,1.776470588235294e-07,7.52857142857143e-06
1991-05-16 09:48:00,8.002,0.2904,0.07114,0.04006,0.02878,0.02618,0.0147,1.7529411764705885e-07,7.457142857142857e-06
1991-05-16 09:49:00,8.316,0.3012,0.06542,0.03458,0.02774,0.02614,0.0147,1.7529411764705885e-07,7.414285714285715e-06
1991-05-16 09:50:00,8.63,0.312,0.0597,0.0291,0.0267,0.0261,0.0147,1.7411764705882357e-07,7.371428571428571e-06
1991-05-16 09:51:00,8.67,0.375,0.12416,0.03936,0.03164,0.03002,0.01858,1.7294117647058825e-07,7.342857142857143e-06
1991-05-16 09:52:00,8.71,0.438,0.18862,0.04962,0.03658,0.03394,0.02246,1.7058823529411768e-07,7.3e-06
1991-05-16 09:53:00,8.75,0.501,0.2530799999999999,0.05988,0.04152,0.03786,0.02634,1.7058823529411768e-07,7.242857142857143e-06
1991-05-16 09:54:00,8.790000000000001,0.5640000000000001,0.31754,0.07014,0.04646,0.04178,0.03022,1.6823529411764708e-07,7.2000000000000005e-06
1991-05-16 09:55:00,8.83,0.627,0.382,0.0804,0.0514,0.0457,0.0341,1.6588235294117649e-07,7.114285714285715e-06
1991-05-16 09:56:00,8.91,0.5556,0.3292,0.08166,0.0547,0.04906,0.03746,1.611764705882353e-07,7.042857142857144e-06
1991-05-16 09:57:00,8.99,0.4842,0.2764,0.08292,0.058,0.05242,0.04082,1.6e-07,6.985714285714286e-06
1991-05-16 09:58:00,9.07,0.4128,0.2236,0.08418,0.0613,0.0557799999999999,0.04418,1.5647058823529417e-07,6.914285714285715e-06
1991-05-16 09:59:00,9.15,0.3414,0.1708,0.08544,0.0646,0.05914,0.04754,1.552941176470588e-07,6.885714285714286e-06
1991-05-16 10:00:00,9.23,0.27,0.118,0.0867,0.0679,0.0625,0.0509,1.5411764705882352e-07,6.857142857142857e-06
1991-05-16 10:01:00,9.864,0.23178,0.1061,0.07518,0.05966,0.05522,0.04366,1.5411764705882352e-07,6.828571428571429e-06
1991-05-16 10:02:00,10.498,0.19356,0.0942,0.06366,0.05142,0.0479399999999999,0.03642,1.5411764705882352e-07,6.828571428571429e-06
1991-05-16 10:03:00,11.132,0.15534,0.0823,0.05214,0.0431799999999999,0.04066,0.0291799999999999,1.51764705882353e-07,6.771428571428572e-06
1991-05-16 10:04:00,11.766,0.11712,0.0704,0.04062,0.03494,0.03338,0.0219399999999999,1.5058823529411766e-07,6.728571428571429e-06
1991-05-16 10:05:00,12.4,0.0789,0.0585,0.0291,0.0267,0.0261,0.0147,1.4823529411764706e-07,6.7e-06
1991-05-16 10:06:00,11.294,0.16552,0.0639,0.03438,0.03196,0.03136,0.01994,1.458823529411765e-07,6.642857142857144e-06
1991-05-16 10:07:00,10.188,0.25214,0.0693,0.03966,0.03722,0.03662,0.02518,1.435294117647059e-07,6.5714285714285714e-06
1991-05-16 10:08:00,9.082,0.3387599999999999,0.0747,0.04494,0.04248,0.04188,0.0304199999999999,1.423529411764706e-07,6.542857142857143e-06
1991-05-16 10:09:00,7.976,0.42538,0.0801,0.05022,0.04774,0.04714,0.03566,1.411764705882353e-07,6.5e-06
1991-05-16 10:10:00,6.87,0.512,0.0855,0.0555,0.053,0.0524,0.0409,1.3999999999999998e-07,6.471428571428572e-06
1991-05-16 10:11:00,7.0280000000000005,0.4868,0.08032,0.05022,0.04774,0.04714,0.03566,1.411764705882353e-07,6.471428571428572e-06
1991-05-16 10:12:00,7.186,0.4616,0.07514,0.04494,0.04248,0.04188,0.03042,1.4470588235294118e-07,6.5e-06
1991-05-16 10:13:00,7.344,0.4364,0.06996,0.03966,0.03722,0.03662,0.02518,1.435294117647059e-07,6.4857142857142856e-06
1991-05-16 10:14:00,7.502,0.4112,0.06478,0.03438,0.03196,0.03136,0.01994,1.423529411764706e-07,6.471428571428572e-06
1991-05-16 10:15:00,7.66,0.386,0.0596,0.0291,0.0267,0.0261,0.0147,1.411764705882353e-07,6.4285714285714295e-06
1991-05-16 10:16:00,7.894,0.45,0.10348,0.03492,0.02774,0.02614,0.0147,1.411764705882353e-07,6.4000000000000006e-06
1991-05-16 10:17:00,8.128,0.514,0.14736,0.04074,0.02878,0.02618,0.0147,1.3999999999999998e-07,6.371428571428572e-06
1991-05-16 10:18:00,8.362,0.578,0.19124,0.04656,0.02982,0.02622,0.0147,1.376470588235294e-07,6.328571428571429e-06
1991-05-16 10:19:00,8.596,0.6419999999999999,0.23512,0.05238,0.03086,0.02626,0.0147,1.3647058823529413e-07,6.285714285714287e-06
1991-05-16 10:20:00,8.83,0.706,0.279,0.0582,0.0319,0.0263,0.0147,1.352941176470588e-07,6.257142857142858e-06
1991-05-16 10:21:00,8.988,0.6262,0.253,0.06996,0.0398,0.0305,0.0149,1.352941176470588e-07,6.242857142857143e-06
1991-05-16 10:22:00,9.146,0.5464,0.227,0.08172,0.0477,0.0347,0.0150999999999999,1.352941176470588e-07,6.2e-06
1991-05-16 10:23:00,9.304,0.4665999999999999,0.201,0.09348,0.0556,0.0389,0.0153,1.3411764705882353e-07,6.171428571428572e-06
1991-05-16 10:24:00,9.462,0.3868,0.175,0.10524,0.0635,0.0431,0.0154999999999999,1.3411764705882353e-07,6.157142857142858e-06
1991-05-16 10:25:00,9.62,0.307,0.149,0.117,0.0714,0.0473,0.0157,1.3411764705882353e-07,6.128571428571428e-06
1991-05-16 10:26:00,9.148,0.3216,0.1568,0.1248,0.07852,0.05048,0.0157199999999999,1.3411764705882353e-07,6.114285714285714e-06
1991-05-16 10:27:00,8.676,0.3362,0.1646,0.1326,0.08564,0.05366,0.01574,1.3411764705882353e-07,6.085714285714286e-06
1991-05-16 10:28:00,8.204,0.3508,0.1724,0.1404,0.09276,0.05684,0.01576,1.3647058823529413e-07,6.057142857142858e-06
1991-05-16 10:29:00,7.731999999999999,0.3654,0.1802,0.1482,0.09988,0.06002,0.01578,1.352941176470588e-07,6.028571428571429e-06
1991-05-16 10:30:00,7.26,0.38,0.188,0.156,0.107,0.0632,0.0158,1.352941176470588e-07,6.014285714285715e-06
1991-05-16 10:31:00,7.731999999999999,0.368,0.172,0.14018,0.09698,0.06084,0.0206,1.376470588235294e-07,6e-06
1991-05-16 10:32:00,8.203999999999999,0.356,0.156,0.12436,0.08696,0.05848,0.0254,1.3647058823529413e-07,6e-06
1991-05-16 10:33:00,8.675999999999998,0.344,0.14,0.10854,0.07694,0.05612,0.0302,1.388235294117647e-07,6.014285714285715e-06
1991-05-16 10:34:00,9.148,0.332,0.124,0.09272,0.06692,0.05376,0.035,1.388235294117647e-07,6.014285714285715e-06
1991-05-16 10:35:00,9.62,0.32,0.108,0.0769,0.0569,0.0514,0.0398,1.411764705882353e-07,6.014285714285715e-06
1991-05-16 10:36:00,9.5,0.3056,0.09724,0.0662,0.04972,0.04518,0.03363,1.423529411764706e-07,6.028571428571429e-06
1991-05-16 10:37:00,9.38,0.2912,0.08648,0.0555,0.0425399999999999,0.03896,0.02746,1.470588235294118e-07,6.1e-06
1991-05-16 10:38:00,9.26,0.2768,0.07572,0.0448,0.0353599999999999,0.03274,0.02129,1.5411764705882352e-07,6.214285714285715e-06
1991-05-16 10:39:00,9.14,0.2624,0.0649599999999999,0.0341,0.0281799999999999,0.02652,0.01512,1.5411764705882352e-07,6.2e-06
1991-05-16 10:40:00,9.02,0.248,0.0542,0.0234,0.021,0.0203,0.00895,1.5411764705882352e-07,6.185714285714286e-06
1991-05-16 10:41:00,9.02,0.332,0.07556,0.02454,0.02214,0.02146,0.0101,1.552941176470588e-07,6.157142857142858e-06
1991-05-16 10:42:00,9.02,0.416,0.09692,0.02568,0.02328,0.02262,0.01125,1.5764705882352948e-07,6.157142857142858e-06
1991-05-16 10:43:00,9.02,0.5,0.11828,0.02682,0.02442,0.02378,0.0124,1.5882352941176474e-07,6.157142857142858e-06
1991-05-16 10:44:00,9.02,0.5840000000000001,0.13964,0.02796,0.02556,0.02494,0.01355,1.611764705882353e-07,6.157142857142858e-06
1991-05-16 10:45:00,9.02,0.668,0.161,0.0291,0.0267,0.0261,0.0147,1.611764705882353e-07,6.157142857142858e-06
1991-05-16 10:46:00,9.376,0.5666,0.157,0.04448,0.04216,0.04148,0.02144,1.623529411764706e-07,6.157142857142858e-06
1991-05-16 10:47:00,9.732,0.4652,0.153,0.05986,0.05762,0.05686,0.02818,1.6352941176470586e-07,6.157142857142858e-06
1991-05-16 10:48:00,10.088,0.3638,0.149,0.07524,0.0730799999999999,0.07224,0.03492,1.6588235294117649e-07,6.157142857142858e-06
1991-05-16 10:49:00,10.444,0.2624,0.145,0.09062,0.08854,0.08762,0.04166,1.6705882352941177e-07,6.157142857142858e-06
1991-05-16 10:50:00,10.8,0.161,0.141,0.106,0.104,0.103,0.0484,1.6941176470588234e-07,6.157142857142858e-06
1991-05-16 10:51:00,10.13,0.1918,0.12544,0.0913399999999999,0.0892599999999999,0.08832,0.04236,1.7176470588235297e-07,6.157142857142858e-06
1991-05-16 10:52:00,9.46,0.2226,0.1098799999999999,0.07668,0.07452,0.07364,0.03632,1.7529411764705885e-07,6.185714285714286e-06
1991-05-16 10:53:00,8.79,0.2534,0.09432,0.0620199999999999,0.05978,0.05896,0.03028,1.776470588235294e-07,6.2e-06
1991-05-16 10:54:00,8.120000000000001,0.2842,0.07876,0.0473599999999999,0.04504,0.04428,0.02424,1.776470588235294e-07,6.214285714285715e-06
1991-05-16 10:55:00,7.45,0.315,0.0632,0.0327,0.0303,0.0296,0.0182,1.8000000000000002e-07,6.242857142857143e-06
1991-05-16 10:56:00,7.53,0.27032,0.06482,0.03454,0.03214,0.03144,0.02006,1.811764705882353e-07,6.285714285714287e-06
1991-05-16 10:57:00,7.61,0.22564,0.06644,0.03638,0.03398,0.03328,0.02192,1.835294117647059e-07,6.300000000000001e-06
1991-05-16 10:58:00,7.689999999999999,0.18096,0.06806,0.03822,0.03582,0.03512,0.02378,1.858823529411765e-07,6.328571428571429e-06
1991-05-16 10:59:00,7.77,0.13628,0.06968,0.04006,0.03766,0.03696,0.02564,1.8705882352941177e-07,6.371428571428572e-06
1991-05-16 11:00:00,7.85,0.0916,0.0713,0.0419,0.0395,0.0388,0.0275,1.9058823529411765e-07,6.4000000000000006e-06
1991-05-16 11:01:00,8.28,0.15348,0.09484,0.0439,0.03852,0.03688,0.02552,1.941176470588236e-07,6.4571428571428575e-06
1991-05-16 11:02:00,8.709999999999999,0.21536,0.11838,0.0459,0.03754,0.03496,0.02354,1.9647058823529413e-07,6.5e-06
1991-05-16 11:03:00,9.14,0.27724,0.14192,0.0479,0.03656,0.03304,0.02156,1.988235294117647e-07,6.528571428571429e-06
1991-05-16 11:04:00,9.57,0.33912,0.16546,0.0499,0.03558,0.03112,0.01958,2e-07,6.557142857142857e-06
1991-05-16 11:05:00,10.0,0.401,0.189,0.0519,0.0346,0.0292,0.0176,2.011764705882353e-07,6.5714285714285714e-06
1991-05-16 11:06:00,9.804,0.417,0.1856,0.06192,0.04768,0.04322,0.02204,2.011764705882353e-07,6.5714285714285714e-06
1991-05-16 11:07:00,9.608,0.433,0.1822,0.07194,0.06076,0.05724,0.02648,2e-07,6.5714285714285714e-06
1991-05-16 11:08:00,9.412,0.449,0.1788,0.0819599999999999,0.07384,0.07126,0.03092,2e-07,6.6e-06
1991-05-16 11:09:00,9.216,0.4649999999999999,0.1754,0.0919799999999999,0.08692,0.08528,0.03536,2.011764705882353e-07,6.642857142857144e-06
1991-05-16 11:10:00,9.02,0.481,0.172,0.102,0.1,0.0993,0.0398,2.035294117647059e-07,6.685714285714286e-06
1991-05-16 11:11:00,8.982,0.4082,0.15696,0.0950999999999999,0.093,0.0923,0.04244,2.023529411764706e-07,6.685714285714286e-06
1991-05-16 11:12:00,8.943999999999999,0.3354,0.14192,0.0882,0.086,0.0853,0.04508,2.023529411764706e-07,6.714285714285714e-06
1991-05-16 11:13:00,8.906,0.2625999999999999,0.12688,0.0813,0.079,0.0783,0.04772,2.058823529411765e-07,6.757142857142857e-06
1991-05-16 11:14:00,8.868,0.1897999999999999,0.11184,0.0744,0.072,0.0713,0.05036,2.082352941176471e-07,6.800000000000001e-06
1991-05-16 11:15:00,8.83,0.117,0.0968,0.0675,0.065,0.0643,0.053,2.129411764705883e-07,6.857142857142857e-06
1991-05-16 11:16:00,8.91,0.1102,0.08998,0.05856,0.05608,0.05538,0.044072,2.176470588235294e-07,6.928571428571429e-06
1991-05-16 11:17:00,8.99,0.1034,0.08316,0.04962,0.04716,0.0464599999999999,0.0351439999999999,2.188235294117647e-07,6.942857142857144e-06
1991-05-16 11:18:00,9.07,0.0966,0.07634,0.04068,0.0382399999999999,0.0375399999999999,0.0262159999999999,2.176470588235294e-07,6.971428571428572e-06
1991-05-16 11:19:00,9.15,0.0898,0.06952,0.03174,0.02932,0.0286199999999999,0.0172879999999999,2.2e-07,7e-06
1991-05-16 11:20:00,9.23,0.083,0.0627,0.0228,0.0204,0.0197,0.00836,2.2e-07,7.014285714285714e-06
