time_stamp,e2_flux_ic,p2_flux_ic,p3_flux_ic,p4_flux_ic,p5_flux_ic,p6_flux_ic,p7_flux_ic,short,long
1992-02-20 13:12:00,6.788,0.07802,0.05846,0.0263799999999999,0.0246799999999999,0.02418,0.012804,4.447058823529412e-08,4.128571428571429e-06
1992-02-20 13:13:00,6.552,0.07868,0.05914,0.0251199999999999,0.0234199999999999,0.02292,0.011556,5.388235294117648e-08,4.142857142857144e-06
1992-02-20 13:14:00,6.316,0.07934,0.05982,0.02386,0.02216,0.02166,0.010308,5.776470588235296e-08,4.1571428571428575e-06
1992-02-20 13:15:00,6.08,0.08,0.0605,0.0226,0.0209,0.0204,0.00906,6.023529411764707e-08,4.171428571428572e-06
1992-02-20 13:16:00,6.434,0.08296,0.06346,0.0273799999999999,0.0231199999999999,0.0217,0.010308,6.070588235294118e-08,4.2e-06
1992-02-20 13:17:00,6.788,0.08592,0.06642,0.03216,0.02534,0.023,0.011556,6.270588235294117e-08,4.257142857142857e-06
1992-02-20 13:18:00,7.142,0.08888,0.06938,0.03694,0.02756,0.0243,0.012804,7.011764705882352e-08,4.4e-06
1992-02-20 13:19:00,7.495999999999999,0.0918399999999999,0.07234,0.04172,0.02978,0.0256,0.0140519999999999,7.894117647058823e-08,4.5e-06
1992-02-20 13:20:00,7.85,0.0948,0.0753,0.0465,0.032,0.0269,0.0153,7.776470588235296e-08,4.528571428571429e-06
1992-02-20 13:21:00,7.77,0.18244,0.11184,0.05148,0.0351,0.0299,0.0183,7.058823529411766e-08,4.442857142857143e-06
1992-02-20 13:22:00,7.689999999999999,0.27008,0.14838,0.05646,0.0382,0.0329,0.0213,6.494117647058824e-08,4.371428571428571e-06
1992-02-20 13:23:00,7.61,0.35772,0.18492,0.06144,0.0413,0.0359,0.0243,6.211764705882353e-08,4.285714285714286e-06
1992-02-20 13:24:00,7.53,0.44536,0.22146,0.06642,0.0444,0.0389,0.0272999999999999,5.8235294117647066e-08,4.2142857142857145e-06
1992-02-20 13:25:00,7.45,0.533,0.258,0.0714,0.0475,0.0419,0.0303,5.4941176470588244e-08,4.128571428571429e-06
1992-02-20 13:26:00,7.134,0.4754,0.2514,0.09612,0.06,0.04632,0.02764,5.058823529411765e-08,4.042857142857143e-06
1992-02-20 13:27:00,6.8180000000000005,0.4178,0.2448,0.12084,0.0725,0.05074,0.02498,5.2235294117647065e-08,4.028571428571429e-06
1992-02-20 13:28:00,6.502000000000001,0.3602,0.2382,0.14556,0.085,0.05516,0.02232,5.8235294117647066e-08,4.057142857142858e-06
1992-02-20 13:29:00,6.186,0.3026,0.2316,0.17028,0.0975,0.05958,0.01966,6.129411764705885e-08,4.114285714285715e-06
1992-02-20 13:30:00,5.87,0.245,0.225,0.195,0.11,0.064,0.017,7.188235294117646e-08,4.2142857142857145e-06
1992-02-20 13:31:00,6.08,0.2163999999999999,0.19656,0.1669,0.09856,0.06168,0.0218,8.505882352941179e-08,4.385714285714285e-06
1992-02-20 13:32:00,6.29,0.1878,0.16812,0.1388,0.08712,0.05936,0.0266,1.0270588235294117e-07,4.542857142857143e-06
1992-02-20 13:33:00,6.5,0.1591999999999999,0.13968,0.1106999999999999,0.07568,0.05704,0.0314,1.1882352941176473e-07,4.728571428571429e-06
1992-02-20 13:34:00,6.71,0.1306,0.11124,0.0825999999999999,0.0642399999999999,0.05472,0.0362,1.258823529411765e-07,4.885714285714286e-06
1992-02-20 13:35:00,6.92,0.102,0.0828,0.0545,0.0528,0.0524,0.041,1.282352941176471e-07,5.014285714285714e-06
1992-02-20 13:36:00,6.83,0.1212,0.08382,0.05502,0.04958,0.04818,0.03674,1.223529411764706e-07,5.057142857142857e-06
1992-02-20 13:37:00,6.74,0.1404,0.08484,0.05554,0.04636,0.04396,0.03248,1.168235294117647e-07,5.085714285714285e-06
1992-02-20 13:38:00,6.65,0.1596,0.08586,0.05606,0.04314,0.03974,0.02822,1.0776470588235296e-07,5.071428571428571e-06
1992-02-20 13:39:00,6.56,0.1788,0.08688,0.05658,0.03992,0.03552,0.02396,9.788235294117649e-08,5.014285714285714e-06
1992-02-20 13:40:00,6.47,0.198,0.0879,0.0571,0.0367,0.0313,0.0197,8.941176470588238e-08,4.9571428571428575e-06
1992-02-20 13:41:00,6.35,0.21,0.0877,0.0569,0.03586,0.03042,0.01882,8.211764705882355e-08,4.9000000000000005e-06
1992-02-20 13:42:00,6.23,0.222,0.0875,0.0567,0.03502,0.02954,0.0179399999999999,8.247058823529413e-08,4.885714285714286e-06
1992-02-20 13:43:00,6.11,0.234,0.0873,0.0564999999999999,0.03418,0.02866,0.01706,7.91764705882353e-08,4.857142857142858e-06
1992-02-20 13:44:00,5.99,0.246,0.0871,0.0562999999999999,0.03334,0.02778,0.01618,7.270588235294117e-08,4.800000000000001e-06
1992-02-20 13:45:00,5.87,0.258,0.0869,0.0561,0.0325,0.0269,0.0153,6.76470588235294e-08,4.742857142857143e-06
1992-02-20 13:46:00,5.718,0.2284,0.08772,0.05726,0.0344,0.02884,0.01724,6.505882352941177e-08,4.742857142857143e-06
1992-02-20 13:47:00,5.566,0.1988,0.08854,0.05842,0.0363,0.03078,0.01918,6.176470588235295e-08,4.728571428571429e-06
1992-02-20 13:48:00,5.414000000000001,0.1692,0.08936,0.0595799999999999,0.0382,0.03272,0.02112,5.9294117647058834e-08,4.728571428571429e-06
1992-02-20 13:49:00,5.2620000000000005,0.1396,0.09018,0.0607399999999999,0.0401,0.03466,0.02306,6.164705882352942e-08,4.728571428571429e-06
1992-02-20 13:50:00,5.11,0.11,0.091,0.0619,0.042,0.0366,0.025,6.2e-08,4.728571428571429e-06
1992-02-20 13:51:00,5.854,0.1096,0.09042,0.05762,0.04136,0.03694,0.0254,6.247058823529412e-08,4.671428571428572e-06
1992-02-20 13:52:00,6.598000000000001,0.1092,0.08984,0.05334,0.04072,0.03728,0.0258,6.011764705882354e-08,4.585714285714286e-06
1992-02-20 13:53:00,7.342,0.1088,0.0892599999999999,0.04906,0.04008,0.03762,0.0262,5.858823529411765e-08,4.542857142857143e-06
1992-02-20 13:54:00,8.086,0.1084,0.08868,0.04478,0.03944,0.03796,0.0266,5.6235294117647074e-08,4.471428571428572e-06
1992-02-20 13:55:00,8.83,0.108,0.0881,0.0405,0.0388,0.0383,0.027,5.2941176470588246e-08,4.385714285714285e-06
1992-02-20 13:56:00,8.554,0.10618,0.08634,0.0424,0.03624,0.03472,0.023382,5.035294117647059e-08,4.3e-06
1992-02-20 13:57:00,8.278,0.10436,0.08458,0.0443,0.03368,0.03114,0.0197639999999999,4.941176470588236e-08,4.271428571428572e-06
1992-02-20 13:58:00,8.002,0.10254,0.0828199999999999,0.0462,0.03112,0.02756,0.0161459999999999,5.6588235294117655e-08,4.285714285714286e-06
1992-02-20 13:59:00,7.726,0.10072,0.08106,0.0481,0.02856,0.02398,0.0125279999999999,6.929411764705883e-08,4.4e-06
1992-02-20 14:00:00,7.45,0.0989,0.0793,0.05,0.026,0.0204,0.00891,9.894117647058825e-08,4.642857142857143e-06
1992-02-20 14:01:00,7.334,0.20112,0.11584,0.0503,0.02726,0.0217,0.010188,1.258823529411765e-07,4.857142857142858e-06
1992-02-20 14:02:00,7.218,0.30334,0.15238,0.0506,0.02852,0.023,0.011466,1.423529411764706e-07,5.042857142857143e-06
1992-02-20 14:03:00,7.102,0.40556,0.18892,0.0509,0.02978,0.0243,0.012744,1.51764705882353e-07,5.2e-06
1992-02-20 14:04:00,6.986,0.50778,0.22546,0.0511999999999999,0.03104,0.0256,0.014022,1.611764705882353e-07,5.385714285714286e-06
1992-02-20 14:05:00,6.87,0.61,0.262,0.0515,0.0323,0.0269,0.0153,1.623529411764706e-07,5.471428571428572e-06
1992-02-20 14:06:00,7.38,0.5569999999999999,0.22792,0.0533999999999999,0.03234,0.0269,0.0153,1.552941176470588e-07,5.500000000000001e-06
1992-02-20 14:07:00,7.890000000000001,0.504,0.19384,0.0552999999999999,0.03238,0.0269,0.0153,1.458823529411765e-07,5.500000000000001e-06
1992-02-20 14:08:00,8.4,0.4509999999999999,0.15976,0.0572,0.03242,0.0269,0.0153,1.388235294117647e-07,5.471428571428572e-06
1992-02-20 14:09:00,8.91,0.3979999999999999,0.12568,0.0591,0.03246,0.0269,0.0153,1.2705882352941176e-07,5.414285714285715e-06
1992-02-20 14:10:00,9.42,0.345,0.0916,0.061,0.0325,0.0269,0.0153,1.168235294117647e-07,5.342857142857144e-06
1992-02-20 14:11:00,8.91,0.3322,0.12548,0.0954,0.0722,0.06772,0.03944,1.176470588235294e-07,5.4e-06
1992-02-20 14:12:00,8.4,0.3194,0.15936,0.1298,0.1119,0.10854,0.06358,1.9294117647058825e-07,6.071428571428572e-06
1992-02-20 14:13:00,7.89,0.3066,0.19324,0.1642,0.1516,0.14936,0.08772,3e-07,7.2000000000000005e-06
1992-02-20 14:14:00,7.38,0.2938,0.22712,0.1986,0.1913,0.19018,0.11186,5.482352941176471e-07,9.242857142857145e-06
1992-02-20 14:15:00,6.87,0.281,0.261,0.233,0.231,0.231,0.136,8.235294117647059e-07,1.2014285714285715e-05
1992-02-20 14:16:00,6.79,0.24312,0.22326,0.19518,0.19322,0.19314,0.11486,7.094117647058824e-07,1.2385714285714288e-05
1992-02-20 14:17:00,6.71,0.20524,0.18552,0.15736,0.15544,0.15528,0.09372,5.4e-07,1.1271428571428574e-05
1992-02-20 14:18:00,6.63,0.16736,0.14778,0.11954,0.11766,0.11742,0.07258,4.235294117647059e-07,9.971428571428573e-06
1992-02-20 14:19:00,6.55,0.12948,0.11004,0.0817199999999999,0.07988,0.0795599999999999,0.05144,3.2823529411764706e-07,8.885714285714286e-06
1992-02-20 14:20:00,6.47,0.0916,0.0723,0.0439,0.0421,0.0417,0.0303,2.552941176470588e-07,8.014285714285715e-06
1992-02-20 14:21:00,6.55,0.09948,0.06964,0.0409,0.03912,0.0387,0.0273,2.023529411764706e-07,7.3e-06
1992-02-20 14:22:00,6.63,0.10736,0.06698,0.0379,0.03614,0.0357,0.0243,1.647058823529412e-07,6.671428571428572e-06
1992-02-20 14:23:00,6.71,0.11524,0.06432,0.0349,0.0331599999999999,0.0327,0.0213,1.3999999999999998e-07,6.185714285714286e-06
1992-02-20 14:24:00,6.79,0.12312,0.06166,0.0319,0.03018,0.0297,0.0183,1.176470588235294e-07,5.785714285714286e-06
1992-02-20 14:25:00,6.87,0.131,0.059,0.0289,0.0272,0.0267,0.0153,1.088235294117647e-07,5.428571428571429e-06
1992-02-20 14:26:00,6.752,0.1452,0.06258,0.03242,0.0281599999999999,0.02674,0.0153,1.003529411764706e-07,5.2e-06
1992-02-20 14:27:00,6.634,0.1594,0.06616,0.03594,0.02912,0.02678,0.0153,9.105882352941177e-08,5e-06
1992-02-20 14:28:00,6.516,0.1736,0.06974,0.0394599999999999,0.03008,0.02682,0.0153,8.36470588235294e-08,4.842857142857144e-06
1992-02-20 14:29:00,6.398000000000001,0.1878,0.07332,0.04298,0.03104,0.02686,0.0153,7.705882352941176e-08,4.685714285714286e-06
1992-02-20 14:30:00,6.28,0.202,0.0769,0.0465,0.032,0.0269,0.0153,7.200000000000001e-08,4.571428571428571e-06
1992-02-20 14:31:00,6.24,0.2396,0.10452,0.0742,0.0624,0.05812,0.0302199999999999,6.529411764705882e-08,4.428571428571429e-06
1992-02-20 14:32:00,6.2,0.2772,0.1321399999999999,0.1019,0.0928,0.08934,0.04514,6.03529411764706e-08,4.328571428571428e-06
1992-02-20 14:33:00,6.16,0.3148,0.1597599999999999,0.1296,0.1232,0.12056,0.0600599999999999,5.7411764705882354e-08,4.2285714285714285e-06
1992-02-20 14:34:00,6.12,0.3524,0.18738,0.1573,0.1536,0.15178,0.0749799999999999,5.541176470588236e-08,4.1571428571428575e-06
1992-02-20 14:35:00,6.08,0.39,0.215,0.185,0.184,0.183,0.0899,5.352941176470588e-08,4.085714285714287e-06
1992-02-20 14:36:00,6.276,0.3494,0.18738,0.1573,0.1536,0.15178,0.0749799999999999,5.4e-08,4.057142857142858e-06
1992-02-20 14:37:00,6.472,0.3088,0.15976,0.1296,0.1232,0.12056,0.0600599999999999,5.51764705882353e-08,4.057142857142858e-06
1992-02-20 14:38:00,6.667999999999999,0.2682,0.13214,0.1018999999999999,0.0928,0.08934,0.04514,5.2941176470588246e-08,4.028571428571429e-06
1992-02-20 14:39:00,6.864,0.2276,0.10452,0.0741999999999999,0.0624,0.05812,0.0302199999999999,5.129411764705882e-08,4.014285714285715e-06
1992-02-20 14:40:00,7.06,0.187,0.0769,0.0465,0.032,0.0269,0.0153,5.2705882352941177e-08,4.057142857142858e-06
1992-02-20 14:41:00,7.1,0.1708,0.07886,0.04886,0.03696,0.03276,0.0156199999999999,5.352941176470588e-08,4.071428571428572e-06
1992-02-20 14:42:00,7.14,0.1546,0.08082,0.05122,0.04192,0.03862,0.01594,5.094117647058824e-08,4.028571428571429e-06
1992-02-20 14:43:00,7.18,0.1384,0.0827799999999999,0.05358,0.04688,0.04448,0.01626,4.447058823529412e-08,3.914285714285715e-06
1992-02-20 14:44:00,7.22,0.1222,0.08474,0.05594,0.05184,0.0503399999999999,0.0165799999999999,4.129411764705883e-08,3.842857142857143e-06
1992-02-20 14:45:00,7.26,0.106,0.0867,0.0583,0.0568,0.0562,0.0169,3.88235294117647e-08,3.757142857142857e-06
1992-02-20 14:46:00,7.142,0.1077999999999999,0.08846,0.05998,0.0549,0.05334,0.01958,3.5411764705882355e-08,3.671428571428572e-06
1992-02-20 14:47:00,7.024,0.1096,0.09022,0.06166,0.053,0.05048,0.02226,3.647058823529412e-08,3.6285714285714287e-06
1992-02-20 14:48:00,6.906,0.1114,0.09198,0.06334,0.0511,0.0476199999999999,0.02494,3.51764705882353e-08,3.5857142857142862e-06
1992-02-20 14:49:00,6.788,0.1132,0.09374,0.06502,0.0492,0.04476,0.02762,3.364705882352941e-08,3.5571428571428573e-06
1992-02-20 14:50:00,6.67,0.115,0.0955,0.0667,0.0473,0.0419,0.0303,3.411764705882353e-08,3.514285714285715e-06
1992-02-20 14:51:00,6.788,0.1886,0.1282,0.0989599999999999,0.06824,0.0497,0.02762,3.4705882352941174e-08,3.471428571428572e-06
1992-02-20 14:52:00,6.906,0.2622,0.1609,0.13122,0.08918,0.0574999999999999,0.02494,3.3882352941176475e-08,3.442857142857143e-06
1992-02-20 14:53:00,7.024,0.3358,0.1936,0.16348,0.11012,0.0653,0.02226,3.4352941176470594e-08,3.457142857142857e-06
1992-02-20 14:54:00,7.142,0.4094,0.2263,0.1957399999999999,0.1310599999999999,0.0731,0.01958,3.364705882352941e-08,3.4285714285714285e-06
1992-02-20 14:55:00,7.26,0.483,0.259,0.228,0.152,0.0809,0.0169,3.1529411764705884e-08,3.385714285714286e-06
1992-02-20 14:56:00,6.946,0.4192,0.236,0.19356,0.12976,0.07186,0.0183599999999999,3.2235294117647064e-08,3.371428571428572e-06
1992-02-20 14:57:00,6.632,0.3554,0.213,0.1591199999999999,0.10752,0.06282,0.0198199999999999,3.6117647058823536e-08,3.4000000000000005e-06
1992-02-20 14:58:00,6.318,0.2915999999999999,0.19,0.1246799999999999,0.08528,0.05378,0.02128,4.2352941176470586e-08,3.485714285714286e-06
1992-02-20 14:59:00,6.004,0.2278,0.1669999999999999,0.0902399999999999,0.06304,0.04474,0.02274,4.294117647058824e-08,3.514285714285715e-06
1992-02-20 15:00:00,5.69,0.164,0.144,0.0558,0.0408,0.0357,0.0242,4.211764705882354e-08,3.485714285714286e-06
1992-02-20 15:01:00,6.0840000000000005,0.1612,0.1414,0.06524,0.05284,0.04856,0.03718,4.03529411764706e-08,3.471428571428572e-06
1992-02-20 15:02:00,6.478000000000001,0.1584,0.1388,0.07468,0.06488,0.06142,0.0501599999999999,4e-08,3.457142857142857e-06
1992-02-20 15:03:00,6.872,0.1556,0.1362,0.08412,0.07692,0.07428,0.06314,3.88235294117647e-08,3.4285714285714285e-06
1992-02-20 15:04:00,7.266,0.1528,0.1336,0.09356,0.08896,0.08714,0.07612,3.741176470588235e-08,3.4285714285714285e-06
1992-02-20 15:05:00,7.66,0.15,0.131,0.103,0.101,0.1,0.0891,3.964705882352941e-08,3.442857142857143e-06
1992-02-20 15:06:00,7.15,0.1948,0.1338,0.0933,0.09136,0.09048,0.07948,4.2235294117647055e-08,3.485714285714286e-06
1992-02-20 15:07:00,6.640000000000001,0.2395999999999999,0.1366,0.0836,0.08172,0.08096,0.06986,4.458823529411765e-08,3.514285714285715e-06
1992-02-20 15:08:00,6.13,0.2844,0.1394,0.0739,0.07208,0.07144,0.06024,4.48235294117647e-08,3.514285714285715e-06
1992-02-20 15:09:00,5.62,0.3292,0.1422,0.0642,0.06244,0.06192,0.05062,4.435294117647059e-08,3.542857142857143e-06
1992-02-20 15:10:00,5.11,0.374,0.145,0.0545,0.0528,0.0524,0.041,4.4117647058823535e-08,3.571428571428572e-06
1992-02-20 15:11:00,5.54,0.3196,0.1325599999999999,0.0545,0.0528,0.0524,0.041,4.211764705882354e-08,3.571428571428572e-06
1992-02-20 15:12:00,5.97,0.2652,0.1201199999999999,0.0545,0.0528,0.0524,0.041,4.11764705882353e-08,3.5571428571428573e-06
1992-02-20 15:13:00,6.4,0.2108,0.10768,0.0545,0.0528,0.0524,0.041,3.9294117647058827e-08,3.528571428571429e-06
1992-02-20 15:14:00,6.83,0.1563999999999999,0.0952399999999999,0.0545,0.0528,0.0524,0.041,3.6117647058823536e-08,3.485714285714286e-06
1992-02-20 15:15:00,7.26,0.102,0.0828,0.0545,0.0528,0.0524,0.041,3.6352941176470585e-08,3.442857142857143e-06
1992-02-20 15:16:00,7.142,0.10096,0.08172,0.04938,0.04768,0.04726,0.03586,3.3882352941176475e-08,3.4142857142857145e-06
1992-02-20 15:17:00,7.024,0.09992,0.08064,0.04426,0.04256,0.04212,0.03072,3.4352941176470594e-08,3.4142857142857145e-06
1992-02-20 15:18:00,6.906,0.09888,0.0795599999999999,0.0391399999999999,0.03744,0.03698,0.02558,3.4941176470588243e-08,3.4285714285714285e-06
1992-02-20 15:19:00,6.788,0.09784,0.07848,0.0340199999999999,0.03232,0.03184,0.02044,3.5294117647058824e-08,3.4285714285714285e-06
1992-02-20 15:20:00,6.67,0.0968,0.0774,0.0289,0.0272,0.0267,0.0153,3.5294117647058824e-08,3.4285714285714285e-06
1992-02-20 15:21:00,6.316,0.0968,0.0774,0.03166,0.02996,0.02946,0.01806,3.4823529411764706e-08,3.4285714285714285e-06
1992-02-20 15:22:00,5.962,0.0968,0.0774,0.03442,0.03272,0.03222,0.0208199999999999,3.352941176470588e-08,3.4285714285714285e-06
1992-02-20 15:23:00,5.6080000000000005,0.0968,0.0774,0.03718,0.03548,0.03498,0.02358,3.176470588235294e-08,3.385714285714286e-06
1992-02-20 15:24:00,5.254,0.0968,0.0774,0.03994,0.03824,0.03774,0.02634,3.1647058823529415e-08,3.371428571428572e-06
1992-02-20 15:25:00,4.9,0.0968,0.0774,0.0427,0.041,0.0405,0.0291,3.51764705882353e-08,3.4142857142857145e-06
1992-02-20 15:26:00,5.254,0.0947399999999999,0.07528,0.04188,0.04016,0.03968,0.02828,6.482352941176471e-08,3.8e-06
1992-02-20 15:27:00,5.6080000000000005,0.09268,0.07316,0.04106,0.03932,0.03886,0.02746,5.894117647058823e-08,3.8142857142857145e-06
1992-02-20 15:28:00,5.962,0.0906199999999999,0.0710399999999999,0.04024,0.03848,0.03804,0.02664,8.447058823529412e-08,4.071428571428572e-06
1992-02-20 15:29:00,6.316,0.08856,0.06892,0.03942,0.03764,0.03722,0.02582,9.329411764705885e-08,4.285714285714286e-06
1992-02-20 15:30:00,6.67,0.0865,0.0668,0.0386,0.0368,0.0364,0.025,7.023529411764705e-08,4.042857142857143e-06
1992-02-20 15:31:00,6.16,0.0852,0.06554,0.0354,0.03362,0.0332,0.021812,6.070588235294118e-08,3.942857142857143e-06
1992-02-20 15:32:00,5.65,0.0839,0.06428,0.0322,0.03044,0.03,0.018624,4.9294117647058824e-08,3.785714285714286e-06
1992-02-20 15:33:00,5.14,0.0825999999999999,0.0630199999999999,0.029,0.02726,0.0268,0.0154359999999999,5.2941176470588246e-08,3.8142857142857145e-06
1992-02-20 15:34:00,4.63,0.0813,0.0617599999999999,0.0258,0.0240799999999999,0.0236,0.0122479999999999,4.329411764705882e-08,3.6857142857142857e-06
1992-02-20 15:35:00,4.12,0.08,0.0605,0.0226,0.0209,0.0204,0.00906,3.411764705882353e-08,3.5e-06
1992-02-20 15:36:00,4.67,0.1142,0.06782,0.03142,0.02618,0.0247,0.013308,2.9764705882352945e-08,3.385714285714286e-06
1992-02-20 15:37:00,5.220000000000001,0.1483999999999999,0.07514,0.04024,0.03146,0.029,0.017556,2.6352941176470588e-08,3.2857142857142857e-06
1992-02-20 15:38:00,5.7700000000000005,0.1825999999999999,0.08246,0.0490599999999999,0.03674,0.0333,0.021804,2.5764705882352945e-08,3.2428571428571428e-06
1992-02-20 15:39:00,6.32,0.2168,0.08978,0.05788,0.04202,0.0376,0.026052,2.800000000000001e-08,3.2142857142857147e-06
1992-02-20 15:40:00,6.87,0.251,0.0971,0.0667,0.0473,0.0419,0.0303,2.8235294117647065e-08,3.171428571428572e-06
1992-02-20 15:41:00,6.83,0.2218,0.09474,0.06458,0.04434,0.0389,0.0273,2.611764705882353e-08,3.142857142857144e-06
1992-02-20 15:42:00,6.79,0.1926,0.09238,0.0624599999999999,0.04138,0.0359,0.0243,2.3529411764705885e-08,3.1142857142857144e-06
1992-02-20 15:43:00,6.75,0.1634,0.09002,0.06034,0.03842,0.0329,0.0213,2.105882352941177e-08,3.057142857142857e-06
1992-02-20 15:44:00,6.71,0.1341999999999999,0.08766,0.0582199999999999,0.03546,0.0299,0.0183,1.823529411764705e-08,3.028571428571429e-06
1992-02-20 15:45:00,6.67,0.105,0.0853,0.0561,0.0325,0.0269,0.0153,1.4823529411764708e-08,3e-06
1992-02-20 15:46:00,7.022,0.1538,0.07988,0.05066,0.03144,0.02686,0.0153,1.6705882352941175e-08,3e-06
1992-02-20 15:47:00,7.374,0.2026,0.07446,0.0452199999999999,0.03038,0.02682,0.0153,2.1176470588235293e-08,3.0142857142857145e-06
1992-02-20 15:48:00,7.726,0.2513999999999999,0.06904,0.0397799999999999,0.02932,0.02678,0.0153,2.2588235294117648e-08,3.042857142857143e-06
1992-02-20 15:49:00,8.078,0.3001999999999999,0.06362,0.0343399999999999,0.02826,0.02674,0.0153,3.2823529411764714e-08,3.142857142857144e-06
1992-02-20 15:50:00,8.43,0.349,0.0582,0.0289,0.0272,0.0267,0.0153,3.2e-08,3.142857142857144e-06
1992-02-20 15:51:00,7.528,0.3122,0.07576,0.04612,0.04456,0.04396,0.0237,3.717647058823529e-08,3.171428571428572e-06
1992-02-20 15:52:00,6.626,0.2754,0.09332,0.06334,0.06192,0.06122,0.0321,4.270588235294119e-08,3.271428571428572e-06
1992-02-20 15:53:00,5.724,0.2386,0.11088,0.08056,0.07928,0.07848,0.0405,4.094117647058824e-08,3.2428571428571428e-06
1992-02-20 15:54:00,4.822,0.2018,0.12844,0.09778,0.09664,0.09574,0.0489,3.741176470588235e-08,3.185714285714286e-06
1992-02-20 15:55:00,3.92,0.165,0.146,0.115,0.114,0.113,0.0573,3.1647058823529415e-08,3.1e-06
1992-02-20 15:56:00,4.862,0.1588,0.1397999999999999,0.10934,0.10818,0.10726,0.05228,2.6823529411764713e-08,3.042857142857143e-06
1992-02-20 15:57:00,5.804,0.1526,0.1336,0.10368,0.10236,0.10152,0.0472599999999999,2.5411764705882355e-08,3.0142857142857145e-06
1992-02-20 15:58:00,6.746,0.1464,0.1274,0.09802,0.09654,0.09578,0.04224,2.4823529411764705e-08,3.0142857142857145e-06
1992-02-20 15:59:00,7.688000000000001,0.1402,0.1212,0.09236,0.09072,0.09004,0.03722,2.5882352941176477e-08,3.0142857142857145e-06
1992-02-20 16:00:00,8.63,0.134,0.115,0.0867,0.0849,0.0843,0.0322,2.341176470588236e-08,2.9857142857142856e-06
1992-02-20 16:01:00,8.198,0.132,0.113,0.0846399999999999,0.08284,0.08226,0.03836,2.2e-08,2.9571428571428576e-06
1992-02-20 16:02:00,7.766,0.13,0.111,0.08258,0.08078,0.08022,0.04452,2.6352941176470588e-08,3.0142857142857145e-06
1992-02-20 16:03:00,7.334,0.128,0.109,0.08052,0.07872,0.07818,0.05068,3.0000000000000004e-08,3.071428571428572e-06
1992-02-20 16:04:00,6.902,0.126,0.107,0.07846,0.07666,0.07614,0.05684,2.341176470588236e-08,2.9857142857142856e-06
1992-02-20 16:05:00,6.47,0.124,0.105,0.0764,0.0746,0.0741,0.063,2.0235294117647056e-08,2.9142857142857142e-06
1992-02-20 16:06:00,5.882,0.11732,0.09822,0.0677799999999999,0.06598,0.06548,0.05434,1.8823529411764708e-08,2.8571428571428573e-06
1992-02-20 16:07:00,5.294,0.11064,0.09144,0.05916,0.05736,0.05686,0.04568,1.9647058823529413e-08,2.8571428571428573e-06
1992-02-20 16:08:00,4.706,0.10396,0.08466,0.05054,0.04874,0.04824,0.03702,2.164705882352941e-08,2.871428571428572e-06
1992-02-20 16:09:00,4.118,0.09728,0.07788,0.04192,0.04012,0.03962,0.0283599999999999,2e-08,2.8428571428571432e-06
1992-02-20 16:10:00,3.53,0.0906,0.0711,0.0333,0.0315,0.031,0.0197,1.8823529411764708e-08,2.8142857142857147e-06
1992-02-20 16:11:00,4.314,0.09072,0.07124,0.03532,0.03354,0.03304,0.02174,1.776470588235294e-08,2.771428571428572e-06
1992-02-20 16:12:00,5.098,0.09084,0.07138,0.03734,0.03558,0.03508,0.02378,1.7411764705882353e-08,2.742857142857143e-06
1992-02-20 16:13:00,5.882,0.09096,0.07152,0.03936,0.03762,0.03712,0.02582,1.6470588235294116e-08,2.7142857142857144e-06
1992-02-20 16:14:00,6.666,0.09108,0.07166,0.04138,0.03966,0.03916,0.02786,1.6e-08,2.685714285714286e-06
1992-02-20 16:15:00,7.45,0.0912,0.0718,0.0434,0.0417,0.0412,0.0299,1.6352941176470588e-08,2.671428571428572e-06
1992-02-20 16:16:00,6.982,0.09192,0.0725,0.04402,0.03976,0.03834,0.02698,1.6e-08,2.671428571428572e-06
1992-02-20 16:17:00,6.514,0.09264,0.0732,0.04464,0.03782,0.03548,0.0240599999999999,1.588235294117647e-08,2.657142857142857e-06
1992-02-20 16:18:00,6.046,0.09336,0.0739,0.04526,0.03588,0.0326199999999999,0.02114,1.5294117647058823e-08,2.642857142857143e-06
1992-02-20 16:19:00,5.578,0.09408,0.0746,0.04588,0.03394,0.02976,0.01822,1.823529411764705e-08,2.7e-06
1992-02-20 16:20:00,5.11,0.0948,0.0753,0.0465,0.032,0.0269,0.0153,1.8588235294117645e-08,2.7285714285714285e-06
1992-02-20 16:21:00,5.736000000000001,0.09004,0.07052,0.0418199999999999,0.02988,0.0257,0.01415,1.8117647058823527e-08,2.7142857142857144e-06
1992-02-20 16:22:00,6.362,0.08528,0.06574,0.03714,0.02776,0.0245,0.013,2.164705882352941e-08,2.7571428571428574e-06
1992-02-20 16:23:00,6.988,0.08052,0.06096,0.03246,0.02564,0.0233,0.01185,2.8588235294117652e-08,2.871428571428572e-06
1992-02-20 16:24:00,7.614000000000001,0.07576,0.05618,0.02778,0.02352,0.0220999999999999,0.0107,3.7647058823529416e-08,3.0142857142857145e-06
1992-02-20 16:25:00,8.24,0.071,0.0514,0.0231,0.0214,0.0209,0.00955,4.48235294117647e-08,3.128571428571429e-06
1992-02-20 16:26:00,7.18,0.0829999999999999,0.05292,0.02426,0.02256,0.02206,0.0107,4.752941176470588e-08,3.2000000000000003e-06
1992-02-20 16:27:00,6.12,0.095,0.05444,0.0254199999999999,0.0237199999999999,0.02322,0.01185,4.611764705882353e-08,3.2428571428571428e-06
1992-02-20 16:28:00,5.0600000000000005,0.107,0.0559599999999999,0.02658,0.02488,0.02438,0.013,4.4117647058823535e-08,3.2571428571428577e-06
1992-02-20 16:29:00,4.0,0.119,0.0574799999999999,0.02774,0.02604,0.02554,0.01415,4.058823529411765e-08,3.2571428571428577e-06
1992-02-20 16:30:00,2.94,0.131,0.059,0.0289,0.0272,0.0267,0.0153,4.011764705882353e-08,3.271428571428572e-06
1992-02-20 16:31:00,3.608,0.1346,0.06262,0.03242,0.0281599999999999,0.02674,0.0153,4.352941176470589e-08,3.357142857142857e-06
1992-02-20 16:32:00,4.276,0.1382,0.06624,0.03594,0.02912,0.02678,0.0153,4.788235294117648e-08,3.4000000000000005e-06
1992-02-20 16:33:00,4.944,0.1418,0.06986,0.0394599999999999,0.03008,0.02682,0.0153,4.7764705882352944e-08,3.385714285714286e-06
1992-02-20 16:34:00,5.612,0.1454,0.07348,0.04298,0.03104,0.02686,0.0153,4.3647058823529416e-08,3.342857142857143e-06
1992-02-20 16:35:00,6.28,0.149,0.0771,0.0465,0.032,0.0269,0.0153,4.129411764705883e-08,3.2857142857142857e-06
1992-02-20 16:36:00,6.3180000000000005,0.1958,0.08308,0.04202,0.03008,0.0259,0.01436,4e-08,3.2857142857142857e-06
1992-02-20 16:37:00,6.356,0.2425999999999999,0.08906,0.03754,0.02816,0.0249,0.01342,4.047058823529411e-08,3.2857142857142857e-06
1992-02-20 16:38:00,6.394,0.2894,0.09504,0.03306,0.02624,0.0238999999999999,0.01248,4.164705882352941e-08,3.314285714285714e-06
1992-02-20 16:39:00,6.432,0.3362,0.10102,0.02858,0.02432,0.0229,0.01154,4.141176470588236e-08,3.2857142857142857e-06
1992-02-20 16:40:00,6.47,0.383,0.107,0.0241,0.0224,0.0219,0.0106,4.247058823529413e-08,3.314285714285714e-06
1992-02-20 16:41:00,6.276,0.3608,0.09726,0.02506,0.02336,0.02286,0.01154,4.3647058823529416e-08,3.357142857142857e-06
1992-02-20 16:42:00,6.082,0.3386,0.08752,0.0260199999999999,0.0243199999999999,0.02382,0.01248,4.611764705882353e-08,3.4000000000000005e-06
1992-02-20 16:43:00,5.888,0.3164,0.0777799999999999,0.0269799999999999,0.0252799999999999,0.02478,0.01342,5.1058823529411766e-08,3.528571428571429e-06
1992-02-20 16:44:00,5.694,0.2942,0.0680399999999999,0.02794,0.02624,0.02574,0.01436,4.847058823529413e-08,3.5e-06
1992-02-20 16:45:00,5.5,0.272,0.0583,0.0289,0.0272,0.0267,0.0153,5.035294117647059e-08,3.528571428571429e-06
1992-02-20 16:46:00,5.774,0.2514,0.07644,0.0471199999999999,0.03882,0.03246,0.0156199999999999,5.129411764705882e-08,3.5571428571428573e-06
1992-02-20 16:47:00,6.048,0.2308,0.09458,0.06534,0.05044,0.03822,0.01594,4.788235294117648e-08,3.514285714285715e-06
1992-02-20 16:48:00,6.322,0.2102,0.1127199999999999,0.08356,0.06206,0.04398,0.01626,5.035294117647059e-08,3.528571428571429e-06
1992-02-20 16:49:00,6.596,0.1896,0.13086,0.10178,0.07368,0.04974,0.0165799999999999,8.105882352941178e-08,3.842857142857143e-06
1992-02-20 16:50:00,6.87,0.169,0.149,0.12,0.0853,0.0555,0.0169,1.1470588235294123e-07,4.1857142857142856e-06
1992-02-20 16:51:00,6.87,0.1564,0.13646,0.10358,0.07548,0.05154,0.0184,1.1447058823529413e-07,4.285714285714286e-06
1992-02-20 16:52:00,6.87,0.1438,0.12392,0.08716,0.06566,0.04758,0.0199,9.894117647058825e-08,4.2142857142857145e-06
1992-02-20 16:53:00,6.87,0.1311999999999999,0.1113799999999999,0.07074,0.05584,0.04362,0.0214,9.541176470588237e-08,4.2142857142857145e-06
1992-02-20 16:54:00,6.87,0.1186,0.09884,0.05432,0.04602,0.03966,0.0229,8.247058823529413e-08,4.142857142857144e-06
1992-02-20 16:55:00,6.87,0.106,0.0863,0.0379,0.0362,0.0357,0.0244,7.31764705882353e-08,4.014285714285715e-06
1992-02-20 16:56:00,6.518,0.1001399999999999,0.08046,0.0361,0.0344,0.0339,0.02258,6.270588235294117e-08,3.871428571428572e-06
1992-02-20 16:57:00,6.166,0.09428,0.07462,0.0343,0.0326,0.0321,0.02076,6.364705882352941e-08,3.928571428571429e-06
1992-02-20 16:58:00,5.814,0.08842,0.06878,0.0325,0.0308,0.0303,0.01894,6.494117647058824e-08,3.985714285714286e-06
1992-02-20 16:59:00,5.462,0.08256,0.06294,0.0306999999999999,0.0289999999999999,0.0285,0.01712,6.647058823529412e-08,4.028571428571429e-06
1992-02-20 17:00:00,5.11,0.0767,0.0571,0.0289,0.0272,0.0267,0.0153,6.376470588235294e-08,3.985714285714286e-06
1992-02-20 17:01:00,5.03,0.16016,0.08828,0.0306999999999999,0.0289999999999999,0.0285,0.01712,6.31764705882353e-08,3.985714285714286e-06
1992-02-20 17:02:00,4.95,0.24362,0.1194599999999999,0.0325,0.0308,0.0303,0.01894,6.435294117647058e-08,3.985714285714286e-06
1992-02-20 17:03:00,4.87,0.32708,0.15064,0.0343,0.0326,0.0321,0.02076,6.447058823529413e-08,4.014285714285715e-06
1992-02-20 17:04:00,4.79,0.41054,0.1818199999999999,0.0361,0.0344,0.0339,0.02258,6.68235294117647e-08,4.057142857142858e-06
1992-02-20 17:05:00,4.71,0.494,0.213,0.0379,0.0362,0.0357,0.0244,6.71764705882353e-08,4.057142857142858e-06
1992-02-20 17:06:00,4.592,0.4546,0.1903999999999999,0.04448,0.04276,0.04226,0.02424,6.552941176470588e-08,4.028571428571429e-06
1992-02-20 17:07:00,4.474,0.4152,0.1678,0.05106,0.04932,0.04882,0.02408,6.188235294117648e-08,3.985714285714286e-06
1992-02-20 17:08:00,4.356,0.3757999999999999,0.1452,0.05764,0.05588,0.05538,0.02392,5.71764705882353e-08,3.885714285714286e-06
1992-02-20 17:09:00,4.238,0.3364,0.1226,0.06422,0.06244,0.06194,0.02376,5.258823529411765e-08,3.785714285714286e-06
1992-02-20 17:10:00,4.12,0.297,0.1,0.0708,0.069,0.0685,0.0236,5.141176470588235e-08,3.742857142857143e-06
1992-02-20 17:11:00,4.434,0.2872,0.1032,0.06242,0.06064,0.06014,0.02194,5e-08,3.7142857142857146e-06
1992-02-20 17:12:00,4.748,0.2774,0.1064,0.05404,0.05228,0.05178,0.02028,4.694117647058825e-08,3.6571428571428576e-06
1992-02-20 17:13:00,5.062,0.2676,0.1096,0.0456599999999999,0.04392,0.04342,0.0186199999999999,4.682352941176472e-08,3.642857142857143e-06
1992-02-20 17:14:00,5.376,0.2578,0.1128,0.0372799999999999,0.03556,0.03506,0.01696,4.7176470588235294e-08,3.6142857142857134e-06
1992-02-20 17:15:00,5.69,0.248,0.116,0.0289,0.0272,0.0267,0.0153,4.7411764705882363e-08,3.6142857142857134e-06
1992-02-20 17:16:00,6.166,0.2308,0.10332,0.02766,0.0259399999999999,0.02546,0.014064,4.7294117647058825e-08,3.6000000000000003e-06
1992-02-20 17:17:00,6.642,0.2136,0.09064,0.02642,0.0246799999999999,0.02422,0.0128279999999999,4.7176470588235294e-08,3.6000000000000003e-06
1992-02-20 17:18:00,7.118,0.1964,0.07796,0.02518,0.0234199999999999,0.02298,0.011592,4.6e-08,3.6000000000000003e-06
1992-02-20 17:19:00,7.594,0.1792,0.06528,0.02394,0.02216,0.02174,0.010356,4.6e-08,3.5857142857142862e-06
1992-02-20 17:20:00,8.07,0.162,0.0526,0.0227,0.0209,0.0205,0.00912,4.611764705882353e-08,3.6000000000000003e-06
1992-02-20 17:21:00,7.738,0.1724,0.06006,0.03016,0.02838,0.02796,0.016596,4.7176470588235294e-08,3.6142857142857134e-06
1992-02-20 17:22:00,7.406000000000001,0.1828,0.06752,0.03762,0.03586,0.03542,0.0240719999999999,4.752941176470588e-08,3.6285714285714287e-06
1992-02-20 17:23:00,7.074,0.1931999999999999,0.0749799999999999,0.0450799999999999,0.04334,0.04288,0.0315479999999999,4.752941176470588e-08,3.642857142857143e-06
1992-02-20 17:24:00,6.742,0.2036,0.08244,0.05254,0.05082,0.0503399999999999,0.0390239999999999,4.941176470588236e-08,3.642857142857143e-06
1992-02-20 17:25:00,6.41,0.214,0.0899,0.06,0.0583,0.0578,0.0465,5.11764705882353e-08,3.671428571428572e-06
1992-02-20 17:26:00,6.266,0.2172,0.0836399999999999,0.0537799999999999,0.05208,0.05158,0.04026,5.4705882352941175e-08,3.700000000000001e-06
1992-02-20 17:27:00,6.122,0.2204,0.0773799999999999,0.04756,0.04586,0.04536,0.03402,6.105882352941176e-08,3.771428571428572e-06
1992-02-20 17:28:00,5.978000000000001,0.2236,0.0711199999999999,0.04134,0.0396399999999999,0.03914,0.02778,6.588235294117646e-08,3.857142857142857e-06
1992-02-20 17:29:00,5.8340000000000005,0.2268,0.06486,0.03512,0.03342,0.03292,0.02154,6.658823529411765e-08,3.871428571428572e-06
1992-02-20 17:30:00,5.69,0.23,0.0586,0.0289,0.0272,0.0267,0.0153,6.541176470588235e-08,3.871428571428572e-06
1992-02-20 17:31:00,5.782,0.2198,0.07888,0.04912,0.03648,0.03126,0.0156199999999999,6.635294117647059e-08,3.914285714285715e-06
1992-02-20 17:32:00,5.8740000000000006,0.2096,0.09916,0.06934,0.0457599999999999,0.03582,0.01594,6.694117647058823e-08,3.957142857142858e-06
1992-02-20 17:33:00,5.966,0.1994,0.1194399999999999,0.08956,0.05504,0.04038,0.01626,6.505882352941177e-08,3.942857142857143e-06
1992-02-20 17:34:00,6.058000000000001,0.1891999999999999,0.13972,0.10978,0.06432,0.04494,0.0165799999999999,6.470588235294119e-08,3.957142857142858e-06
1992-02-20 17:35:00,6.15,0.179,0.16,0.13,0.0736,0.0495,0.0169,6.694117647058823e-08,4e-06
1992-02-20 17:36:00,6.136,0.15742,0.13832,0.10868,0.06322,0.04384,0.0154879999999999,7.576470588235294e-08,4.1000000000000006e-06
1992-02-20 17:37:00,6.122,0.13584,0.11664,0.08736,0.05284,0.03818,0.0140759999999999,1.0658823529411765e-07,4.414285714285714e-06
1992-02-20 17:38:00,6.1080000000000005,0.11426,0.09496,0.06604,0.04246,0.03252,0.012664,1.435294117647059e-07,4.857142857142858e-06
1992-02-20 17:39:00,6.094,0.09268,0.07328,0.04472,0.03208,0.02686,0.011252,1.6705882352941177e-07,5.271428571428571e-06
1992-02-20 17:40:00,6.08,0.0711,0.0516,0.0234,0.0217,0.0212,0.00984,1.6352941176470586e-07,5.428571428571429e-06
1992-02-20 17:41:00,6.08,0.07728,0.05784,0.02962,0.02792,0.02744,0.016072,1.4823529411764706e-07,5.457142857142857e-06
1992-02-20 17:42:00,6.08,0.0834599999999999,0.06408,0.03584,0.03414,0.03368,0.0223039999999999,1.3176470588235293e-07,5.414285714285715e-06
1992-02-20 17:43:00,6.08,0.08964,0.07032,0.04206,0.04036,0.03992,0.028536,1.223529411764706e-07,5.342857142857144e-06
1992-02-20 17:44:00,6.08,0.0958199999999999,0.07656,0.04828,0.0465799999999999,0.04616,0.034768,1.1364705882352945e-07,5.285714285714286e-06
1992-02-20 17:45:00,6.08,0.102,0.0828,0.0545,0.0528,0.0524,0.041,1.0929411764705884e-07,5.228571428571429e-06
1992-02-20 17:46:00,6.158,0.1304,0.08086,0.05228,0.05058,0.05016,0.03878,1.176470588235294e-07,5.3e-06
1992-02-20 17:47:00,6.236,0.1588,0.07892,0.05006,0.04836,0.04792,0.03656,1.1576470588235294e-07,5.257142857142857e-06
1992-02-20 17:48:00,6.314,0.1871999999999999,0.0769799999999999,0.04784,0.04614,0.04568,0.03434,1.3411764705882353e-07,5.414285714285715e-06
1992-02-20 17:49:00,6.392,0.2156,0.07504,0.04562,0.04392,0.04344,0.0321199999999999,1.835294117647059e-07,5.885714285714286e-06
1992-02-20 17:50:00,6.47,0.244,0.0731,0.0434,0.0417,0.0412,0.0299,3.176470588235295e-07,6.928571428571429e-06
1992-02-20 17:51:00,6.628,0.2166,0.0759,0.04622,0.03986,0.03834,0.02698,6.505882352941177e-07,9.271428571428573e-06
1992-02-20 17:52:00,6.786,0.1891999999999999,0.0786999999999999,0.04904,0.03802,0.03548,0.0240599999999999,9.858823529411763e-07,1.1614285714285716e-05
1992-02-20 17:53:00,6.944,0.1618,0.0814999999999999,0.05186,0.03618,0.0326199999999999,0.02114,1.2941176470588237e-06,1.3871428571428573e-05
1992-02-20 17:54:00,7.101999999999999,0.1344,0.0843,0.05468,0.03434,0.02976,0.01822,1.4941176470588234e-06,1.5714285714285715e-05
1992-02-20 17:55:00,7.26,0.107,0.0871,0.0575,0.0325,0.0269,0.0153,1.5764705882352942e-06,1.6714285714285716e-05
1992-02-20 17:56:00,6.908,0.10094,0.0810999999999999,0.05178,0.03144,0.02686,0.0153,1.5647058823529412e-06,1.7285714285714287e-05
1992-02-20 17:57:00,6.556,0.09488,0.0751,0.04606,0.03038,0.02682,0.0153,1.5529411764705885e-06,1.785714285714286e-05
1992-02-20 17:58:00,6.204,0.08882,0.0691,0.04034,0.02932,0.02678,0.0153,1.5529411764705885e-06,1.8285714285714284e-05
1992-02-20 17:59:00,5.852,0.08276,0.0630999999999999,0.03462,0.02826,0.02674,0.0153,1.5647058823529412e-06,1.871428571428572e-05
1992-02-20 18:00:00,5.5,0.0767,0.0571,0.0289,0.0272,0.0267,0.0153,1.6e-06,1.942857142857143e-05
1992-02-20 18:01:00,5.538,0.11776,0.0593,0.03084,0.02912,0.02864,0.01724,1.6352941176470588e-06,2.0142857142857144e-05
1992-02-20 18:02:00,5.5760000000000005,0.15882,0.0615,0.03278,0.0310399999999999,0.03058,0.01918,1.682352941176471e-06,1.9e-05
1992-02-20 18:03:00,5.614,0.19988,0.0636999999999999,0.03472,0.03296,0.03252,0.02112,1.7058823529411766e-06,1.942857142857143e-05
1992-02-20 18:04:00,5.652,0.24094,0.0659,0.03666,0.03488,0.03446,0.02306,1.682352941176471e-06,2e-05
1992-02-20 18:05:00,5.69,0.282,0.0681,0.0386,0.0368,0.0364,0.025,1.682352941176471e-06,2.0714285714285715e-05
1992-02-20 18:06:00,6.042000000000001,0.2596,0.0846799999999999,0.05548,0.05364,0.05312,0.03312,1.7294117647058823e-06,2.128571428571429e-05
1992-02-20 18:07:00,6.394,0.2372,0.1012599999999999,0.07236,0.07048,0.06984,0.04124,1.7294117647058823e-06,2.1857142857142857e-05
1992-02-20 18:08:00,6.746,0.2148,0.11784,0.08924,0.08732,0.08656,0.04936,1.6588235294117648e-06,2.2142857142857145e-05
1992-02-20 18:09:00,7.098000000000001,0.1924,0.1344199999999999,0.1061199999999999,0.10416,0.10328,0.05748,1.5647058823529412e-06,2.2142857142857145e-05
1992-02-20 18:10:00,7.45,0.17,0.151,0.123,0.121,0.12,0.0656,1.4705882352941175e-06,2.1857142857142857e-05
1992-02-20 18:11:00,7.412,0.1942,0.13246,0.10418,0.10224,0.10134,0.05554,1.3294117647058824e-06,2.1142857142857144e-05
1992-02-20 18:12:00,7.374,0.2183999999999999,0.11392,0.0853599999999999,0.08348,0.08268,0.04548,1.2117647058823531e-06,2.0571428571428573e-05
1992-02-20 18:13:00,7.336,0.2425999999999999,0.0953799999999999,0.06654,0.06472,0.06402,0.03542,1.1235294117647058e-06,2.0142857142857144e-05
1992-02-20 18:14:00,7.298,0.2668,0.0768399999999999,0.04772,0.04596,0.04536,0.02536,1.0658823529411764e-06,1.957142857142857e-05
1992-02-20 18:15:00,7.26,0.291,0.0583,0.0289,0.0272,0.0267,0.0153,9.741176470588236e-07,1.885714285714286e-05
1992-02-20 18:16:00,6.982,0.2678,0.0778399999999999,0.04852,0.03794,0.0319,0.0156199999999999,8.682352941176471e-07,1.8142857142857142e-05
1992-02-20 18:17:00,6.704,0.2445999999999999,0.09738,0.06814,0.04868,0.0371,0.01594,8.011764705882353e-07,1.7571428571428575e-05
1992-02-20 18:18:00,6.426,0.2213999999999999,0.11692,0.08776,0.05942,0.0423,0.01626,7.788235294117647e-07,1.7e-05
1992-02-20 18:19:00,6.148,0.1982,0.13646,0.10738,0.07016,0.0475,0.0165799999999999,7.752941176470588e-07,1.6714285714285716e-05
1992-02-20 18:20:00,5.87,0.175,0.156,0.127,0.0809,0.0527,0.0169,7.564705882352941e-07,1.6285714285714287e-05
1992-02-20 18:21:00,5.99,0.2474,0.153,0.11096,0.07374,0.05108,0.02018,7.070588235294118e-07,1.5714285714285715e-05
1992-02-20 18:22:00,6.11,0.3198,0.15,0.09492,0.06658,0.04946,0.02346,6.564705882352941e-07,1.5285714285714286e-05
1992-02-20 18:23:00,6.23,0.3922,0.147,0.07888,0.05942,0.04784,0.02674,6.117647058823529e-07,1.4714285714285716e-05
1992-02-20 18:24:00,6.35,0.4646,0.144,0.06284,0.05226,0.04622,0.03002,5.741176470588236e-07,1.4285714285714289e-05
1992-02-20 18:25:00,6.47,0.537,0.141,0.0468,0.0451,0.0446,0.0333,5.635294117647058e-07,1.3957142857142855e-05
1992-02-20 18:26:00,6.47,0.5084000000000001,0.148,0.06684,0.06508,0.06468,0.03666,5.599999999999999e-07,1.3671428571428571e-05
1992-02-20 18:27:00,6.47,0.4798,0.155,0.0868799999999999,0.08506,0.08476,0.04002,5.423529411764706e-07,1.34e-05
1992-02-20 18:28:00,6.47,0.4512,0.1619999999999999,0.1069199999999999,0.10504,0.1048399999999999,0.04338,5.129411764705883e-07,1.302857142857143e-05
1992-02-20 18:29:00,6.47,0.4226,0.1689999999999999,0.12696,0.12502,0.1249199999999999,0.04674,4.776470588235294e-07,1.2585714285714286e-05
1992-02-20 18:30:00,6.47,0.394,0.176,0.147,0.145,0.145,0.0501,4.294117647058825e-07,1.2128571428571427e-05
1992-02-20 18:31:00,6.51,0.4166,0.1706,0.12874,0.1268,0.1266999999999999,0.0485,3.8352941176470587e-07,1.152857142857143e-05
1992-02-20 18:32:00,6.55,0.4392,0.1651999999999999,0.11048,0.1085999999999999,0.1084,0.0469,3.423529411764706e-07,1.0957142857142857e-05
1992-02-20 18:33:00,6.59,0.4618,0.1598,0.09222,0.0903999999999999,0.0900999999999999,0.0453,3.023529411764706e-07,1.1085714285714287e-05
1992-02-20 18:34:00,6.63,0.4844,0.1543999999999999,0.07396,0.0721999999999999,0.0717999999999999,0.0436999999999999,2.6705882352941177e-07,1.1300000000000002e-05
1992-02-20 18:35:00,6.67,0.507,0.149,0.0557,0.054,0.0535,0.0421,2.3647058823529415e-07,1.0757142857142855e-05
1992-02-20 18:36:00,6.396,0.4386,0.1484,0.06596,0.0642,0.0638,0.04344,2.105882352941177e-07,1.0257142857142858e-05
1992-02-20 18:37:00,6.122,0.3702,0.1478,0.07622,0.0744,0.0741,0.04478,1.882352941176471e-07,9.785714285714286e-06
1992-02-20 18:38:00,5.848,0.3018,0.1472,0.08648,0.0846,0.0844,0.04612,1.6705882352941177e-07,9.314285714285716e-06
1992-02-20 18:39:00,5.574,0.2334,0.1465999999999999,0.0967399999999999,0.0948,0.0947,0.04746,1.494117647058824e-07,8.871428571428571e-06
1992-02-20 18:40:00,5.3,0.165,0.146,0.107,0.105,0.105,0.0488,1.3411764705882353e-07,8.471428571428572e-06
1992-02-20 18:41:00,5.456,0.15096,0.13186,0.0949,0.0904,0.08938,0.0421,1.211764705882353e-07,8.085714285714285e-06
1992-02-20 18:42:00,5.612,0.13692,0.1177199999999999,0.0828,0.0758,0.0737599999999999,0.0354,1.1058823529411765e-07,7.742857142857144e-06
1992-02-20 18:43:00,5.768,0.12288,0.10358,0.0707,0.0612,0.05814,0.0287,1.0729411764705885e-07,7.457142857142857e-06
1992-02-20 18:44:00,5.924,0.1088399999999999,0.08944,0.0586,0.0466,0.0425199999999999,0.022,1.0576470588235297e-07,7.214285714285714e-06
1992-02-20 18:45:00,6.08,0.0948,0.0753,0.0465,0.032,0.0269,0.0153,1.0058823529411765e-07,7e-06
1992-02-20 18:46:00,6.08,0.09534,0.07588,0.04708,0.03268,0.0276,0.016,9.670588235294117e-08,6.800000000000001e-06
1992-02-20 18:47:00,6.08,0.0958799999999999,0.07646,0.04766,0.03336,0.0283,0.0167,9.129411764705884e-08,6.585714285714286e-06
1992-02-20 18:48:00,6.08,0.09642,0.07704,0.04824,0.03404,0.0289999999999999,0.0174,8.858823529411766e-08,6.4285714285714295e-06
1992-02-20 18:49:00,6.08,0.09696,0.07762,0.04882,0.03472,0.0297,0.0181,8.682352941176472e-08,6.300000000000001e-06
1992-02-20 18:50:00,6.08,0.0975,0.0782,0.0494,0.0354,0.0304,0.0188,9.329411764705885e-08,6.328571428571429e-06
1992-02-20 18:51:00,6.038,0.09334,0.07398,0.0453,0.03376,0.02966,0.0181,1.0082352941176473e-07,6.385714285714287e-06
1992-02-20 18:52:00,5.996,0.08918,0.06976,0.0412,0.03212,0.02892,0.0174,9.694117647058825e-08,6.342857142857143e-06
1992-02-20 18:53:00,5.954,0.08502,0.06554,0.0370999999999999,0.03048,0.02818,0.0167,8.905882352941176e-08,6.185714285714286e-06
1992-02-20 18:54:00,5.912,0.08086,0.06132,0.033,0.0288399999999999,0.02744,0.016,8.458823529411765e-08,6.028571428571429e-06
1992-02-20 18:55:00,5.87,0.0767,0.0571,0.0289,0.0272,0.0267,0.0153,8.211764705882355e-08,5.885714285714286e-06
1992-02-20 18:56:00,5.718,0.07808,0.0585399999999999,0.0289,0.0272,0.0267,0.0153,8.36470588235294e-08,5.757142857142858e-06
1992-02-20 18:57:00,5.566,0.07946,0.05998,0.0289,0.0272,0.0267,0.0153,7.976470588235295e-08,5.6e-06
1992-02-20 18:58:00,5.414000000000001,0.08084,0.0614199999999999,0.0289,0.0272,0.0267,0.0153,7.258823529411765e-08,5.414285714285715e-06
1992-02-20 18:59:00,5.2620000000000005,0.08222,0.06286,0.0289,0.0272,0.0267,0.0153,6.611764705882354e-08,5.228571428571429e-06
1992-02-20 19:00:00,5.11,0.0836,0.0643,0.0289,0.0272,0.0267,0.0153,6.094117647058823e-08,5.071428571428571e-06
1992-02-20 19:01:00,5.226,0.13328,0.08824,0.0539199999999999,0.04416,0.03498,0.01564,5.6352941176470586e-08,4.9142857142857145e-06
1992-02-20 19:02:00,5.3420000000000005,0.18296,0.11218,0.07894,0.0611199999999999,0.04326,0.01598,5.1647058823529415e-08,4.757142857142857e-06
1992-02-20 19:03:00,5.458,0.23264,0.13612,0.1039599999999999,0.07808,0.05154,0.01632,4.658823529411765e-08,4.614285714285715e-06
1992-02-20 19:04:00,5.574000000000001,0.28232,0.1600599999999999,0.1289799999999999,0.09504,0.05982,0.01666,4.3647058823529416e-08,4.471428571428572e-06
1992-02-20 19:05:00,5.69,0.332,0.184,0.154,0.112,0.0681,0.017,4.11764705882353e-08,4.357142857142857e-06
1992-02-20 19:06:00,5.964,0.3042,0.16076,0.13078,0.09684,0.0616199999999999,0.01848,4.11764705882353e-08,4.285714285714286e-06
1992-02-20 19:07:00,6.238,0.2764,0.13752,0.10756,0.08168,0.0551399999999999,0.01996,3.894117647058823e-08,4.1857142857142856e-06
1992-02-20 19:08:00,6.5120000000000005,0.2486,0.1142799999999999,0.08434,0.06652,0.04866,0.02144,3.647058823529412e-08,4.071428571428572e-06
1992-02-20 19:09:00,6.786,0.2208,0.09104,0.06112,0.0513599999999999,0.04218,0.02292,3.364705882352941e-08,3.971428571428572e-06
1992-02-20 19:10:00,7.06,0.193,0.0678,0.0379,0.0362,0.0357,0.0244,3.694117647058824e-08,3.942857142857143e-06
1992-02-20 19:11:00,6.904,0.17272,0.0687,0.0391,0.03738,0.0369,0.02558,3.941176470588237e-08,3.957142857142858e-06
1992-02-20 19:12:00,6.748,0.15244,0.0696,0.0403,0.03856,0.0381,0.02676,3.4941176470588243e-08,3.857142857142857e-06
1992-02-20 19:13:00,6.592,0.13216,0.0705,0.0415,0.03974,0.0393,0.02794,3.3764705882352944e-08,3.8e-06
1992-02-20 19:14:00,6.436,0.11188,0.0714,0.0427,0.04092,0.0405,0.02912,3.294117647058823e-08,3.757142857142857e-06
1992-02-20 19:15:00,6.28,0.0916,0.0723,0.0439,0.0421,0.0417,0.0303,3.082352941176471e-08,3.6857142857142857e-06
1992-02-20 19:16:00,6.1240000000000006,0.09264,0.0733,0.04492,0.04312,0.04272,0.03132,2.941176470588235e-08,3.6142857142857134e-06
1992-02-20 19:17:00,5.968,0.09368,0.0743,0.04594,0.04414,0.04374,0.03234,2.788235294117647e-08,3.542857142857143e-06
1992-02-20 19:18:00,5.812,0.09472,0.0752999999999999,0.04696,0.04516,0.04476,0.03336,2.741176470588236e-08,3.514285714285715e-06
1992-02-20 19:19:00,5.656,0.09576,0.0762999999999999,0.04798,0.04618,0.04578,0.03438,2.6823529411764713e-08,3.471428571428572e-06
1992-02-20 19:20:00,5.5,0.0968,0.0773,0.049,0.0472,0.0468,0.0354,2.8235294117647065e-08,3.457142857142857e-06
1992-02-20 19:21:00,5.694,0.0968,0.07732,0.04498,0.0432,0.04278,0.03138,2.7294117647058825e-08,3.4142857142857145e-06
1992-02-20 19:22:00,5.888,0.0968,0.0773399999999999,0.0409599999999999,0.0392,0.03876,0.02736,2.7529411764705884e-08,3.4000000000000005e-06
1992-02-20 19:23:00,6.082,0.0968,0.07736,0.03694,0.0351999999999999,0.03474,0.02334,2.4941176470588243e-08,3.342857142857143e-06
1992-02-20 19:24:00,6.276,0.0968,0.0773799999999999,0.03292,0.0312,0.03072,0.01932,2.5411764705882355e-08,3.328571428571429e-06
1992-02-20 19:25:00,6.47,0.0968,0.0774,0.0289,0.0272,0.0267,0.0153,2.5294117647058824e-08,3.2857142857142857e-06
1992-02-20 19:26:00,6.47,0.14144,0.09772,0.04752,0.0457599999999999,0.04536,0.02206,2.5882352941176477e-08,3.271428571428572e-06
1992-02-20 19:27:00,6.47,0.18608,0.1180399999999999,0.06614,0.06432,0.06402,0.02882,3.023529411764706e-08,3.314285714285714e-06
1992-02-20 19:28:00,6.47,0.2307199999999999,0.1383599999999999,0.08476,0.08288,0.08268,0.03558,3.341176470588235e-08,3.357142857142857e-06
1992-02-20 19:29:00,6.47,0.27536,0.15868,0.10338,0.10144,0.10134,0.0423399999999999,2.9647058823529414e-08,3.3e-06
1992-02-20 19:30:00,6.47,0.32,0.179,0.122,0.12,0.12,0.0491,2.847058823529412e-08,3.2857142857142857e-06
1992-02-20 19:31:00,6.314,0.2942,0.1775999999999999,0.1262,0.1183999999999999,0.1125999999999999,0.04572,3.0000000000000004e-08,3.328571428571429e-06
1992-02-20 19:32:00,6.158,0.2684,0.1762,0.1304,0.1168,0.1052,0.0423399999999999,3.352941176470588e-08,3.371428571428572e-06
1992-02-20 19:33:00,6.002,0.2426,0.1747999999999999,0.1346,0.1152,0.0978,0.0389599999999999,3.51764705882353e-08,3.4000000000000005e-06
1992-02-20 19:34:00,5.846,0.2168,0.1734,0.1387999999999999,0.1136,0.0904,0.03558,3.2823529411764714e-08,3.371428571428572e-06
1992-02-20 19:35:00,5.69,0.191,0.172,0.143,0.112,0.083,0.0322,2.9529411764705882e-08,3.314285714285714e-06
1992-02-20 19:36:00,6.004,0.1754,0.1563999999999999,0.12752,0.10236,0.07904,0.03616,2.6235294117647064e-08,3.2428571428571428e-06
1992-02-20 19:37:00,6.3180000000000005,0.1598,0.1407999999999999,0.11204,0.09272,0.07508,0.04012,2.2823529411764704e-08,3.1571428571428573e-06
1992-02-20 19:38:00,6.632,0.1442,0.1251999999999999,0.0965599999999999,0.08308,0.07112,0.04408,2.0823529411764706e-08,3.085714285714286e-06
1992-02-20 19:39:00,6.946,0.1286,0.1096,0.08108,0.07344,0.06716,0.04804,1.9764705882352945e-08,3.0142857142857145e-06
1992-02-20 19:40:00,7.26,0.113,0.094,0.0656,0.0638,0.0632,0.052,1.9764705882352945e-08,2.971428571428572e-06
1992-02-20 19:41:00,7.142,0.1414,0.09196,0.06312,0.0575199999999999,0.05594,0.04466,2.0117647058823532e-08,2.971428571428572e-06
1992-02-20 19:42:00,7.024,0.1698,0.08992,0.06064,0.0512399999999999,0.04868,0.03732,2.070588235294117e-08,2.9857142857142856e-06
1992-02-20 19:43:00,6.906,0.1982,0.08788,0.05816,0.04496,0.04142,0.02998,2.105882352941177e-08,2.9857142857142856e-06
1992-02-20 19:44:00,6.788,0.2266,0.08584,0.05568,0.03868,0.03416,0.02264,2.188235294117648e-08,2.9857142857142856e-06
1992-02-20 19:45:00,6.67,0.255,0.0838,0.0532,0.0324,0.0269,0.0153,2.1176470588235293e-08,2.9571428571428576e-06
1992-02-20 19:46:00,6.63,0.2702,0.0827,0.05236,0.0353599999999999,0.03088,0.01932,2.0352941176470588e-08,2.9571428571428576e-06
1992-02-20 19:47:00,6.59,0.2854,0.0815999999999999,0.0515199999999999,0.03832,0.03486,0.02334,2e-08,2.942857142857143e-06
1992-02-20 19:48:00,6.55,0.3006,0.0805,0.05068,0.04128,0.03884,0.02736,2e-08,2.9285714285714287e-06
1992-02-20 19:49:00,6.51,0.3158,0.0794,0.04984,0.04424,0.04282,0.03138,2.164705882352941e-08,2.942857142857143e-06
1992-02-20 19:50:00,6.47,0.331,0.0783,0.049,0.0472,0.0468,0.0354,2.2588235294117648e-08,2.9857142857142856e-06
1992-02-20 19:51:00,6.156,0.3192,0.08664,0.05706,0.05222,0.05084,0.03942,2.411764705882353e-08,3e-06
1992-02-20 19:52:00,5.842,0.3074,0.09498,0.06512,0.05724,0.05488,0.04344,2.2705882352941186e-08,3e-06
1992-02-20 19:53:00,5.5280000000000005,0.2956,0.10332,0.07318,0.06226,0.05892,0.04746,2.3294117647058826e-08,3.0142857142857145e-06
1992-02-20 19:54:00,5.214,0.2838,0.11166,0.08124,0.06728,0.06296,0.05148,2.8941176470588243e-08,3.1142857142857144e-06
1992-02-20 19:55:00,4.9,0.272,0.12,0.0893,0.0723,0.067,0.0555,3.0117647058823535e-08,3.142857142857144e-06
1992-02-20 19:56:00,4.862,0.23294,0.10742,0.07722,0.06328,0.05894,0.04746,2.6823529411764713e-08,3.1142857142857144e-06
1992-02-20 19:57:00,4.824,0.19388,0.09484,0.06514,0.05426,0.05088,0.03942,2.3647058823529413e-08,3.042857142857143e-06
1992-02-20 19:58:00,4.7860000000000005,0.15482,0.08226,0.0530599999999999,0.04524,0.04282,0.03138,2.1764705882352946e-08,3e-06
1992-02-20 19:59:00,4.748,0.11576,0.0696799999999999,0.0409799999999999,0.03622,0.03476,0.02334,2.1764705882352946e-08,2.971428571428572e-06
1992-02-20 20:00:00,4.71,0.0767,0.0571,0.0289,0.0272,0.0267,0.0153,2.223529411764706e-08,2.9571428571428576e-06
1992-02-20 20:01:00,4.868,0.08104,0.0615,0.03326,0.03156,0.03106,0.0156199999999999,2.2e-08,2.9571428571428576e-06
1992-02-20 20:02:00,5.026,0.08538,0.0659,0.03762,0.03592,0.03542,0.01594,2.1411764705882355e-08,2.9571428571428576e-06
1992-02-20 20:03:00,5.184,0.08972,0.0703,0.04198,0.04028,0.03978,0.01626,2.0588235294117653e-08,2.9285714285714287e-06
1992-02-20 20:04:00,5.342,0.09406,0.0747,0.04634,0.04464,0.04414,0.0165799999999999,2.105882352941177e-08,2.9142857142857142e-06
1992-02-20 20:05:00,5.5,0.0984,0.0791,0.0507,0.049,0.0485,0.0169,2.047058823529412e-08,2.9e-06
1992-02-20 20:06:00,5.656,0.12052,0.08006,0.0512,0.04568,0.04418,0.0165799999999999,1.9764705882352945e-08,2.871428571428572e-06
1992-02-20 20:07:00,5.812,0.14264,0.08102,0.0517,0.04236,0.03986,0.01626,1.8941176470588242e-08,2.8571428571428573e-06
1992-02-20 20:08:00,5.968,0.16476,0.08198,0.0521999999999999,0.03904,0.03554,0.01594,1.9529411764705882e-08,2.8428571428571432e-06
1992-02-20 20:09:00,6.1240000000000006,0.18688,0.08294,0.0527,0.03572,0.03122,0.0156199999999999,1.9764705882352945e-08,2.8285714285714288e-06
1992-02-20 20:10:00,6.28,0.209,0.0839,0.0532,0.0324,0.0269,0.0153,2e-08,2.8142857142857147e-06
1992-02-20 20:11:00,6.046,0.2122,0.10832,0.06936,0.04516,0.03362,0.01564,2.2e-08,2.8428571428571432e-06
1992-02-20 20:12:00,5.812,0.2154,0.13274,0.08552,0.05792,0.04034,0.01598,2.564705882352941e-08,2.9285714285714287e-06
1992-02-20 20:13:00,5.578,0.2186,0.15716,0.1016799999999999,0.0706799999999999,0.04706,0.01632,2.7764705882352943e-08,2.9571428571428576e-06
1992-02-20 20:14:00,5.344,0.2218,0.18158,0.11784,0.0834399999999999,0.0537799999999999,0.01666,2.8235294117647065e-08,2.9571428571428576e-06
1992-02-20 20:15:00,5.11,0.225,0.206,0.134,0.0962,0.0605,0.017,2.9058823529411764e-08,2.9571428571428576e-06
1992-02-20 20:16:00,5.578,0.19534,0.17622,0.11298,0.0824,0.0537399999999999,0.01666,3.129411764705882e-08,2.971428571428572e-06
1992-02-20 20:17:00,6.046,0.16568,0.14644,0.09196,0.0686,0.04698,0.01632,3.4470588235294125e-08,3.0142857142857145e-06
1992-02-20 20:18:00,6.514,0.13602,0.11666,0.07094,0.0548,0.04022,0.01598,3.976470588235295e-08,3.1142857142857144e-06
1992-02-20 20:19:00,6.982,0.10636,0.08688,0.0499199999999999,0.041,0.03346,0.01564,4.129411764705883e-08,3.128571428571429e-06
1992-02-20 20:20:00,7.45,0.0767,0.0571,0.0289,0.0272,0.0267,0.0153,3.941176470588237e-08,3.1142857142857144e-06
1992-02-20 20:21:00,7.216,0.10316,0.08368,0.0367399999999999,0.0312199999999999,0.02972,0.0183,3.847058823529412e-08,3.1e-06
1992-02-20 20:22:00,6.982,0.1296199999999999,0.11026,0.0445799999999999,0.03524,0.03274,0.0213,3.9176470588235295e-08,3.1e-06
1992-02-20 20:23:00,6.748,0.15608,0.13684,0.0524199999999999,0.03926,0.03576,0.0243,4.211764705882354e-08,3.142857142857144e-06
1992-02-20 20:24:00,6.514,0.1825399999999999,0.16342,0.0602599999999999,0.04328,0.0387799999999999,0.0272999999999999,4.6705882352941176e-08,3.2000000000000003e-06
1992-02-20 20:25:00,6.28,0.209,0.19,0.0681,0.0473,0.0418,0.0303,4.917647058823529e-08,3.2428571428571428e-06
1992-02-20 20:26:00,6.004,0.2324,0.16656,0.06316,0.04618,0.0416799999999999,0.03022,5.070588235294119e-08,3.271428571428572e-06
1992-02-20 20:27:00,5.728000000000001,0.2558,0.14312,0.0582199999999999,0.04506,0.04156,0.03014,5.176470588235295e-08,3.2857142857142857e-06
1992-02-20 20:28:00,5.452,0.2792,0.11968,0.05328,0.04394,0.04144,0.03006,5.23529411764706e-08,3.314285714285714e-06
1992-02-20 20:29:00,5.176,0.3026,0.09624,0.04834,0.04282,0.04132,0.02998,6.176470588235295e-08,3.485714285714286e-06
1992-02-20 20:30:00,4.9,0.326,0.0728,0.0434,0.0417,0.0412,0.0299,5.8117647058823534e-08,3.485714285714286e-06
1992-02-20 20:31:00,4.942,0.27614,0.06966,0.0405,0.0388,0.0383,0.02698,4.9647058823529424e-08,3.371428571428572e-06
1992-02-20 20:32:00,4.984,0.22628,0.06652,0.0376,0.0359,0.0354,0.0240599999999999,4.6705882352941176e-08,3.314285714285714e-06
1992-02-20 20:33:00,5.026000000000001,0.17642,0.0633799999999999,0.0346999999999999,0.033,0.0325,0.02114,4.317647058823529e-08,3.271428571428572e-06
1992-02-20 20:34:00,5.0680000000000005,0.12656,0.06024,0.0317999999999999,0.0301,0.0296,0.01822,4e-08,3.2428571428571428e-06
1992-02-20 20:35:00,5.11,0.0767,0.0571,0.0289,0.0272,0.0267,0.0153,4.03529411764706e-08,3.271428571428572e-06
1992-02-20 20:36:00,5.148000000000001,0.0767,0.0571,0.0289,0.0272,0.0267,0.0153,3.88235294117647e-08,3.2571428571428577e-06
1992-02-20 20:37:00,5.186,0.0767,0.0571,0.0289,0.0272,0.0267,0.0153,3.8117647058823534e-08,3.2285714285714288e-06
1992-02-20 20:38:00,5.224,0.0767,0.0571,0.0289,0.0272,0.0267,0.0153,3.658823529411765e-08,3.2285714285714288e-06
1992-02-20 20:39:00,5.262,0.0767,0.0571,0.0289,0.0272,0.0267,0.0153,3.564705882352941e-08,3.2000000000000003e-06
1992-02-20 20:40:00,5.3,0.0767,0.0571,0.0289,0.0272,0.0267,0.0153,3.576470588235294e-08,3.2000000000000003e-06
1992-02-20 20:41:00,5.182,0.10736,0.0574,0.0289,0.0272,0.0267,0.0153,3.4235294117647056e-08,3.185714285714286e-06
1992-02-20 20:42:00,5.064,0.13802,0.0577,0.0289,0.0272,0.0267,0.0153,3.2823529411764714e-08,3.171428571428572e-06
1992-02-20 20:43:00,4.946,0.16868,0.0579999999999999,0.0289,0.0272,0.0267,0.0153,3.3882352941176475e-08,3.185714285714286e-06
1992-02-20 20:44:00,4.828,0.19934,0.0583,0.0289,0.0272,0.0267,0.0153,3.341176470588235e-08,3.185714285714286e-06
1992-02-20 20:45:00,4.71,0.23,0.0586,0.0289,0.0272,0.0267,0.0153,3.4823529411764706e-08,3.2000000000000003e-06
1992-02-20 20:46:00,4.942,0.2098,0.06868,0.03912,0.0322799999999999,0.03076,0.01932,3.729411764705882e-08,3.2428571428571428e-06
1992-02-20 20:47:00,5.174,0.1896,0.07876,0.04934,0.03736,0.03482,0.02334,5.576470588235294e-08,3.485714285714286e-06
1992-02-20 20:48:00,5.406000000000001,0.1694,0.08884,0.05956,0.04244,0.03888,0.02736,6.447058823529413e-08,3.7285714285714286e-06
1992-02-20 20:49:00,5.638,0.1492,0.09892,0.06978,0.04752,0.04294,0.03138,5.564705882352941e-08,3.700000000000001e-06
1992-02-20 20:50:00,5.87,0.129,0.109,0.08,0.0526,0.047,0.0354,4.988235294117647e-08,3.6571428571428576e-06
1992-02-20 20:51:00,6.03,0.1494,0.1296,0.1006,0.06948,0.059,0.03814,4.8352941176470593e-08,3.6285714285714287e-06
1992-02-20 20:52:00,6.19,0.1698,0.1502,0.1212,0.0863599999999999,0.071,0.04088,4.847058823529413e-08,3.6000000000000003e-06
1992-02-20 20:53:00,6.35,0.1902,0.1708,0.1418,0.10324,0.083,0.04362,4.63529411764706e-08,3.5857142857142862e-06
1992-02-20 20:54:00,6.51,0.2106,0.1914,0.1624,0.12012,0.095,0.04636,4.4117647058823535e-08,3.542857142857143e-06
1992-02-20 20:55:00,6.67,0.231,0.212,0.183,0.137,0.107,0.0491,4.011764705882353e-08,3.485714285714286e-06
1992-02-20 20:56:00,6.788,0.2048,0.1857,0.1567,0.11606,0.09098,0.0423399999999999,3.8e-08,3.442857142857143e-06
1992-02-20 20:57:00,6.906,0.1786,0.1594,0.1304,0.09512,0.07496,0.03558,3.752941176470589e-08,3.4285714285714285e-06
1992-02-20 20:58:00,7.024,0.1524,0.1331,0.1041,0.07418,0.05894,0.02882,3.8e-08,3.442857142857143e-06
1992-02-20 20:59:00,7.142,0.1262,0.1067999999999999,0.0778,0.0532399999999999,0.04292,0.02206,3.9294117647058827e-08,3.471428571428572e-06
1992-02-20 21:00:00,7.26,0.1,0.0805,0.0515,0.0323,0.0269,0.0153,4.2235294117647055e-08,3.514285714285715e-06
1992-02-20 21:01:00,7.064,0.09608,0.0766,0.04582,0.0301,0.02568,0.014142,4.4e-08,3.571428571428572e-06
1992-02-20 21:02:00,6.868,0.09216,0.0727,0.0401399999999999,0.0279,0.02446,0.0129839999999999,4.788235294117648e-08,3.6285714285714287e-06
1992-02-20 21:03:00,6.672000000000001,0.08824,0.0688,0.03446,0.0257,0.02324,0.011826,4.847058823529413e-08,3.6571428571428576e-06
1992-02-20 21:04:00,6.476,0.08432,0.0649,0.02878,0.0235,0.0220199999999999,0.010668,4.752941176470588e-08,3.6857142857142857e-06
1992-02-20 21:05:00,6.28,0.0804,0.061,0.0231,0.0213,0.0208,0.00951,4.4705882352941184e-08,3.671428571428572e-06
1992-02-20 21:06:00,6.28,0.08368,0.06426,0.02828,0.02648,0.026,0.014688,4.164705882352941e-08,3.6285714285714287e-06
1992-02-20 21:07:00,6.28,0.08696,0.06752,0.03346,0.03166,0.0312,0.019866,3.8705882352941184e-08,3.6000000000000003e-06
1992-02-20 21:08:00,6.28,0.09024,0.07078,0.03864,0.03684,0.0364,0.025044,3.5882352941176473e-08,3.528571428571429e-06
1992-02-20 21:09:00,6.28,0.0935199999999999,0.07404,0.04382,0.04202,0.0416,0.030222,3.3294117647058826e-08,3.471428571428572e-06
1992-02-20 21:10:00,6.28,0.0968,0.0773,0.049,0.0472,0.0468,0.0354,3.0588235294117654e-08,3.4000000000000005e-06
1992-02-20 21:11:00,6.446000000000001,0.11124,0.0736199999999999,0.04498,0.0432,0.04278,0.03138,2.8588235294117652e-08,3.342857142857143e-06
1992-02-20 21:12:00,6.612,0.12568,0.06994,0.0409599999999999,0.0392,0.03876,0.02736,2.788235294117647e-08,3.3e-06
1992-02-20 21:13:00,6.7780000000000005,0.14012,0.06626,0.03694,0.0351999999999999,0.03474,0.02334,2.6235294117647064e-08,3.2571428571428577e-06
1992-02-20 21:14:00,6.944,0.15456,0.06258,0.03292,0.0312,0.03072,0.01932,2.411764705882353e-08,3.2142857142857147e-06
1992-02-20 21:15:00,7.11,0.169,0.0589,0.0289,0.0272,0.0267,0.0153,2.741176470588236e-08,3.2142857142857147e-06
1992-02-20 21:16:00,6.788,0.2418,0.07392,0.03084,0.02912,0.02864,0.01724,2.8117647058823534e-08,3.2285714285714288e-06
1992-02-20 21:17:00,6.466,0.3146,0.08894,0.03278,0.0310399999999999,0.03058,0.01918,2.7058823529411772e-08,3.2000000000000003e-06
1992-02-20 21:18:00,6.144,0.3874,0.10396,0.03472,0.03296,0.03252,0.02112,2.6705882352941185e-08,3.171428571428572e-06
1992-02-20 21:19:00,5.822,0.4602,0.11898,0.03666,0.03488,0.03446,0.02306,2.7058823529411772e-08,3.1571428571428573e-06
1992-02-20 21:20:00,5.5,0.533,0.134,0.0386,0.0368,0.0364,0.025,2.7294117647058825e-08,3.185714285714286e-06
1992-02-20 21:21:00,5.224,0.4476,0.12454,0.04068,0.03888,0.03848,0.02708,3.176470588235294e-08,3.2571428571428577e-06
1992-02-20 21:22:00,4.948,0.3622,0.11508,0.04276,0.0409599999999999,0.04056,0.02916,3.4470588235294125e-08,3.342857142857143e-06
1992-02-20 21:23:00,4.672000000000001,0.2768,0.10562,0.04484,0.0430399999999999,0.04264,0.03124,3.5882352941176473e-08,3.4000000000000005e-06
1992-02-20 21:24:00,4.396,0.1914,0.09616,0.04692,0.04512,0.04472,0.03332,4.211764705882354e-08,3.528571428571429e-06
1992-02-20 21:25:00,4.12,0.106,0.0867,0.049,0.0472,0.0468,0.0354,4.694117647058825e-08,3.642857142857143e-06
1992-02-20 21:26:00,4.67,0.1188,0.09936,0.0634,0.05258,0.04738,0.0317,5.070588235294119e-08,3.7285714285714286e-06
1992-02-20 21:27:00,5.220000000000001,0.1316,0.11202,0.0778,0.05796,0.04796,0.028,5.3176470588235295e-08,3.785714285714286e-06
1992-02-20 21:28:00,5.7700000000000005,0.1444,0.12468,0.0922,0.06334,0.04854,0.0243,5.71764705882353e-08,3.857142857142857e-06
1992-02-20 21:29:00,6.32,0.1572,0.13734,0.1066,0.06872,0.04912,0.0206,6.529411764705882e-08,3.957142857142858e-06
1992-02-20 21:30:00,6.87,0.17,0.15,0.121,0.0741,0.0497,0.0169,7.423529411764706e-08,4.085714285714287e-06
1992-02-20 21:31:00,6.242,0.179,0.13804,0.1086599999999999,0.06648,0.04584,0.01728,8.199999999999999e-08,4.242857142857143e-06
1992-02-20 21:32:00,5.614,0.188,0.12608,0.0963199999999999,0.0588599999999999,0.04198,0.01766,8.576470588235295e-08,4.357142857142857e-06
1992-02-20 21:33:00,4.986000000000001,0.197,0.11412,0.08398,0.05124,0.03812,0.01804,8.247058823529413e-08,4.414285714285714e-06
1992-02-20 21:34:00,4.3580000000000005,0.206,0.10216,0.07164,0.04362,0.03426,0.01842,7.882352941176474e-08,4.414285714285714e-06
1992-02-20 21:35:00,3.73,0.215,0.0902,0.0593,0.036,0.0304,0.0188,7.576470588235294e-08,4.414285714285714e-06
1992-02-20 21:36:00,4.158,0.2314,0.09736,0.06646,0.0425399999999999,0.03694,0.02536,7.200000000000001e-08,4.4e-06
1992-02-20 21:37:00,4.586,0.2478,0.10452,0.07362,0.04908,0.04348,0.03192,6.564705882352941e-08,4.328571428571428e-06
1992-02-20 21:38:00,5.014,0.2642,0.11168,0.08078,0.0556199999999999,0.05002,0.03848,5.9294117647058834e-08,4.242857142857143e-06
1992-02-20 21:39:00,5.442,0.2805999999999999,0.11884,0.08794,0.0621599999999999,0.05656,0.04504,5.352941176470588e-08,4.142857142857144e-06
1992-02-20 21:40:00,5.87,0.297,0.126,0.0951,0.0687,0.0631,0.0516,5.035294117647059e-08,4.057142857142858e-06
1992-02-20 21:41:00,5.8340000000000005,0.2656,0.125,0.09286,0.0713999999999999,0.06682,0.05538,4.694117647058825e-08,3.985714285714286e-06
1992-02-20 21:42:00,5.798,0.2342,0.124,0.09062,0.0741,0.07054,0.05916,4.682352941176472e-08,3.957142857142858e-06
1992-02-20 21:43:00,5.7620000000000005,0.2027999999999999,0.123,0.08838,0.0768,0.0742599999999999,0.06294,5.694117647058824e-08,4.085714285714287e-06
1992-02-20 21:44:00,5.726,0.1714,0.122,0.08614,0.0795,0.07798,0.06672,6.129411764705885e-08,4.1857142857142856e-06
1992-02-20 21:45:00,5.69,0.14,0.121,0.0839,0.0822,0.0817,0.0705,5.976470588235296e-08,4.1571428571428575e-06
1992-02-20 21:46:00,5.926,0.1546,0.10854,0.0729,0.0712,0.0707,0.05946,5.8235294117647066e-08,4.114285714285715e-06
1992-02-20 21:47:00,6.162,0.1692,0.09608,0.0619,0.0602,0.0596999999999999,0.04842,5.6823529411764724e-08,4.071428571428572e-06
1992-02-20 21:48:00,6.398,0.1838,0.08362,0.0509,0.0491999999999999,0.0486999999999999,0.03738,5.482352941176471e-08,4.028571428571429e-06
1992-02-20 21:49:00,6.634,0.1984,0.07116,0.0399,0.0382,0.0377,0.02634,5.3058823529411764e-08,3.985714285714286e-06
1992-02-20 21:50:00,6.87,0.213,0.0587,0.0289,0.0272,0.0267,0.0153,5.1647058823529415e-08,3.971428571428572e-06
1992-02-20 21:51:00,6.712,0.2706,0.06996,0.0289,0.0272,0.0267,0.0153,4.941176470588236e-08,3.942857142857143e-06
1992-02-20 21:52:00,6.554,0.3282,0.08122,0.0289,0.0272,0.0267,0.0153,4.894117647058824e-08,3.900000000000001e-06
1992-02-20 21:53:00,6.396,0.3858,0.09248,0.0289,0.0272,0.0267,0.0153,4.8e-08,3.900000000000001e-06
1992-02-20 21:54:00,6.238,0.4434,0.10374,0.0289,0.0272,0.0267,0.0153,4.823529411764706e-08,3.900000000000001e-06
1992-02-20 21:55:00,6.08,0.501,0.115,0.0289,0.0272,0.0267,0.0153,4.7411764705882363e-08,3.871428571428572e-06
1992-02-20 21:56:00,6.12,0.42016,0.10748,0.0289,0.0272,0.0267,0.0153,4.5176470588235296e-08,3.8e-06
1992-02-20 21:57:00,6.16,0.33932,0.09996,0.0289,0.0272,0.0267,0.0153,4e-08,3.6857142857142857e-06
1992-02-20 21:58:00,6.2,0.25848,0.09244,0.0289,0.0272,0.0267,0.0153,3.658823529411765e-08,3.6285714285714287e-06
1992-02-20 21:59:00,6.24,0.17764,0.08492,0.0289,0.0272,0.0267,0.0153,3.694117647058824e-08,3.5857142857142862e-06
1992-02-20 22:00:00,6.28,0.0968,0.0774,0.0289,0.0272,0.0267,0.0153,3.988235294117648e-08,3.6285714285714287e-06
1992-02-20 22:01:00,6.436,0.0915,0.0720799999999999,0.02762,0.02592,0.02542,0.014034,3.894117647058823e-08,3.6142857142857134e-06
1992-02-20 22:02:00,6.592,0.0862,0.06676,0.02634,0.02464,0.02414,0.012768,3.294117647058823e-08,3.485714285714286e-06
1992-02-20 22:03:00,6.748,0.0809,0.0614399999999999,0.02506,0.02336,0.02286,0.011502,2.9764705882352945e-08,3.4142857142857145e-06
1992-02-20 22:04:00,6.904,0.0756,0.0561199999999999,0.02378,0.02208,0.02158,0.010236,2.847058823529412e-08,3.342857142857143e-06
1992-02-20 22:05:00,7.06,0.0703,0.0508,0.0225,0.0208,0.0203,0.00897,2.7176470588235294e-08,3.314285714285714e-06
1992-02-20 22:06:00,7.532,0.13684,0.06384,0.0226199999999999,0.0209199999999999,0.0204199999999999,0.009086,3.1058823529411765e-08,3.328571428571429e-06
1992-02-20 22:07:00,8.004,0.20338,0.07688,0.02274,0.02104,0.02054,0.009202,4.552941176470588e-08,3.457142857142857e-06
1992-02-20 22:08:00,8.475999999999999,0.26992,0.08992,0.02286,0.0211599999999999,0.0206599999999999,0.009318,4.764705882352941e-08,3.528571428571429e-06
1992-02-20 22:09:00,8.948,0.33646,0.10296,0.02298,0.02128,0.02078,0.009434,3.847058823529412e-08,3.457142857142857e-06
1992-02-20 22:10:00,9.42,0.403,0.116,0.0231,0.0214,0.0209,0.00955,3.0588235294117654e-08,3.342857142857143e-06
1992-02-20 22:11:00,8.475999999999999,0.3428,0.10924,0.02912,0.0236,0.0220999999999999,0.0107,3.0705882352941185e-08,3.3e-06
1992-02-20 22:12:00,7.532,0.2826,0.10248,0.03514,0.0257999999999999,0.0232999999999999,0.01185,3.2e-08,3.3e-06
1992-02-20 22:13:00,6.588,0.2224,0.09572,0.04116,0.0279999999999999,0.0245,0.013,2.9058823529411764e-08,3.2571428571428577e-06
1992-02-20 22:14:00,5.644,0.1621999999999999,0.08896,0.04718,0.0301999999999999,0.0257,0.01415,3.023529411764706e-08,3.2428571428571428e-06
1992-02-20 22:15:00,4.7,0.102,0.0822,0.0532,0.0324,0.0269,0.0153,3.0588235294117654e-08,3.2285714285714288e-06
1992-02-20 22:16:00,4.702,0.1032,0.08338,0.05452,0.03754,0.03302,0.01564,3.1529411764705884e-08,3.2285714285714288e-06
1992-02-20 22:17:00,4.704,0.1043999999999999,0.08456,0.05584,0.0426799999999999,0.03914,0.01598,3.4235294117647056e-08,3.2428571428571428e-06
1992-02-20 22:18:00,4.706,0.1056,0.08574,0.05716,0.04782,0.04526,0.01632,3.6235294117647054e-08,3.271428571428572e-06
1992-02-20 22:19:00,4.708,0.1067999999999999,0.08692,0.05848,0.05296,0.05138,0.01666,3.670588235294119e-08,3.2857142857142857e-06
1992-02-20 22:20:00,4.71,0.108,0.0881,0.0598,0.0581,0.0575,0.017,3.682352941176471e-08,3.3e-06
1992-02-20 22:21:00,4.79,0.1467999999999999,0.08814,0.05934,0.05298,0.05138,0.01666,3.752941176470589e-08,3.328571428571429e-06
1992-02-20 22:22:00,4.87,0.1856,0.08818,0.05888,0.04786,0.04526,0.01632,3.729411764705882e-08,3.342857142857143e-06
1992-02-20 22:23:00,4.95,0.2244,0.08822,0.05842,0.04274,0.03914,0.01598,4.047058823529411e-08,3.4142857142857145e-06
1992-02-20 22:24:00,5.03,0.2632,0.08826,0.05796,0.03762,0.03302,0.01564,4.3647058823529416e-08,3.485714285714286e-06
1992-02-20 22:25:00,5.11,0.302,0.0883,0.0575,0.0325,0.0269,0.0153,4.6e-08,3.528571428571429e-06
1992-02-20 22:26:00,5.03,0.2636,0.08876,0.0582,0.0325,0.0269,0.0153,4.9058823529411774e-08,3.571428571428572e-06
1992-02-20 22:27:00,4.95,0.2251999999999999,0.08922,0.0589,0.0325,0.0269,0.0153,5.541176470588236e-08,3.700000000000001e-06
1992-02-20 22:28:00,4.87,0.1867999999999999,0.08968,0.0596,0.0325,0.0269,0.0153,6.411764705882356e-08,3.857142857142857e-06
1992-02-20 22:29:00,4.79,0.1483999999999999,0.09014,0.0603,0.0325,0.0269,0.0153,6.635294117647059e-08,3.928571428571429e-06
1992-02-20 22:30:00,4.71,0.11,0.0906,0.061,0.0325,0.0269,0.0153,6.588235294117646e-08,3.957142857142858e-06
1992-02-20 22:31:00,4.942,0.165,0.11048,0.0808,0.0486,0.03774,0.01846,6.376470588235294e-08,3.942857142857143e-06
1992-02-20 22:32:00,5.174,0.22,0.13036,0.1006,0.0647,0.04858,0.02162,6.364705882352941e-08,3.957142857142858e-06
1992-02-20 22:33:00,5.406000000000001,0.275,0.15024,0.1204,0.0808,0.05942,0.02478,6.423529411764705e-08,3.985714285714286e-06
1992-02-20 22:34:00,5.638,0.33,0.17012,0.1402,0.0969,0.07026,0.02794,6.529411764705882e-08,4e-06
1992-02-20 22:35:00,5.87,0.385,0.19,0.16,0.113,0.0811,0.0311,6.976470588235294e-08,4.071428571428572e-06
1992-02-20 22:36:00,6.07,0.3618,0.1715,0.14122,0.0969,0.07026,0.02794,7.31764705882353e-08,4.1571428571428575e-06
1992-02-20 22:37:00,6.2700000000000005,0.3386,0.153,0.12244,0.0808,0.05942,0.0247799999999999,7.388235294117648e-08,4.2e-06
1992-02-20 22:38:00,6.470000000000001,0.3154,0.1345,0.10366,0.0647,0.04858,0.0216199999999999,7.411764705882353e-08,4.2142857142857145e-06
1992-02-20 22:39:00,6.67,0.2922,0.116,0.08488,0.0486,0.03774,0.0184599999999999,7.47058823529412e-08,4.2285714285714285e-06
1992-02-20 22:40:00,6.87,0.269,0.0975,0.0661,0.0325,0.0269,0.0153,7.564705882352941e-08,4.257142857142857e-06
1992-02-20 22:41:00,6.596,0.2464,0.09482,0.06352,0.03248,0.0269,0.0153,7.858823529411765e-08,4.285714285714286e-06
1992-02-20 22:42:00,6.322,0.2238,0.09214,0.06094,0.03246,0.0269,0.0153,7.95294117647059e-08,4.328571428571428e-06
1992-02-20 22:43:00,6.048,0.2012,0.08946,0.05836,0.03244,0.0269,0.0153,8.294117647058824e-08,4.414285714285714e-06
1992-02-20 22:44:00,5.774,0.1786,0.08678,0.0557799999999999,0.03242,0.0269,0.0153,9.094117647058825e-08,4.571428571428571e-06
1992-02-20 22:45:00,5.5,0.156,0.0841,0.0532,0.0324,0.0269,0.0153,9.788235294117649e-08,4.742857142857143e-06
1992-02-20 22:46:00,5.932,0.1488,0.08728,0.05684,0.03644,0.03096,0.01936,1.0058823529411765e-07,4.842857142857144e-06
1992-02-20 22:47:00,6.364,0.1416,0.09046,0.06048,0.04048,0.0350199999999999,0.0234199999999999,9.941176470588237e-08,4.885714285714286e-06
1992-02-20 22:48:00,6.796,0.1344,0.09364,0.06412,0.04452,0.03908,0.0274799999999999,9.788235294117649e-08,4.9000000000000005e-06
1992-02-20 22:49:00,7.228,0.1272,0.09682,0.06776,0.04856,0.04314,0.03154,9.811764705882356e-08,4.9285714285714286e-06
1992-02-20 22:50:00,7.66,0.12,0.1,0.0714,0.0526,0.0472,0.0356,9.470588235294118e-08,4.9000000000000005e-06
1992-02-20 22:51:00,7.854,0.11272,0.09286,0.0629,0.04752,0.0431,0.03154,9.211764705882352e-08,4.871428571428572e-06
1992-02-20 22:52:00,8.048,0.1054399999999999,0.08572,0.0544,0.04244,0.039,0.02748,8.847058823529413e-08,4.828571428571429e-06
1992-02-20 22:53:00,8.242,0.09816,0.07858,0.0458999999999999,0.03736,0.0349,0.02342,8.764705882352941e-08,4.800000000000001e-06
1992-02-20 22:54:00,8.436,0.0908799999999999,0.07144,0.0373999999999999,0.03228,0.0308,0.01936,8.705882352941178e-08,4.785714285714287e-06
1992-02-20 22:55:00,8.63,0.0836,0.0643,0.0289,0.0272,0.0267,0.0153,8.776470588235294e-08,4.785714285714287e-06
1992-02-20 22:56:00,8.078000000000001,0.09308,0.0632399999999999,0.0289,0.0272,0.0267,0.0153,8.658823529411767e-08,4.771428571428572e-06
1992-02-20 22:57:00,7.526000000000001,0.10256,0.06218,0.0289,0.0272,0.0267,0.0153,8.776470588235294e-08,4.757142857142857e-06
1992-02-20 22:58:00,6.974,0.11204,0.0611199999999999,0.0289,0.0272,0.0267,0.0153,8.96470588235294e-08,4.771428571428572e-06
1992-02-20 22:59:00,6.422000000000001,0.12152,0.0600599999999999,0.0289,0.0272,0.0267,0.0153,9.364705882352941e-08,4.814285714285715e-06
1992-02-20 23:00:00,5.87,0.131,0.059,0.0289,0.0272,0.0267,0.0153,1.0482352941176472e-07,4.9142857142857145e-06
1992-02-20 23:01:00,6.108,0.131,0.059,0.0289,0.0272,0.0267,0.0153,1.235294117647059e-07,5.057142857142857e-06
1992-02-20 23:02:00,6.346,0.131,0.059,0.0289,0.0272,0.0267,0.0153,1.423529411764706e-07,5.257142857142857e-06
1992-02-20 23:03:00,6.584,0.131,0.059,0.0289,0.0272,0.0267,0.0153,1.764705882352941e-07,5.542857142857144e-06
1992-02-20 23:04:00,6.822,0.131,0.059,0.0289,0.0272,0.0267,0.0153,2.282352941176471e-07,5.942857142857143e-06
1992-02-20 23:05:00,7.06,0.131,0.059,0.0289,0.0272,0.0267,0.0153,2.88235294117647e-07,6.371428571428572e-06
1992-02-20 23:06:00,6.512,0.1474,0.05894,0.0289,0.0272,0.0267,0.0153,3.400000000000001e-07,6.800000000000001e-06
1992-02-20 23:07:00,5.964,0.1638,0.05888,0.0289,0.0272,0.0267,0.0153,3.7294117647058825e-07,7.1714285714285725e-06
1992-02-20 23:08:00,5.416,0.1802,0.05882,0.0289,0.0272,0.0267,0.0153,3.9176470588235293e-07,7.5e-06
1992-02-20 23:09:00,4.868,0.1966,0.05876,0.0289,0.0272,0.0267,0.0153,3.9294117647058827e-07,7.785714285714287e-06
1992-02-20 23:10:00,4.32,0.213,0.0587,0.0289,0.0272,0.0267,0.0153,3.870588235294118e-07,7.957142857142858e-06
1992-02-20 23:11:00,4.63,0.262,0.13476,0.0673199999999999,0.04936,0.04256,0.022,3.705882352941177e-07,8.02857142857143e-06
1992-02-20 23:12:00,4.94,0.311,0.2108199999999999,0.1057399999999999,0.07152,0.05842,0.0287,3.552941176470588e-07,8.085714285714285e-06
1992-02-20 23:13:00,5.25,0.36,0.2868799999999999,0.1441599999999999,0.09368,0.07428,0.0354,3.388235294117647e-07,8.128571428571428e-06
1992-02-20 23:14:00,5.5600000000000005,0.409,0.3629399999999999,0.18258,0.11584,0.09014,0.0421,3.305882352941177e-07,8.185714285714286e-06
1992-02-20 23:15:00,5.87,0.458,0.439,0.221,0.138,0.106,0.0488,3.2e-07,8.214285714285714e-06
1992-02-20 23:16:00,5.718,0.4774,0.398,0.18744,0.11688,0.09018,0.0421,3.1176470588235295e-07,8.3e-06
1992-02-20 23:17:00,5.566,0.4968,0.357,0.15388,0.09576,0.07436,0.0354,3.023529411764706e-07,8.314285714285715e-06
1992-02-20 23:18:00,5.414000000000001,0.5162,0.316,0.12032,0.07464,0.0585399999999999,0.0287,2.9176470588235293e-07,8.32857142857143e-06
1992-02-20 23:19:00,5.2620000000000005,0.5356000000000001,0.275,0.08676,0.05352,0.0427199999999999,0.022,2.847058823529412e-07,8.371428571428571e-06
1992-02-20 23:20:00,5.11,0.555,0.234,0.0532,0.0324,0.0269,0.0153,2.835294117647059e-07,8.485714285714287e-06
1992-02-20 23:21:00,5.382000000000001,0.4868,0.20532,0.0547,0.03772,0.03322,0.02166,2.8e-07,8.585714285714286e-06
1992-02-20 23:22:00,5.654,0.4186,0.17664,0.0562,0.0430399999999999,0.03954,0.02802,2.6823529411764705e-07,8.514285714285715e-06
1992-02-20 23:23:00,5.926,0.3504,0.14796,0.0577,0.04836,0.04586,0.03438,2.541176470588235e-07,8.428571428571429e-06
1992-02-20 23:24:00,6.198,0.2822,0.11928,0.0591999999999999,0.05368,0.05218,0.04074,2.411764705882353e-07,8.257142857142857e-06
1992-02-20 23:25:00,6.47,0.214,0.0906,0.0607,0.059,0.0585,0.0471,2.2705882352941173e-07,8.071428571428572e-06
1992-02-20 23:26:00,6.198,0.2226,0.08502,0.05516,0.05346,0.05296,0.04156,2.152941176470589e-07,7.928571428571429e-06
1992-02-20 23:27:00,5.926,0.2312,0.07944,0.04962,0.04792,0.04742,0.03602,2.058823529411765e-07,7.785714285714287e-06
1992-02-20 23:28:00,5.654,0.2398,0.07386,0.04408,0.04238,0.04188,0.03048,1.9764705882352945e-07,7.642857142857143e-06
1992-02-20 23:29:00,5.382,0.2484,0.06828,0.03854,0.03684,0.03634,0.02494,1.9294117647058825e-07,7.542857142857144e-06
1992-02-20 23:30:00,5.11,0.257,0.0627,0.033,0.0313,0.0308,0.0194,1.8470588235294122e-07,7.400000000000001e-06
1992-02-20 23:31:00,5.462000000000001,0.2436,0.08436,0.0548,0.0532399999999999,0.05264,0.02542,1.764705882352941e-07,7.242857142857143e-06
1992-02-20 23:32:00,5.814,0.2302,0.10602,0.0766,0.07518,0.07448,0.03144,1.6823529411764708e-07,7.057142857142858e-06
1992-02-20 23:33:00,6.166,0.2168,0.12768,0.0983999999999999,0.0971199999999999,0.09632,0.03746,1.611764705882353e-07,6.928571428571429e-06
1992-02-20 23:34:00,6.518000000000001,0.2034,0.14934,0.1201999999999999,0.11906,0.11816,0.04348,1.5647058823529417e-07,6.828571428571429e-06
1992-02-20 23:35:00,6.87,0.19,0.171,0.142,0.141,0.14,0.0495,1.5411764705882352e-07,6.728571428571429e-06
1992-02-20 23:36:00,6.752,0.1924,0.15218,0.1228999999999999,0.1191999999999999,0.11738,0.04266,1.5058823529411766e-07,6.685714285714286e-06
1992-02-20 23:37:00,6.634,0.1948,0.13336,0.1037999999999999,0.0973999999999999,0.09476,0.03582,1.458823529411765e-07,6.614285714285714e-06
1992-02-20 23:38:00,6.516,0.1972,0.11454,0.0847,0.0756,0.07214,0.02898,1.411764705882353e-07,6.528571428571429e-06
1992-02-20 23:39:00,6.398000000000001,0.1996,0.09572,0.0655999999999999,0.0538,0.04952,0.02214,1.3999999999999998e-07,6.4857142857142856e-06
1992-02-20 23:40:00,6.28,0.202,0.0769,0.0465,0.032,0.0269,0.0153,1.3647058823529413e-07,6.4571428571428575e-06
1992-02-20 23:41:00,6.0840000000000005,0.1756,0.07162,0.0416399999999999,0.0297,0.02552,0.0139779999999999,1.3411764705882353e-07,6.4285714285714295e-06
1992-02-20 23:42:00,5.888,0.1492,0.06634,0.03678,0.0274,0.02414,0.012656,1.3294117647058824e-07,6.414285714285715e-06
1992-02-20 23:43:00,5.692,0.1228,0.06106,0.03192,0.0251,0.02276,0.011334,1.352941176470588e-07,6.471428571428572e-06
1992-02-20 23:44:00,5.496,0.0964,0.05578,0.02706,0.0228,0.02138,0.010012,1.3411764705882353e-07,6.514285714285715e-06
1992-02-20 23:45:00,5.3,0.07,0.0505,0.0222,0.0205,0.02,0.00869,1.3411764705882353e-07,6.528571428571429e-06
1992-02-20 23:46:00,5.456,0.1084,0.089,0.05536,0.0464,0.0368,0.013432,1.3176470588235293e-07,6.528571428571429e-06
1992-02-20 23:47:00,5.612,0.1468,0.1275,0.08852,0.0723,0.0535999999999999,0.018174,1.282352941176471e-07,6.528571428571429e-06
1992-02-20 23:48:00,5.768,0.1852,0.1659999999999999,0.12168,0.0982,0.0704,0.022916,1.3176470588235293e-07,6.614285714285714e-06
1992-02-20 23:49:00,5.924,0.2236,0.2045,0.15484,0.1241,0.0872,0.027658,1.2941176470588238e-07,6.642857142857144e-06
1992-02-20 23:50:00,6.08,0.262,0.243,0.188,0.15,0.104,0.0324,1.235294117647059e-07,6.557142857142857e-06
1992-02-20 23:51:00,6.316,0.22896,0.20986,0.1602,0.12944,0.09256,0.033,1.1882352941176473e-07,6.4857142857142856e-06
1992-02-20 23:52:00,6.552,0.19592,0.17672,0.1324,0.1088799999999999,0.08112,0.0336,1.1423529411764706e-07,6.4000000000000006e-06
1992-02-20 23:53:00,6.788,0.16288,0.1435799999999999,0.1046,0.0883199999999999,0.0696799999999999,0.0342,1.1058823529411765e-07,6.314285714285715e-06
1992-02-20 23:54:00,7.024,0.12984,0.1104399999999999,0.0768,0.0677599999999999,0.05824,0.0348,1.0729411764705885e-07,6.228571428571429e-06
1992-02-20 23:55:00,7.26,0.0968,0.0773,0.049,0.0472,0.0468,0.0354,1.1423529411764706e-07,6.128571428571428e-06
1992-02-20 23:56:00,6.946,0.16784,0.08012,0.0514,0.04426,0.04282,0.03138,1.123529411764706e-07,6.071428571428572e-06
1992-02-20 23:57:00,6.632,0.23888,0.08294,0.0538,0.04132,0.03884,0.02736,1.0976470588235294e-07,5.985714285714285e-06
1992-02-20 23:58:00,6.318,0.30992,0.08576,0.0562,0.03838,0.03486,0.02334,1.0705882352941176e-07,5.914285714285715e-06
1992-02-20 23:59:00,6.004,0.38096,0.0885799999999999,0.0586,0.03544,0.03088,0.01932,1.0388235294117649e-07,5.842857142857143e-06
1992-02-21 00:00:00,5.69,0.452,0.0914,0.061,0.0325,0.0269,0.0153,1.0247058823529413e-07,5.8e-06
1992-02-21 00:01:00,5.808000000000001,0.37874,0.0863599999999999,0.05638,0.03324,0.02866,0.01712,1.0152941176470589e-07,5.771428571428572e-06
1992-02-21 00:02:00,5.926,0.30548,0.0813199999999999,0.05176,0.03398,0.03042,0.01894,1.02e-07,5.771428571428572e-06
1992-02-21 00:03:00,6.0440000000000005,0.2322199999999999,0.0762799999999999,0.04714,0.03472,0.03218,0.02076,1.0082352941176473e-07,5.742857142857143e-06
1992-02-21 00:04:00,6.162,0.15896,0.07124,0.04252,0.03546,0.03394,0.02258,1.0082352941176473e-07,5.742857142857143e-06
1992-02-21 00:05:00,6.28,0.0857,0.0662,0.0379,0.0362,0.0357,0.0244,1.0341176470588239e-07,5.785714285714286e-06
1992-02-21 00:06:00,6.24,0.15916,0.0881599999999999,0.03962,0.03536,0.03394,0.02258,1.0976470588235294e-07,5.900000000000001e-06
1992-02-21 00:07:00,6.2,0.23262,0.11012,0.04134,0.03452,0.03218,0.02076,1.1341176470588237e-07,5.971428571428571e-06
1992-02-21 00:08:00,6.16,0.30608,0.1320799999999999,0.04306,0.03368,0.03042,0.01894,1.1082352941176472e-07,5.971428571428571e-06
1992-02-21 00:09:00,6.12,0.37954,0.15404,0.04478,0.03284,0.02866,0.01712,1.0388235294117649e-07,5.900000000000001e-06
1992-02-21 00:10:00,6.08,0.453,0.176,0.0465,0.032,0.0269,0.0153,9.917647058823529e-08,5.842857142857143e-06
1992-02-21 00:11:00,6.158,0.3854,0.15986,0.05032,0.0328,0.0276,0.016,9.623529411764706e-08,5.785714285714286e-06
1992-02-21 00:12:00,6.236,0.3177999999999999,0.14372,0.05414,0.0336,0.0283,0.0167,9.58823529411765e-08,5.785714285714286e-06
1992-02-21 00:13:00,6.314,0.2502,0.12758,0.05796,0.0344,0.0289999999999999,0.0174,1.0223529411764706e-07,5.857142857142857e-06
1992-02-21 00:14:00,6.392,0.1825999999999999,0.11144,0.06178,0.0351999999999999,0.0297,0.0181,1.08e-07,5.971428571428571e-06
1992-02-21 00:15:00,6.47,0.115,0.0953,0.0656,0.036,0.0304,0.0188,1.0129411764705885e-07,5.914285714285715e-06
1992-02-21 00:16:00,6.117999999999999,0.1314,0.1116399999999999,0.06312,0.03528,0.0297,0.0181,9.364705882352941e-08,5.8e-06
1992-02-21 00:17:00,5.766,0.1478,0.1279799999999999,0.06064,0.03456,0.029,0.0174,9.023529411764706e-08,5.7000000000000005e-06
1992-02-21 00:18:00,5.414,0.1642,0.14432,0.05816,0.0338399999999999,0.0283,0.0167,8.8e-08,5.614285714285714e-06
1992-02-21 00:19:00,5.061999999999999,0.1806,0.16066,0.05568,0.03312,0.0276,0.016,8.905882352941176e-08,5.585714285714286e-06
1992-02-21 00:20:00,4.71,0.197,0.177,0.0532,0.0324,0.0269,0.0153,9.176470588235297e-08,5.614285714285714e-06
1992-02-21 00:21:00,5.024,0.1792,0.1592599999999999,0.05456,0.0375799999999999,0.03308,0.02154,9.623529411764706e-08,5.671428571428572e-06
1992-02-21 00:22:00,5.338,0.1614,0.1415199999999999,0.05592,0.04276,0.03926,0.02778,1.003529411764706e-07,5.742857142857143e-06
1992-02-21 00:23:00,5.652,0.1436,0.12378,0.05728,0.0479399999999999,0.04544,0.03402,1.0576470588235297e-07,5.8285714285714284e-06
1992-02-21 00:24:00,5.966,0.1258,0.10604,0.05864,0.05312,0.05162,0.04026,1.1105882352941177e-07,5.885714285714286e-06
1992-02-21 00:25:00,6.28,0.108,0.0883,0.06,0.0583,0.0578,0.0465,1.1494117647058825e-07,5.957142857142857e-06
1992-02-21 00:26:00,6.24,0.1067999999999999,0.08708,0.05864,0.05312,0.05162,0.04026,1.1741176470588237e-07,5.985714285714285e-06
1992-02-21 00:27:00,6.2,0.1056,0.08586,0.05728,0.0479399999999999,0.0454399999999999,0.03402,1.1882352941176473e-07,6.042857142857143e-06
1992-02-21 00:28:00,6.16,0.1043999999999999,0.0846399999999999,0.05592,0.04276,0.0392599999999999,0.02778,1.2000000000000004e-07,6.1e-06
1992-02-21 00:29:00,6.12,0.1032,0.08342,0.05456,0.03758,0.03308,0.02154,1.1882352941176473e-07,6.1e-06
1992-02-21 00:30:00,6.08,0.102,0.0822,0.0532,0.0324,0.0269,0.0153,1.2000000000000004e-07,6.142857142857144e-06
1992-02-21 00:31:00,6.158,0.1238,0.0831399999999999,0.0539199999999999,0.0344999999999999,0.0291,0.01752,1.2000000000000004e-07,6.171428571428572e-06
1992-02-21 00:32:00,6.236,0.1456,0.08408,0.05464,0.0366,0.0313,0.01974,1.211764705882353e-07,6.242857142857143e-06
1992-02-21 00:33:00,6.314,0.1674,0.08502,0.05536,0.0387,0.0335,0.02196,1.247058823529412e-07,6.328571428571429e-06
1992-02-21 00:34:00,6.392,0.1891999999999999,0.08596,0.05608,0.0408,0.0357,0.02418,1.3294117647058824e-07,6.471428571428572e-06
1992-02-21 00:35:00,6.47,0.211,0.0869,0.0568,0.0429,0.0379,0.0264,1.647058823529412e-07,7.014285714285714e-06
1992-02-21 00:36:00,6.236,0.18502,0.08186,0.0521,0.04062,0.03652,0.02506,1.835294117647059e-07,7.314285714285715e-06
1992-02-21 00:37:00,6.002,0.15904,0.07682,0.0474,0.03834,0.03514,0.0237199999999999,1.858823529411765e-07,7.485714285714286e-06
1992-02-21 00:38:00,5.768,0.13306,0.07178,0.0427,0.03606,0.03376,0.0223799999999999,1.776470588235294e-07,7.52857142857143e-06
1992-02-21 00:39:00,5.534,0.10708,0.06674,0.038,0.03378,0.03238,0.02104,1.6588235294117649e-07,7.442857142857143e-06
1992-02-21 00:40:00,5.3,0.0811,0.0617,0.0333,0.0315,0.031,0.0197,1.51764705882353e-07,7.342857142857143e-06
1992-02-21 00:41:00,5.378,0.08312,0.06368,0.0352,0.03058,0.02914,0.0177799999999999,1.423529411764706e-07,7.242857142857143e-06
1992-02-21 00:42:00,5.456,0.08514,0.06566,0.0371,0.02966,0.02728,0.01586,1.3411764705882353e-07,7.142857142857144e-06
1992-02-21 00:43:00,5.534,0.08716,0.0676399999999999,0.039,0.02874,0.0254199999999999,0.01394,1.2705882352941176e-07,7.071428571428572e-06
1992-02-21 00:44:00,5.612,0.08918,0.06962,0.0409,0.02782,0.02356,0.01202,1.223529411764706e-07,7e-06
1992-02-21 00:45:00,5.69,0.0912,0.0716,0.0428,0.0269,0.0217,0.0101,1.1494117647058825e-07,6.914285714285715e-06
1992-02-21 00:46:00,5.926,0.09456,0.0749,0.0462,0.03314,0.02886,0.01734,1.1129411764705882e-07,6.857142857142857e-06
1992-02-21 00:47:00,6.162,0.09792,0.0781999999999999,0.0496,0.03938,0.0360199999999999,0.02458,1.103529411764706e-07,6.785714285714287e-06
1992-02-21 00:48:00,6.398,0.10128,0.0814999999999999,0.053,0.04562,0.0431799999999999,0.03182,1.1364705882352945e-07,6.728571428571429e-06
1992-02-21 00:49:00,6.634,0.10464,0.0848,0.0564,0.05186,0.0503399999999999,0.03906,1.0905882352941177e-07,6.642857142857144e-06
1992-02-21 00:50:00,6.87,0.108,0.0881,0.0598,0.0581,0.0575,0.0463,1.0341176470588239e-07,6.514285714285715e-06
1992-02-21 00:51:00,6.3420000000000005,0.1644,0.0996799999999999,0.07104,0.0612,0.0559,0.04042,9.858823529411765e-08,6.414285714285715e-06
1992-02-21 00:52:00,5.814,0.2208,0.11126,0.08228,0.0643,0.0543,0.03454,9.56470588235294e-08,6.342857142857143e-06
1992-02-21 00:53:00,5.2860000000000005,0.2772,0.1228399999999999,0.09352,0.0674,0.0527,0.0286599999999999,9.364705882352941e-08,6.300000000000001e-06
1992-02-21 00:54:00,4.758000000000001,0.3336,0.1344199999999999,0.10476,0.0705,0.0511,0.0227799999999999,9.341176470588236e-08,6.242857142857143e-06
1992-02-21 00:55:00,4.23,0.39,0.146,0.116,0.0736,0.0495,0.0169,9.047058823529412e-08,6.185714285714286e-06
1992-02-21 00:56:00,4.746,0.3354,0.13622,0.10658,0.0723,0.0529,0.0169199999999999,8.823529411764708e-08,6.128571428571428e-06
1992-02-21 00:57:00,5.2620000000000005,0.2808,0.12644,0.09716,0.071,0.0563,0.01694,8.51764705882353e-08,6.042857142857143e-06
1992-02-21 00:58:00,5.778,0.2262,0.11666,0.08774,0.0697,0.0597,0.01696,8.15294117647059e-08,5.971428571428571e-06
1992-02-21 00:59:00,6.294,0.1716,0.10688,0.07832,0.0684,0.0631,0.01698,7.823529411764707e-08,5.885714285714286e-06
1992-02-21 01:00:00,6.81,0.117,0.0971,0.0689,0.0671,0.0665,0.017,7.599999999999999e-08,5.8e-06
1992-02-21 01:01:00,6.548,0.10782,0.088,0.0598,0.05802,0.05744,0.015568,7.376470588235295e-08,5.7285714285714285e-06
1992-02-21 01:02:00,6.286,0.09864,0.0789,0.0507,0.04894,0.04838,0.014136,7.11764705882353e-08,5.642857142857144e-06
1992-02-21 01:03:00,6.024,0.08946,0.0698,0.0416,0.03986,0.0393199999999999,0.012704,6.976470588235294e-08,5.585714285714286e-06
1992-02-21 01:04:00,5.7620000000000005,0.0802799999999999,0.0607,0.0325,0.03078,0.0302599999999999,0.011272,6.8e-08,5.52857142857143e-06
1992-02-21 01:05:00,5.5,0.0711,0.0516,0.0234,0.0217,0.0212,0.00984,6.6e-08,5.471428571428572e-06
1992-02-21 01:06:00,5.302,0.09448,0.0571399999999999,0.02856,0.02686,0.02636,0.0149919999999999,6.470588235294119e-08,5.428571428571429e-06
1992-02-21 01:07:00,5.104,0.1178599999999999,0.06268,0.03372,0.03202,0.03152,0.020144,6.470588235294119e-08,5.4e-06
1992-02-21 01:08:00,4.906,0.14124,0.06822,0.03888,0.03718,0.03668,0.025296,6.705882352941176e-08,5.428571428571429e-06
1992-02-21 01:09:00,4.708,0.16462,0.0737599999999999,0.0440399999999999,0.04234,0.04184,0.0304479999999999,1.0247058823529413e-07,5.785714285714286e-06
1992-02-21 01:10:00,4.51,0.188,0.0793,0.0492,0.0475,0.047,0.0356,1.3294117647058824e-07,6.157142857142858e-06
1992-02-21 01:11:00,4.63,0.1714,0.08062,0.0509,0.0492,0.0487,0.03186,1.3411764705882353e-07,6.342857142857143e-06
1992-02-21 01:12:00,4.75,0.1548,0.08194,0.0526,0.0509,0.0504,0.02812,1.3176470588235293e-07,6.414285714285715e-06
1992-02-21 01:13:00,4.87,0.1382,0.08326,0.0543,0.0526,0.0521,0.02438,1.2705882352941176e-07,6.471428571428572e-06
1992-02-21 01:14:00,4.99,0.1216,0.08458,0.056,0.0543,0.0538,0.02064,1.1576470588235294e-07,6.414285714285715e-06
1992-02-21 01:15:00,5.11,0.105,0.0859,0.0577,0.056,0.0555,0.0169,1.0682352941176473e-07,6.328571428571429e-06
1992-02-21 01:16:00,5.242,0.09934,0.08014,0.05194,0.05024,0.04974,0.0165799999999999,1.003529411764706e-07,6.214285714285715e-06
1992-02-21 01:17:00,5.374,0.09368,0.07438,0.04618,0.04448,0.04398,0.01626,9.211764705882352e-08,6.071428571428572e-06
1992-02-21 01:18:00,5.506,0.08802,0.06862,0.04042,0.03872,0.03822,0.01594,8.564705882352942e-08,5.928571428571429e-06
1992-02-21 01:19:00,5.638,0.08236,0.06286,0.0346599999999999,0.03296,0.03246,0.0156199999999999,8.023529411764706e-08,5.8285714285714284e-06
1992-02-21 01:20:00,5.77,0.0767,0.0571,0.0289,0.0272,0.0267,0.0153,7.458823529411764e-08,5.685714285714287e-06
1992-02-21 01:21:00,6.223999999999999,0.08196,0.06232,0.03402,0.03006,0.02868,0.01724,7.094117647058824e-08,5.571428571428572e-06
1992-02-21 01:22:00,6.677999999999999,0.08722,0.06754,0.03914,0.03292,0.03066,0.01918,6.976470588235294e-08,5.514285714285715e-06
1992-02-21 01:23:00,7.132,0.09248,0.0727599999999999,0.04426,0.03578,0.03264,0.02112,7.188235294117646e-08,5.52857142857143e-06
1992-02-21 01:24:00,7.585999999999999,0.09774,0.07798,0.04938,0.03864,0.03462,0.02306,6.941176470588236e-08,5.471428571428572e-06
1992-02-21 01:25:00,8.04,0.103,0.0832,0.0545,0.0415,0.0366,0.025,6.858823529411764e-08,5.428571428571429e-06
1992-02-21 01:26:00,7.605999999999999,0.1556,0.09576,0.05672,0.04596,0.04192,0.0304,6.976470588235294e-08,5.4e-06
1992-02-21 01:27:00,7.172,0.2082,0.10832,0.05894,0.05042,0.04724,0.0358,7.282352941176471e-08,5.428571428571429e-06
1992-02-21 01:28:00,6.738,0.2608,0.1208799999999999,0.06116,0.05488,0.05256,0.0412,7.823529411764707e-08,5.471428571428572e-06
1992-02-21 01:29:00,6.304,0.3134,0.13344,0.06338,0.05934,0.05788,0.0466,9.047058823529412e-08,5.642857142857144e-06
1992-02-21 01:30:00,5.87,0.366,0.146,0.0656,0.0638,0.0632,0.052,9.129411764705884e-08,5.685714285714287e-06
1992-02-21 01:31:00,6.148,0.3167999999999999,0.1369999999999999,0.06694,0.0627399999999999,0.06126,0.0499999999999999,8.564705882352942e-08,5.6571428571428576e-06
1992-02-21 01:32:00,6.426,0.2676,0.128,0.06828,0.06168,0.05932,0.048,8.176470588235293e-08,5.614285714285714e-06
1992-02-21 01:33:00,6.704,0.2183999999999999,0.119,0.06962,0.06062,0.05738,0.046,8.447058823529412e-08,5.6571428571428576e-06
1992-02-21 01:34:00,6.981999999999999,0.1692,0.11,0.07096,0.05956,0.05544,0.044,9.470588235294118e-08,5.785714285714286e-06
1992-02-21 01:35:00,7.26,0.12,0.101,0.0723,0.0585,0.0535,0.042,1.0247058823529413e-07,5.900000000000001e-06
1992-02-21 01:36:00,7.101999999999999,0.157,0.1124,0.08344,0.072,0.068,0.04682,1.0658823529411765e-07,5.957142857142857e-06
1992-02-21 01:37:00,6.944,0.194,0.1238,0.09458,0.0855,0.0825,0.05164,1.063529411764706e-07,5.942857142857143e-06
1992-02-21 01:38:00,6.786,0.2309999999999999,0.1352,0.10572,0.099,0.097,0.05646,1.0364705882352941e-07,5.900000000000001e-06
1992-02-21 01:39:00,6.628,0.268,0.1466,0.11686,0.1125,0.1115,0.06128,1.02e-07,5.857142857142857e-06
1992-02-21 01:40:00,6.47,0.305,0.158,0.128,0.126,0.126,0.0661,9.788235294117649e-08,5.771428571428572e-06
1992-02-21 01:41:00,6.156,0.3038,0.1822,0.1358,0.122,0.1134,0.05628,9.329411764705885e-08,5.7142857142857145e-06
1992-02-21 01:42:00,5.842,0.3026,0.2064,0.1436,0.118,0.1008,0.04646,8.96470588235294e-08,5.671428571428572e-06
1992-02-21 01:43:00,5.5280000000000005,0.3014,0.2306,0.1514,0.1139999999999999,0.0882,0.03664,8.941176470588238e-08,5.6571428571428576e-06
1992-02-21 01:44:00,5.214,0.3001999999999999,0.2548,0.1592,0.11,0.0756,0.02682,8.98823529411765e-08,5.671428571428572e-06
1992-02-21 01:45:00,4.9,0.299,0.279,0.167,0.106,0.063,0.017,8.776470588235294e-08,5.642857142857144e-06
1992-02-21 01:46:00,5.214,0.2844,0.2644,0.1439,0.09126,0.05578,0.01666,8.482352941176474e-08,5.6285714285714295e-06
1992-02-21 01:47:00,5.5280000000000005,0.2698,0.2498,0.1208,0.07652,0.04856,0.01632,8.058823529411764e-08,5.542857142857144e-06
1992-02-21 01:48:00,5.8420000000000005,0.2552,0.2352,0.0977,0.06178,0.04134,0.01598,7.68235294117647e-08,5.471428571428572e-06
1992-02-21 01:49:00,6.156,0.2406,0.2206,0.0746,0.04704,0.03412,0.01564,7.376470588235295e-08,5.385714285714286e-06
1992-02-21 01:50:00,6.47,0.226,0.206,0.0515,0.0323,0.0269,0.0153,7.094117647058824e-08,5.3e-06
1992-02-21 01:51:00,6.392,0.2086,0.1886,0.0521,0.0364,0.032,0.02044,6.811764705882353e-08,5.214285714285715e-06
1992-02-21 01:52:00,6.314,0.1912,0.1712,0.0527,0.0405,0.0371,0.02558,6.741176470588237e-08,5.171428571428572e-06
1992-02-21 01:53:00,6.236,0.1738,0.1538,0.0533,0.0446,0.0422,0.03072,6.658823529411765e-08,5.114285714285714e-06
1992-02-21 01:54:00,6.158,0.1564,0.1364,0.0538999999999999,0.0487,0.0473,0.03586,6.588235294117646e-08,5.085714285714285e-06
1992-02-21 01:55:00,6.08,0.139,0.119,0.0545,0.0528,0.0524,0.041,6.482352941176471e-08,5.057142857142857e-06
1992-02-21 01:56:00,5.57,0.1538,0.1338,0.0766,0.07484,0.07452,0.04794,6.364705882352941e-08,5.014285714285714e-06
1992-02-21 01:57:00,5.0600000000000005,0.1686,0.1486,0.0987,0.09688,0.09664,0.05488,6.258823529411764e-08,4.985714285714286e-06
1992-02-21 01:58:00,4.55,0.1834,0.1634,0.1207999999999999,0.11892,0.11876,0.06182,6.070588235294118e-08,4.942857142857144e-06
1992-02-21 01:59:00,4.04,0.1982,0.1782,0.1429,0.14096,0.14088,0.06876,6.070588235294118e-08,4.9000000000000005e-06
1992-02-21 02:00:00,3.53,0.213,0.193,0.165,0.163,0.163,0.0757,6.011764705882354e-08,4.871428571428572e-06
1992-02-21 02:01:00,3.608,0.2135999999999999,0.1936,0.1654,0.1516,0.143,0.06396,6.023529411764707e-08,4.857142857142858e-06
1992-02-21 02:02:00,3.686,0.2142,0.1942,0.1658,0.1402,0.123,0.05222,5.88235294117647e-08,4.828571428571429e-06
1992-02-21 02:03:00,3.764,0.2148,0.1948,0.1662,0.1288,0.103,0.04048,5.8470588235294135e-08,4.785714285714287e-06
1992-02-21 02:04:00,3.842,0.2154,0.1954,0.1666,0.1174,0.083,0.02874,5.7411764705882354e-08,4.742857142857143e-06
1992-02-21 02:05:00,3.92,0.216,0.196,0.167,0.106,0.063,0.017,5.5529411764705893e-08,4.685714285714286e-06
1992-02-21 02:06:00,3.882,0.18814,0.16822,0.13938,0.09024,0.05574,0.01666,5.541176470588236e-08,4.671428571428572e-06
1992-02-21 02:07:00,3.844,0.16028,0.14044,0.11176,0.0744799999999999,0.04848,0.01632,5.3058823529411764e-08,4.614285714285715e-06
1992-02-21 02:08:00,3.806,0.13242,0.1126599999999999,0.08414,0.0587199999999999,0.04122,0.01598,5.188235294117647e-08,4.571428571428571e-06
1992-02-21 02:09:00,3.768,0.10456,0.0848799999999999,0.05652,0.04296,0.03396,0.01564,5.094117647058824e-08,4.542857142857143e-06
1992-02-21 02:10:00,3.73,0.0767,0.0571,0.0289,0.0272,0.0267,0.0153,5.129411764705882e-08,4.528571428571429e-06
1992-02-21 02:11:00,4.006,0.1761599999999999,0.07328,0.03372,0.03202,0.03152,0.0156199999999999,5.1647058823529415e-08,4.528571428571429e-06
1992-02-21 02:12:00,4.282,0.27562,0.08946,0.03854,0.03684,0.03634,0.01594,5.4705882352941175e-08,4.585714285714286e-06
1992-02-21 02:13:00,4.558,0.3750799999999999,0.10564,0.0433599999999999,0.0416599999999999,0.04116,0.01626,5.423529411764706e-08,4.585714285714286e-06
1992-02-21 02:14:00,4.8340000000000005,0.4745399999999999,0.12182,0.04818,0.0464799999999999,0.04598,0.0165799999999999,5.129411764705882e-08,4.528571428571429e-06
1992-02-21 02:15:00,5.11,0.574,0.138,0.053,0.0513,0.0508,0.0169,5.070588235294119e-08,4.5e-06
1992-02-21 02:16:00,5.422000000000001,0.4734199999999999,0.12072,0.04708,0.04538,0.0448799999999999,0.0154879999999999,5.352941176470588e-08,4.528571428571429e-06
1992-02-21 02:17:00,5.734,0.37284,0.10344,0.04116,0.0394599999999999,0.0389599999999999,0.0140759999999999,5.15294117647059e-08,4.485714285714286e-06
1992-02-21 02:18:00,6.046,0.27226,0.08616,0.03524,0.03354,0.03304,0.012664,5.188235294117647e-08,4.457142857142858e-06
1992-02-21 02:19:00,6.3580000000000005,0.17168,0.06888,0.02932,0.02762,0.02712,0.011252,5.423529411764706e-08,4.514285714285714e-06
1992-02-21 02:20:00,6.67,0.0711,0.0516,0.0234,0.0217,0.0212,0.00984,6.31764705882353e-08,4.642857142857143e-06
1992-02-21 02:21:00,6.51,0.0758399999999999,0.05634,0.02802,0.02376,0.02234,0.0109319999999999,7.71764705882353e-08,4.842857142857144e-06
1992-02-21 02:22:00,6.35,0.08058,0.06108,0.03264,0.02582,0.02348,0.012024,9.623529411764706e-08,5.142857142857143e-06
1992-02-21 02:23:00,6.19,0.08532,0.06582,0.03726,0.02788,0.02462,0.013116,1.0482352941176472e-07,5.371428571428572e-06
1992-02-21 02:24:00,6.03,0.09006,0.07056,0.04188,0.02994,0.0257599999999999,0.0142079999999999,9.894117647058825e-08,5.414285714285715e-06
1992-02-21 02:25:00,5.87,0.0948,0.0753,0.0465,0.032,0.0269,0.0153,8.929411764705882e-08,5.342857142857144e-06
1992-02-21 02:26:00,5.912,0.09684,0.0773,0.04842,0.0321,0.0269,0.0153,7.776470588235296e-08,5.2e-06
1992-02-21 02:27:00,5.954,0.09888,0.0793,0.0503399999999999,0.0322,0.0269,0.0153,6.8e-08,5.028571428571429e-06
1992-02-21 02:28:00,5.996,0.10092,0.0813,0.05226,0.0323,0.0269,0.0153,6.058823529411765e-08,4.857142857142858e-06
1992-02-21 02:29:00,6.038,0.10296,0.0833,0.05418,0.0324,0.0269,0.0153,5.541176470588236e-08,4.7e-06
1992-02-21 02:30:00,6.08,0.105,0.0853,0.0561,0.0325,0.0269,0.0153,5.141176470588235e-08,4.557142857142857e-06
1992-02-21 02:31:00,6.276,0.1124,0.09284,0.0635,0.03868,0.03308,0.0215,4.823529411764706e-08,4.442857142857143e-06
1992-02-21 02:32:00,6.472,0.1197999999999999,0.10038,0.0709,0.04486,0.03926,0.0277,4.682352941176472e-08,4.371428571428571e-06
1992-02-21 02:33:00,6.667999999999999,0.1271999999999999,0.10792,0.0783,0.05104,0.04544,0.0339,4.752941176470588e-08,4.357142857142857e-06
1992-02-21 02:34:00,6.864,0.1346,0.11546,0.0857,0.05722,0.05162,0.0401,4.7176470588235294e-08,4.328571428571428e-06
1992-02-21 02:35:00,7.06,0.142,0.123,0.0931,0.0634,0.0578,0.0463,4.658823529411765e-08,4.271428571428572e-06
1992-02-21 02:36:00,6.864,0.1639999999999999,0.119,0.08906,0.06498,0.0603999999999999,0.04148,4.9058823529411774e-08,4.314285714285714e-06
1992-02-21 02:37:00,6.668,0.186,0.1149999999999999,0.08502,0.06656,0.063,0.03666,4.988235294117647e-08,4.328571428571428e-06
1992-02-21 02:38:00,6.472,0.208,0.1109999999999999,0.08098,0.06814,0.0656,0.03184,4.8705882352941194e-08,4.3e-06
1992-02-21 02:39:00,6.276,0.2299999999999999,0.107,0.07694,0.06972,0.0682,0.02702,4.7176470588235294e-08,4.257142857142857e-06
1992-02-21 02:40:00,6.08,0.252,0.103,0.0729,0.0713,0.0708,0.0222,4.658823529411765e-08,4.2142857142857145e-06
1992-02-21 02:41:00,5.924,0.2222,0.0990399999999999,0.06928,0.06766,0.06716,0.02602,4.6e-08,4.171428571428572e-06
1992-02-21 02:42:00,5.768,0.1924,0.09508,0.06566,0.06402,0.06352,0.02984,4.823529411764706e-08,4.2142857142857145e-06
1992-02-21 02:43:00,5.612,0.1626,0.0911199999999999,0.06204,0.06038,0.05988,0.03366,5.15294117647059e-08,4.271428571428572e-06
1992-02-21 02:44:00,5.456,0.1327999999999999,0.0871599999999999,0.05842,0.05674,0.05624,0.03748,5.341176470588237e-08,4.285714285714286e-06
1992-02-21 02:45:00,5.3,0.103,0.0832,0.0548,0.0531,0.0526,0.0413,5.388235294117648e-08,4.285714285714286e-06
1992-02-21 02:46:00,5.064,0.09774,0.07798,0.04962,0.04792,0.04742,0.0361,5.447058823529413e-08,4.3e-06
1992-02-21 02:47:00,4.828,0.0924799999999999,0.0727599999999999,0.04444,0.04274,0.04224,0.0309,5.5529411764705893e-08,4.314285714285714e-06
1992-02-21 02:48:00,4.5920000000000005,0.0872199999999999,0.0675399999999999,0.03926,0.0375599999999999,0.03706,0.0257,5.6235294117647074e-08,4.314285714285714e-06
1992-02-21 02:49:00,4.356,0.08196,0.06232,0.03408,0.03238,0.03188,0.0205,5.8117647058823534e-08,4.328571428571428e-06
1992-02-21 02:50:00,4.12,0.0767,0.0571,0.0289,0.0272,0.0267,0.0153,6.141176470588237e-08,4.371428571428571e-06
1992-02-21 02:51:00,4.5120000000000005,0.10176,0.0610599999999999,0.03242,0.0281599999999999,0.02674,0.0153,6.505882352941177e-08,4.414285714285714e-06
1992-02-21 02:52:00,4.904,0.12682,0.06502,0.03594,0.02912,0.02678,0.0153,6.611764705882354e-08,4.442857142857143e-06
1992-02-21 02:53:00,5.296,0.15188,0.06898,0.0394599999999999,0.03008,0.02682,0.0153,6.905882352941178e-08,4.471428571428572e-06
1992-02-21 02:54:00,5.688000000000001,0.17694,0.07294,0.04298,0.03104,0.02686,0.0153,7.435294117647058e-08,4.528571428571429e-06
1992-02-21 02:55:00,6.08,0.202,0.0769,0.0465,0.032,0.0269,0.0153,8.176470588235293e-08,4.614285714285715e-06
1992-02-21 02:56:00,5.964,0.2134,0.09172,0.0612,0.04266,0.03262,0.0156199999999999,8.776470588235294e-08,4.671428571428572e-06
1992-02-21 02:57:00,5.848,0.2248,0.10654,0.0759,0.05332,0.03834,0.01594,9.811764705882356e-08,4.757142857142857e-06
1992-02-21 02:58:00,5.732,0.2362,0.12136,0.0906,0.06398,0.04406,0.01626,1.0976470588235294e-07,4.885714285714286e-06
1992-02-21 02:59:00,5.616,0.2476,0.13618,0.1053,0.07464,0.04978,0.0165799999999999,1.247058823529412e-07,5.028571428571429e-06
1992-02-21 03:00:00,5.5,0.259,0.151,0.12,0.0853,0.0555,0.0169,1.3999999999999998e-07,5.185714285714286e-06
1992-02-21 03:01:00,5.302,0.3096,0.1782,0.11028,0.07876,0.05384,0.02064,1.552941176470588e-07,5.414285714285715e-06
1992-02-21 03:02:00,5.104,0.3602,0.2053999999999999,0.10056,0.07222,0.05218,0.02438,1.823529411764706e-07,5.6285714285714295e-06
1992-02-21 03:03:00,4.906,0.4108,0.2325999999999999,0.09084,0.06568,0.0505199999999999,0.02812,2.0705882352941179e-07,5.857142857142857e-06
1992-02-21 03:04:00,4.708,0.4614,0.2598,0.08112,0.05914,0.04886,0.03186,2.435294117647059e-07,6.128571428571428e-06
1992-02-21 03:05:00,4.51,0.512,0.287,0.0714,0.0526,0.0472,0.0356,2.8588235294117645e-07,6.442857142857144e-06
1992-02-21 03:06:00,4.942,0.42494,0.2410199999999999,0.0629,0.04752,0.0431,0.03154,3.341176470588236e-07,6.785714285714287e-06
1992-02-21 03:07:00,5.374,0.33788,0.19504,0.0544,0.04244,0.039,0.02748,3.870588235294118e-07,7.128571428571429e-06
1992-02-21 03:08:00,5.806,0.25082,0.1490599999999999,0.0458999999999999,0.03736,0.0349,0.02342,4.529411764705883e-07,7.542857142857144e-06
1992-02-21 03:09:00,6.238,0.16376,0.1030799999999999,0.0373999999999999,0.03228,0.0308,0.01936,5.270588235294117e-07,8.02857142857143e-06
1992-02-21 03:10:00,6.67,0.0767,0.0571,0.0289,0.0272,0.0267,0.0153,6.058823529411766e-07,8.528571428571428e-06
1992-02-21 03:11:00,6.71,0.09116,0.0611,0.03242,0.0281599999999999,0.02674,0.0153,6.905882352941176e-07,9.028571428571428e-06
1992-02-21 03:12:00,6.75,0.1056199999999999,0.0651,0.03594,0.02912,0.02678,0.0153,7.741176470588236e-07,9.585714285714286e-06
1992-02-21 03:13:00,6.79,0.1200799999999999,0.0691,0.0394599999999999,0.03008,0.02682,0.0153,8.647058823529412e-07,1.0257142857142858e-05
1992-02-21 03:14:00,6.83,0.13454,0.0731,0.04298,0.03104,0.02686,0.0153,9.51764705882353e-07,1.0957142857142857e-05
1992-02-21 03:15:00,6.87,0.149,0.0771,0.0465,0.032,0.0269,0.0153,1.0458823529411764e-06,1.1714285714285716e-05
1992-02-21 03:16:00,6.634,0.1514,0.08988,0.0598,0.042,0.03324,0.01666,1.1282352941176471e-06,1.2442857142857144e-05
1992-02-21 03:17:00,6.398000000000001,0.1538,0.10266,0.0731,0.052,0.03958,0.01802,1.2117647058823531e-06,1.3142857142857145e-05
1992-02-21 03:18:00,6.162000000000001,0.1562,0.1154399999999999,0.0864,0.062,0.04592,0.01938,1.2823529411764705e-06,1.3871428571428573e-05
1992-02-21 03:19:00,5.926,0.1586,0.12822,0.0997,0.072,0.05226,0.02074,1.3764705882352942e-06,1.4571428571428573e-05
1992-02-21 03:20:00,5.69,0.161,0.141,0.113,0.082,0.0586,0.0221,1.4941176470588234e-06,1.5285714285714286e-05
1992-02-21 03:21:00,5.494000000000001,0.1526,0.13276,0.10456,0.07588,0.05606,0.02456,1.6e-06,1.6142857142857145e-05
1992-02-21 03:22:00,5.298,0.1442,0.1245199999999999,0.09612,0.06976,0.05352,0.02702,1.7058823529411766e-06,1.6857142857142858e-05
1992-02-21 03:23:00,5.102,0.1358,0.11628,0.08768,0.06364,0.05098,0.02948,1.7764705882352942e-06,1.742857142857143e-05
1992-02-21 03:24:00,4.906,0.1274,0.10804,0.07924,0.05752,0.04844,0.0319399999999999,1.8588235294117647e-06,1.8e-05
1992-02-21 03:25:00,4.71,0.119,0.0998,0.0708,0.0514,0.0459,0.0344,1.9294117647058825e-06,1.871428571428572e-05
1992-02-21 03:26:00,4.868,0.11456,0.09532,0.06242,0.04656,0.04206,0.03058,2e-06,1.9285714285714285e-05
1992-02-21 03:27:00,5.026,0.11012,0.09084,0.05404,0.04172,0.03822,0.02676,2.0705882352941177e-06,2e-05
1992-02-21 03:28:00,5.184,0.10568,0.0863599999999999,0.0456599999999999,0.0368799999999999,0.03438,0.02294,2.1294117647058823e-06,1.957142857142857e-05
1992-02-21 03:29:00,5.342,0.10124,0.08188,0.0372799999999999,0.03204,0.03054,0.01912,2.2e-06,1.9e-05
1992-02-21 03:30:00,5.5,0.0968,0.0774,0.0289,0.0272,0.0267,0.0153,2.2588235294117647e-06,1.971428571428572e-05
1992-02-21 03:31:00,5.146,0.11624,0.0756199999999999,0.03084,0.02912,0.02864,0.01724,2.3294117647058825e-06,2.0142857142857144e-05
1992-02-21 03:32:00,4.792,0.13568,0.07384,0.03278,0.0310399999999999,0.03058,0.01918,2.388235294117647e-06,2.0714285714285715e-05
1992-02-21 03:33:00,4.438000000000001,0.15512,0.07206,0.03472,0.03296,0.03252,0.02112,2.447058823529412e-06,2.128571428571429e-05
1992-02-21 03:34:00,4.084,0.17456,0.07028,0.03666,0.03488,0.03446,0.02306,2.5058823529411764e-06,2.2000000000000003e-05
1992-02-21 03:35:00,3.73,0.194,0.0685,0.0386,0.0368,0.0364,0.025,2.564705882352941e-06,2.242857142857143e-05
1992-02-21 03:36:00,3.65,0.1992,0.0739,0.044,0.0422,0.04176,0.0304,2.611764705882353e-06,2.3e-05
1992-02-21 03:37:00,3.57,0.2044,0.0793,0.0494,0.0475999999999999,0.04712,0.0358,2.670588235294117e-06,2.371428571428572e-05
1992-02-21 03:38:00,3.49,0.2096,0.0847,0.0548,0.053,0.05248,0.0412,2.7176470588235293e-06,2.4142857142857143e-05
1992-02-21 03:39:00,3.41,0.2148,0.0901,0.0602,0.0583999999999999,0.05784,0.0466,2.7529411764705884e-06,2.485714285714286e-05
1992-02-21 03:40:00,3.33,0.22,0.0955,0.0656,0.0638,0.0632,0.052,2.8000000000000003e-06,2.528571428571429e-05
1992-02-21 03:41:00,3.724,0.2144,0.1108,0.06486,0.05944,0.05788,0.0465999999999999,2.847058823529412e-06,2.6e-05
1992-02-21 03:42:00,4.118,0.2088,0.1261,0.06412,0.05508,0.05256,0.0412,2.894117647058824e-06,2.6571428571428576e-05
1992-02-21 03:43:00,4.5120000000000005,0.2032,0.1414,0.06338,0.05072,0.04724,0.0358,2.9411764705882355e-06,2.7142857142857148e-05
1992-02-21 03:44:00,4.906,0.1976,0.1567,0.06264,0.04636,0.04192,0.0304,2.9529411764705886e-06,2.7571428571428577e-05
1992-02-21 03:45:00,5.3,0.192,0.172,0.0619,0.042,0.0366,0.025,3e-06,2.8e-05
1992-02-21 03:46:00,5.064,0.1844,0.1540399999999999,0.05982,0.04006,0.03466,0.02306,3.023529411764706e-06,2.857142857142857e-05
1992-02-21 03:47:00,4.828,0.1768,0.1360799999999999,0.05774,0.03812,0.03272,0.02112,3.047058823529412e-06,2.9142857142857146e-05
1992-02-21 03:48:00,4.5920000000000005,0.1692,0.11812,0.05566,0.03618,0.03078,0.01918,3.070588235294118e-06,2.957142857142857e-05
1992-02-21 03:49:00,4.356,0.1616,0.10016,0.0535799999999999,0.03424,0.02884,0.01724,3.08235294117647e-06,3.0142857142857143e-05
1992-02-21 03:50:00,4.12,0.154,0.0822,0.0515,0.0323,0.0269,0.0153,3.1176470588235297e-06,3.071428571428572e-05
1992-02-21 03:51:00,4.5120000000000005,0.149,0.0877599999999999,0.05746,0.04172,0.03734,0.0257999999999999,3.1176470588235297e-06,3.114285714285715e-05
1992-02-21 03:52:00,4.904,0.144,0.09332,0.06342,0.05114,0.04778,0.0363,3.1294117647058825e-06,3.1714285714285715e-05
1992-02-21 03:53:00,5.296,0.139,0.09888,0.06938,0.06056,0.05822,0.0468,3.1294117647058825e-06,3.2e-05
1992-02-21 03:54:00,5.688000000000001,0.134,0.10444,0.0753399999999999,0.06998,0.06866,0.0573,3.1176470588235297e-06,3.228571428571429e-05
1992-02-21 03:55:00,6.08,0.129,0.11,0.0813,0.0794,0.0791,0.0678,3.1176470588235297e-06,3.257142857142857e-05
1992-02-21 03:56:00,6.002,0.1242,0.10518,0.07518,0.07332,0.07298,0.05762,3.1176470588235297e-06,3.271428571428572e-05
1992-02-21 03:57:00,5.924,0.1194,0.10036,0.06906,0.06724,0.06686,0.0474399999999999,3.094117647058824e-06,3.3e-05
1992-02-21 03:58:00,5.846,0.1146,0.09554,0.06294,0.06116,0.06074,0.03726,3.094117647058824e-06,3.314285714285715e-05
1992-02-21 03:59:00,5.768000000000001,0.1098,0.09072,0.05682,0.05508,0.05462,0.02708,3.08235294117647e-06,3.3285714285714286e-05
1992-02-21 04:00:00,5.69,0.105,0.0859,0.0507,0.049,0.0485,0.0169,3.0588235294117647e-06,3.357142857142857e-05
1992-02-21 04:01:00,5.768000000000001,0.1558,0.11552,0.08116,0.0696,0.0618,0.0233799999999999,3.0588235294117647e-06,3.385714285714286e-05
1992-02-21 04:02:00,5.846,0.2066,0.14514,0.11162,0.0902,0.0751,0.0298599999999999,3.0588235294117647e-06,3.428571428571429e-05
1992-02-21 04:03:00,5.924,0.2573999999999999,0.17476,0.14208,0.1108,0.0884,0.03634,3.0352941176470588e-06,3.428571428571429e-05
1992-02-21 04:04:00,6.002,0.3082,0.20438,0.17254,0.1314,0.1017,0.04282,3.0117647058823533e-06,3.442857142857143e-05
1992-02-21 04:05:00,6.08,0.359,0.234,0.203,0.152,0.115,0.0493,3e-06,3.4571428571428574e-05
1992-02-21 04:06:00,5.648,0.30254,0.19862,0.16818,0.12704,0.09734,0.0424999999999999,2.976470588235294e-06,3.471428571428572e-05
1992-02-21 04:07:00,5.216,0.24608,0.16324,0.13336,0.10208,0.07968,0.0356999999999999,2.9411764705882355e-06,3.485714285714286e-05
1992-02-21 04:08:00,4.784,0.18962,0.12786,0.09854,0.07712,0.06202,0.0289,2.917647058823529e-06,3.5000000000000004e-05
1992-02-21 04:09:00,4.352,0.13316,0.09248,0.06372,0.05216,0.04436,0.0221,2.917647058823529e-06,3.528571428571429e-05
1992-02-21 04:10:00,3.92,0.0767,0.0571,0.0289,0.0272,0.0267,0.0153,2.894117647058824e-06,3.557142857142857e-05
1992-02-21 04:11:00,4.274,0.09756,0.07788,0.04972,0.04796,0.04756,0.0254199999999999,2.9058823529411768e-06,3.585714285714286e-05
1992-02-21 04:12:00,4.628,0.11842,0.09866,0.07054,0.06872,0.06842,0.03554,3.0117647058823533e-06,3.671428571428572e-05
1992-02-21 04:13:00,4.982,0.13928,0.1194399999999999,0.09136,0.08948,0.08928,0.04566,3.164705882352941e-06,3.8e-05
1992-02-21 04:14:00,5.336,0.16014,0.14022,0.11218,0.11024,0.11014,0.05578,3.282352941176471e-06,3.9142857142857145e-05
1992-02-21 04:15:00,5.69,0.181,0.161,0.133,0.131,0.131,0.0659,3.282352941176471e-06,4e-05
1992-02-21 04:16:00,5.768000000000001,0.1752,0.1554,0.11628,0.11188,0.11088,0.05648,3.247058823529412e-06,4.071428571428572e-05
1992-02-21 04:17:00,5.846,0.1694,0.1498,0.09956,0.09276,0.09076,0.04706,3.1764705882352943e-06,4.1e-05
1992-02-21 04:18:00,5.924,0.1636,0.1442,0.08284,0.07364,0.07064,0.0376399999999999,3.1176470588235297e-06,4.1142857142857146e-05
1992-02-21 04:19:00,6.002,0.1578,0.1386,0.06612,0.05452,0.0505199999999999,0.0282199999999999,3.0352941176470588e-06,4.1e-05
1992-02-21 04:20:00,6.08,0.152,0.133,0.0494,0.0354,0.0304,0.0188,2.9529411764705886e-06,4.057142857142857e-05
1992-02-21 04:21:00,6.002,0.1984,0.1486,0.07552,0.05452,0.04378,0.02318,2.9058823529411768e-06,4.042857142857143e-05
1992-02-21 04:22:00,5.924,0.2448,0.1642,0.10164,0.07364,0.05716,0.02756,2.8705882352941177e-06,4.028571428571429e-05
1992-02-21 04:23:00,5.846,0.2912,0.1798,0.1277599999999999,0.09276,0.0705399999999999,0.03194,2.847058823529412e-06,4e-05
1992-02-21 04:24:00,5.768000000000001,0.3376,0.1954,0.15388,0.11188,0.08392,0.03632,2.823529411764706e-06,3.985714285714286e-05
1992-02-21 04:25:00,5.69,0.384,0.211,0.18,0.131,0.0973,0.0407,2.7882352941176475e-06,3.971428571428572e-05
1992-02-21 04:26:00,5.532,0.3576,0.1944,0.16354,0.12174,0.0938399999999999,0.04624,2.8352941176470586e-06,4.042857142857143e-05
1992-02-21 04:27:00,5.3740000000000006,0.3312,0.1778,0.14708,0.11248,0.09038,0.05178,3.1764705882352943e-06,4.314285714285715e-05
1992-02-21 04:28:00,5.216,0.3048,0.1612,0.13062,0.10322,0.08692,0.05732,3.5058823529411765e-06,4.6e-05
1992-02-21 04:29:00,5.058000000000001,0.2784,0.1446,0.11416,0.09396,0.08346,0.06286,3.4823529411764706e-06,4.7e-05
1992-02-21 04:30:00,4.9,0.252,0.128,0.0977,0.0847,0.08,0.0684,3.294117647058824e-06,4.642857142857143e-05
1992-02-21 04:31:00,5.176,0.2444,0.12034,0.0901199999999999,0.0793799999999999,0.0755,0.06398,3.1411764705882352e-06,4.585714285714286e-05
1992-02-21 04:32:00,5.452,0.2368,0.11268,0.08254,0.07406,0.071,0.05956,3.0117647058823533e-06,4.5e-05
1992-02-21 04:33:00,5.728,0.2292,0.10502,0.07496,0.06874,0.0665,0.05514,2.8705882352941177e-06,4.4000000000000006e-05
1992-02-21 04:34:00,6.004,0.2216,0.09736,0.06738,0.06342,0.062,0.05072,2.741176470588236e-06,4.285714285714286e-05
1992-02-21 04:35:00,6.28,0.214,0.0897,0.0598,0.0581,0.0575,0.0463,2.647058823529412e-06,4.171428571428572e-05
1992-02-21 04:36:00,6.436,0.2009999999999999,0.08718,0.0571399999999999,0.0528799999999999,0.05138,0.0401,2.647058823529412e-06,4.1571428571428575e-05
1992-02-21 04:37:00,6.592,0.188,0.08466,0.05448,0.04766,0.04526,0.0339,2.647058823529412e-06,4.1571428571428575e-05
1992-02-21 04:38:00,6.748,0.175,0.08214,0.05182,0.04244,0.03914,0.0277,2.5411764705882355e-06,4.1e-05
1992-02-21 04:39:00,6.904,0.1619999999999999,0.07962,0.0491599999999999,0.03722,0.03302,0.0215,2.435294117647059e-06,4.028571428571429e-05
1992-02-21 04:40:00,7.06,0.149,0.0771,0.0465,0.032,0.0269,0.0153,2.352941176470588e-06,3.942857142857143e-05
1992-02-21 04:41:00,6.864,0.13752,0.07614,0.04598,0.03402,0.02986,0.0183,2.2823529411764707e-06,3.871428571428572e-05
1992-02-21 04:42:00,6.668,0.1260399999999999,0.07518,0.04546,0.03604,0.03282,0.0213,2.2235294117647056e-06,3.814285714285714e-05
1992-02-21 04:43:00,6.472,0.11456,0.07422,0.04494,0.03806,0.03578,0.0243,2.164705882352941e-06,3.757142857142857e-05
1992-02-21 04:44:00,6.276,0.10308,0.07326,0.04442,0.04008,0.03874,0.0272999999999999,2.141176470588235e-06,3.714285714285714e-05
1992-02-21 04:45:00,6.08,0.0916,0.0723,0.0439,0.0421,0.0417,0.0303,2.1058823529411764e-06,3.671428571428572e-05
1992-02-21 04:46:00,5.844,0.11008,0.06958,0.0409,0.03912,0.0387,0.0273,2.0588235294117645e-06,3.642857142857143e-05
1992-02-21 04:47:00,5.6080000000000005,0.12856,0.06686,0.0379,0.03614,0.0357,0.0243,2.023529411764706e-06,3.6e-05
1992-02-21 04:48:00,5.372,0.14704,0.06414,0.0349,0.0331599999999999,0.0327,0.0213,1.988235294117647e-06,3.571428571428572e-05
1992-02-21 04:49:00,5.136,0.16552,0.06142,0.0319,0.03018,0.0297,0.0183,1.9529411764705885e-06,3.542857142857143e-05
1992-02-21 04:50:00,4.9,0.184,0.0587,0.0289,0.0272,0.0267,0.0153,1.9176470588235294e-06,3.5000000000000004e-05
1992-02-21 04:51:00,5.094,0.16254,0.05838,0.0289,0.0272,0.0267,0.0153,1.8823529411764705e-06,3.4571428571428574e-05
1992-02-21 04:52:00,5.288,0.1410799999999999,0.05806,0.0289,0.0272,0.0267,0.0153,1.835294117647059e-06,3.428571428571429e-05
1992-02-21 04:53:00,5.482,0.11962,0.05774,0.0289,0.0272,0.0267,0.0153,1.8e-06,3.4e-05
1992-02-21 04:54:00,5.676,0.09816,0.05742,0.0289,0.0272,0.0267,0.0153,1.7882352941176472e-06,3.385714285714286e-05
1992-02-21 04:55:00,5.87,0.0767,0.0571,0.0289,0.0272,0.0267,0.0153,1.7647058823529412e-06,3.357142857142857e-05
1992-02-21 04:56:00,6.228,0.12656,0.06278,0.0343199999999999,0.0326199999999999,0.03212,0.0156199999999999,1.7411764705882353e-06,3.342857142857143e-05
1992-02-21 04:57:00,6.586,0.17642,0.06846,0.03974,0.03804,0.03754,0.01594,1.6941176470588237e-06,3.314285714285715e-05
1992-02-21 04:58:00,6.944,0.2262799999999999,0.07414,0.04516,0.04346,0.04296,0.01626,1.6588235294117648e-06,3.257142857142857e-05
1992-02-21 04:59:00,7.302,0.27614,0.07982,0.05058,0.04888,0.04838,0.0165799999999999,1.6117647058823529e-06,3.2142857142857144e-05
1992-02-21 05:00:00,7.66,0.326,0.0855,0.056,0.0543,0.0538,0.0169,1.5882352941176472e-06,3.1714285714285715e-05
1992-02-21 05:01:00,7.384,0.27614,0.07982,0.05058,0.04888,0.04838,0.0165799999999999,1.5647058823529412e-06,3.142857142857143e-05
1992-02-21 05:02:00,7.1080000000000005,0.22628,0.07414,0.04516,0.04346,0.04296,0.01626,1.541176470588235e-06,3.114285714285715e-05
1992-02-21 05:03:00,6.832000000000001,0.17642,0.06846,0.03974,0.03804,0.03754,0.01594,1.5058823529411766e-06,3.071428571428572e-05
1992-02-21 05:04:00,6.556,0.12656,0.06278,0.03432,0.0326199999999999,0.03212,0.0156199999999999,1.4941176470588234e-06,3.042857142857143e-05
1992-02-21 05:05:00,6.28,0.0767,0.0571,0.0289,0.0272,0.0267,0.0153,1.4705882352941175e-06,3.0285714285714288e-05
1992-02-21 05:06:00,6.3180000000000005,0.09956,0.08008,0.0519199999999999,0.0503599999999999,0.04976,0.02706,1.4588235294117648e-06,3.0142857142857143e-05
1992-02-21 05:07:00,6.356,0.12242,0.1030599999999999,0.0749399999999999,0.0735199999999999,0.07282,0.03882,1.4470588235294118e-06,3e-05
1992-02-21 05:08:00,6.394,0.14528,0.1260399999999999,0.0979599999999999,0.0966799999999999,0.0958799999999999,0.05058,1.4470588235294118e-06,2.985714285714286e-05
1992-02-21 05:09:00,6.432,0.16814,0.1490199999999999,0.1209799999999999,0.1198399999999999,0.1189399999999999,0.06234,1.4352941176470588e-06,2.971428571428572e-05
1992-02-21 05:10:00,6.47,0.191,0.172,0.144,0.143,0.142,0.0741,1.411764705882353e-06,2.957142857142857e-05
1992-02-21 05:11:00,6.314,0.1701,0.1509599999999999,0.1229199999999999,0.12176,0.1208799999999999,0.06428,1.388235294117647e-06,2.9285714285714288e-05
1992-02-21 05:12:00,6.158,0.1492,0.1299199999999999,0.1018399999999999,0.10052,0.0997599999999999,0.05446,1.364705882352941e-06,2.9142857142857146e-05
