time_stamp,e2_flux_ic,p2_flux_ic,p3_flux_ic,p4_flux_ic,p5_flux_ic,p6_flux_ic,p7_flux_ic,short,long
2016-02-17 03:54:00,259.378,0.367218,0.266996,0.1056054,0.0729696,0.0638736,0.0221768,1.507764705882353e-08,9.858285714285715e-07
2016-02-17 03:55:00,259.42,0.40581,0.30825,0.11881,0.08062,0.069976,0.021214,2.0458823529411763e-08,1.0576e-06
2016-02-17 03:56:00,258.902,0.362964,0.279254,0.1079142,0.0738822,0.064397,0.0216326,3.9178823529411774e-08,1.2316857142857142e-06
2016-02-17 03:57:00,258.384,0.320118,0.250258,0.0970184,0.0671443999999999,0.0588179999999999,0.0220512,4.0654117647058833e-08,1.2729142857142857e-06
2016-02-17 03:58:00,257.866,0.2772719999999999,0.221262,0.0861226,0.0604066,0.053239,0.0224698,3.7775294117647066e-08,1.2476428571428572e-06
2016-02-17 03:59:00,257.348,0.234426,0.192266,0.0752268,0.0536688,0.04766,0.0228884,3.872941176470588e-08,1.2945857142857145e-06
2016-02-17 04:00:00,256.83,0.19158,0.16327,0.064331,0.046931,0.042081,0.023307,4.470705882352941e-08,1.3896857142857142e-06
2016-02-17 04:01:00,257.796,0.178736,0.1503262,0.0620222,0.0460184,0.0415576,0.0287184,3.85729411764706e-08,1.373114285714286e-06
2016-02-17 04:02:00,258.762,0.165892,0.1373824,0.0597134,0.0451058,0.0410342,0.0341298,3.434117647058823e-08,1.3434285714285717e-06
2016-02-17 04:03:00,259.728,0.153048,0.1244386,0.0574046,0.0441932,0.0405108,0.0395412,2.714588235294117e-08,1.3067e-06
2016-02-17 04:04:00,260.694,0.140204,0.1114948,0.0550958,0.0432806,0.0399874,0.0449525999999999,2.4223529411764713e-08,1.2563428571428573e-06
2016-02-17 04:05:00,261.66,0.12736,0.098551,0.052787,0.042368,0.039464,0.050364,2.214117647058824e-08,1.2140142857142855e-06
2016-02-17 04:06:00,260.72,0.135792,0.1069828,0.0612184,0.0507994,0.0478954,0.0446362,2.0834117647058825e-08,1.145157142857143e-06
2016-02-17 04:07:00,259.78000000000003,0.144224,0.1154146,0.0696498,0.0592308,0.0563267999999999,0.0389083999999999,1.7291764705882352e-08,1.0990857142857142e-06
2016-02-17 04:08:00,258.84,0.152656,0.1238464,0.0780812,0.0676622,0.0647582,0.0331806,1.6804705882352943e-08,1.0500714285714286e-06
2016-02-17 04:09:00,257.9,0.161088,0.1322782,0.0865126,0.0760936,0.0731896,0.0274528,1.5268235294117653e-08,1.0102857142857143e-06
2016-02-17 04:10:00,256.96,0.16952,0.14071,0.094944,0.084525,0.081621,0.021725,1.4501176470588237e-08,9.836571428571429e-07
2016-02-17 04:11:00,258.078,0.178282,0.145236,0.0867454,0.0763264,0.0734224,0.0270152,1.0980823529411764e-08,9.773000000000002e-07
2016-02-17 04:12:00,259.196,0.187044,0.149762,0.0785468,0.0681278,0.0652238,0.0323054,1.2354117647058825e-08,9.669285714285716e-07
2016-02-17 04:13:00,260.314,0.1958059999999999,0.154288,0.0703482,0.0599292,0.0570252,0.0375956,1.3298823529411764e-08,9.954142857142858e-07
2016-02-17 04:14:00,261.432,0.204568,0.158814,0.0621496,0.0517306,0.0488266,0.0428858,1.4745882352941176e-08,1.0090857142857142e-06
2016-02-17 04:15:00,262.55,0.21333,0.16334,0.053951,0.043532,0.040628,0.048176,1.8044705882352943e-08,1.0592714285714286e-06
2016-02-17 04:16:00,269.616,0.209012,0.158534,0.0623356,0.0518886,0.0489768,0.0512766,1.8115294117647058e-08,1.0474857142857144e-06
2016-02-17 04:17:00,276.682,0.204694,0.153728,0.0707202,0.0602452,0.0573256,0.0543772,2.0635294117647063e-08,1.0602714285714287e-06
2016-02-17 04:18:00,283.748,0.200376,0.148922,0.0791048,0.0686018,0.0656744,0.0574777999999999,4.5127058823529414e-08,1.2622000000000002e-06
2016-02-17 04:19:00,290.814,0.1960579999999999,0.144116,0.0874894,0.0769584,0.0740232,0.0605784,2.0704705882352945e-08,1.111357142857143e-06
2016-02-17 04:20:00,297.88,0.19174,0.13931,0.095874,0.085315,0.082372,0.063679,1.5365882352941178e-08,1.0186142857142856e-06
2016-02-17 04:21:00,299.322,0.186628,0.138922,0.094791,0.078422,0.0738596,0.0631752,2.876235294117648e-08,1.1743714285714286e-06
2016-02-17 04:22:00,300.764,0.1815159999999999,0.138534,0.093708,0.071529,0.0653472,0.0626714,6.275411764705884e-08,1.5391428571428571e-06
2016-02-17 04:23:00,302.206,0.176404,0.138146,0.092625,0.064636,0.0568348,0.0621675999999999,6.126941176470588e-08,1.6134285714285714e-06
2016-02-17 04:24:00,303.648,0.171292,0.137758,0.091542,0.057743,0.0483224,0.0616638,4.9689411764705895e-08,1.5657142857142857e-06
2016-02-17 04:25:00,305.09,0.16618,0.13737,0.090459,0.05085,0.03981,0.06116,4.2004705882352944e-08,1.4462857142857145e-06
2016-02-17 04:26:00,304.78799999999995,0.171068,0.142258,0.0952932,0.0543128,0.0428906,0.0531708,3.487647058823529e-08,1.3466714285714286e-06
2016-02-17 04:27:00,304.486,0.175956,0.147146,0.1001273999999999,0.0577756,0.0459712,0.0451816,2.931647058823529e-08,1.2501571428571428e-06
2016-02-17 04:28:00,304.184,0.180844,0.152034,0.1049615999999999,0.0612384,0.0490518,0.0371924,2.302705882352941e-08,1.1604857142857144e-06
2016-02-17 04:29:00,303.882,0.185732,0.156922,0.1097958,0.0647012,0.0521323999999999,0.0292032,1.8800000000000003e-08,1.0897e-06
2016-02-17 04:30:00,303.58,0.19062,0.16181,0.11463,0.068164,0.055213,0.021214,1.6051764705882352e-08,1.0218e-06
2016-02-17 04:31:00,303.008,0.192674,0.163964,0.1123639999999999,0.0730802,0.0621308,0.0311932,1.3504705882352942e-08,1.0094142857142858e-06
2016-02-17 04:32:00,302.436,0.194728,0.166118,0.110098,0.0779964,0.0690486,0.0411724,1.4834117647058825e-08,9.843285714285714e-07
2016-02-17 04:33:00,301.86400000000003,0.196782,0.168272,0.107832,0.0829126,0.0759664,0.0511516,1.511764705882353e-08,9.769714285714286e-07
2016-02-17 04:34:00,301.29200000000003,0.198836,0.170426,0.105566,0.0878288,0.0828842,0.0611308,1.7269411764705884e-08,1.0321714285714287e-06
2016-02-17 04:35:00,300.72,0.20089,0.17258,0.1033,0.092745,0.089802,0.07111,3.224e-08,1.1921000000000002e-06
2016-02-17 04:36:00,299.40000000000003,0.216194,0.167188,0.0937404,0.0831846,0.0802416,0.0615494,4.5578823529411766e-08,1.3586285714285716e-06
2016-02-17 04:37:00,298.08000000000004,0.231498,0.161796,0.0841808,0.0736242,0.0706812,0.0519888,3.8661176470588246e-08,1.3722857142857144e-06
2016-02-17 04:38:00,296.76,0.246802,0.156404,0.0746212,0.0640637999999999,0.0611208,0.0424282,3.1375294117647055e-08,1.3528857142857144e-06
2016-02-17 04:39:00,295.44,0.262106,0.151012,0.0650616,0.0545033999999999,0.0515604,0.0328676,4.266941176470588e-08,1.4273285714285716e-06
2016-02-17 04:40:00,294.12,0.27741,0.14562,0.055502,0.044943,0.042,0.023307,3.618235294117648e-08,1.406657142857143e-06
2016-02-17 04:41:00,290.184,0.296916,0.180462,0.063124,0.0462488,0.0420484,0.023307,2.7235294117647066e-08,1.3244428571428573e-06
2016-02-17 04:42:00,286.248,0.316422,0.215304,0.070746,0.0475545999999999,0.0420968,0.023307,2.6061176470588243e-08,1.2558428571428572e-06
2016-02-17 04:43:00,282.312,0.335928,0.250146,0.078368,0.0488604,0.0421452,0.023307,2.4836470588235294e-08,1.1915714285714286e-06
2016-02-17 04:44:00,278.376,0.355434,0.284988,0.08599,0.0501661999999999,0.0421936,0.023307,2.0258823529411768e-08,1.136057142857143e-06
2016-02-17 04:45:00,274.44,0.37494,0.31983,0.093612,0.051472,0.042242,0.023307,1.8509411764705884e-08,1.1059428571428572e-06
2016-02-17 04:46:00,276.154,0.324532,0.274781,0.08599,0.0501661999999999,0.0421936,0.023307,1.7301176470588236e-08,1.0664e-06
2016-02-17 04:47:00,277.868,0.274124,0.229732,0.078368,0.0488604,0.0421452,0.023307,1.8598823529411765e-08,1.0775142857142858e-06
2016-02-17 04:48:00,279.582,0.223716,0.184683,0.070746,0.0475545999999999,0.0420968,0.023307,2.2916470588235294e-08,1.1442571428571429e-06
2016-02-17 04:49:00,281.296,0.173308,0.139634,0.063124,0.0462488,0.0420484,0.023307,2.4577647058823533e-08,1.1686857142857144e-06
2016-02-17 04:50:00,283.01,0.1229,0.094585,0.055502,0.044943,0.042,0.023307,3.149411764705882e-08,1.2074285714285714e-06
2016-02-17 04:51:00,282.236,0.123792,0.0953782,0.054959,0.0444279999999999,0.0414928,0.024254,3.192941176470588e-08,1.2717428571428572e-06
2016-02-17 04:52:00,281.462,0.124684,0.0961714,0.054416,0.043913,0.0409856,0.025201,3.1552941176470595e-08,1.2632142857142858e-06
2016-02-17 04:53:00,280.688,0.125576,0.0969646,0.053873,0.043398,0.0404784,0.026148,3.500470588235294e-08,1.3005714285714288e-06
2016-02-17 04:54:00,279.914,0.126468,0.0977578,0.05333,0.042883,0.0399712,0.027095,3.3412941176470587e-08,1.3070428571428573e-06
2016-02-17 04:55:00,279.14,0.12736,0.098551,0.052787,0.042368,0.039464,0.028042,3.722235294117648e-08,1.3229285714285716e-06
2016-02-17 04:56:00,281.484,0.137978,0.1091708,0.0555274,0.0451084,0.0422043999999999,0.0300872,4.7205882352941174e-08,1.4035857142857144e-06
2016-02-17 04:57:00,283.828,0.148596,0.1197906,0.0582678,0.0478488,0.0449448,0.0321324,1.1732941176470588e-07,1.912857142857143e-06
2016-02-17 04:58:00,286.172,0.159214,0.1304104,0.0610082,0.0505892,0.0476852,0.0341776,3.296470588235294e-07,3.3018571428571426e-06
2016-02-17 04:59:00,288.516,0.1698319999999999,0.1410302,0.0637486,0.0533296,0.0504256,0.0362228,9.145294117647058e-07,6.312857142857144e-06
2016-02-17 05:00:00,290.86,0.18045,0.15165,0.066489,0.05607,0.053166,0.038268,1.775294117647059e-06,1.0820714285714287e-05
2016-02-17 05:01:00,291.232,0.169832,0.1410302,0.0637486,0.0533296,0.0504256,0.0348572,2.141058823529412e-06,1.4050857142857143e-05
2016-02-17 05:02:00,291.60400000000004,0.159214,0.1304104,0.0610082,0.0505892,0.0476852,0.0314464,1.7881176470588235e-06,1.3845714285714286e-05
2016-02-17 05:03:00,291.976,0.148596,0.1197906,0.0582678,0.0478488,0.0449448,0.0280356,1.424470588235294e-06,1.2036571428571427e-05
2016-02-17 05:04:00,292.348,0.137978,0.1091708,0.0555274,0.0451084,0.0422044,0.0246248,1.1759176470588237e-06,1.0300142857142858e-05
2016-02-17 05:05:00,292.72,0.12736,0.098551,0.052787,0.042368,0.039464,0.021214,9.689176470588236e-07,8.887714285714287e-06
2016-02-17 05:06:00,295.23600000000005,0.144456,0.1157468,0.0648576,0.051735,0.0480772,0.029707,8.220470588235294e-07,7.824857142857144e-06
2016-02-17 05:07:00,297.752,0.161552,0.1329426,0.0769282,0.061102,0.0566904,0.0382,7.22929411764706e-07,7.1451428571428575e-06
2016-02-17 05:08:00,300.26800000000003,0.178648,0.1501384,0.0889988,0.070469,0.0653036,0.046693,6.361294117647059e-07,6.6321428571428575e-06
2016-02-17 05:09:00,302.784,0.195744,0.1673342,0.1010694,0.079836,0.0739168,0.055186,5.246941176470588e-07,6.029e-06
2016-02-17 05:10:00,305.3,0.21284,0.18453,0.11314,0.089203,0.08253,0.063679,4.241529411764706e-07,5.387285714285715e-06
2016-02-17 05:11:00,307.962,0.19532,0.1670104,0.1020678,0.0804534,0.074428,0.0556046,3.404117647058824e-07,4.816e-06
2016-02-17 05:12:00,310.624,0.1778,0.1494908,0.0909956,0.0717038,0.066326,0.0475302,2.850470588235294e-07,4.352000000000001e-06
2016-02-17 05:13:00,313.286,0.16028,0.1319712,0.0799234,0.0629542,0.058224,0.0394558,2.392e-07,3.938571428571429e-06
2016-02-17 05:14:00,315.94800000000004,0.14276,0.1144516,0.0688512,0.0542046,0.050122,0.0313814,2.0369411764705882e-07,3.6038571428571432e-06
2016-02-17 05:15:00,318.61,0.12524,0.096932,0.057779,0.045455,0.04202,0.023307,1.7827058823529414e-07,3.354428571428572e-06
2016-02-17 05:16:00,317.306,0.159906,0.1167936,0.0672311999999999,0.04816,0.0434728,0.0245318,1.611294117647059e-07,3.169e-06
2016-02-17 05:17:00,316.002,0.194572,0.1366552,0.0766834,0.050865,0.0449256,0.0257566,1.446705882352941e-07,3.006714285714286e-06
2016-02-17 05:18:00,314.698,0.229238,0.1565168,0.0861355999999999,0.05357,0.0463784,0.0269814,1.2985882352941178e-07,2.819714285714286e-06
2016-02-17 05:19:00,313.394,0.263904,0.1763784,0.0955878,0.056275,0.0478312,0.0282062,1.1617764705882353e-07,2.6647142857142856e-06
2016-02-17 05:20:00,312.09,0.29857,0.19624,0.10504,0.05898,0.049284,0.029431,1.0416823529411765e-07,2.527e-06
2016-02-17 05:21:00,313.664,0.263436,0.175909,0.0951323999999999,0.0561725999999999,0.0478272,0.0282062,9.128705882352941e-08,2.413714285714286e-06
2016-02-17 05:22:00,315.238,0.228302,0.155578,0.0852247999999999,0.0533651999999999,0.0463704,0.0269814,8.694705882352941e-08,2.340571428571429e-06
2016-02-17 05:23:00,316.81199999999995,0.193168,0.135247,0.0753172,0.0505578,0.0449136,0.0257566,8.143411764705883e-08,2.283571428571429e-06
2016-02-17 05:24:00,318.386,0.158034,0.114916,0.0654096,0.0477504,0.0434568,0.0245318,7.630705882352943e-08,2.217428571428572e-06
2016-02-17 05:25:00,319.96,0.1229,0.094585,0.055502,0.044943,0.042,0.023307,6.840117647058823e-08,2.151142857142857e-06
2016-02-17 05:26:00,318.428,0.1316459999999999,0.098146,0.0581274,0.0475684,0.0446254,0.0259324,6.527882352941177e-08,2.0862857142857143e-06
2016-02-17 05:27:00,316.896,0.140392,0.101707,0.0607528,0.0501938,0.0472508,0.0285578,6.392470588235295e-08,2.0404285714285715e-06
2016-02-17 05:28:00,315.364,0.149138,0.105268,0.0633782,0.0528192,0.0498762,0.0311832,6.31529411764706e-08,2.010857142857143e-06
2016-02-17 05:29:00,313.832,0.157884,0.108829,0.0660036,0.0554446,0.0525016,0.0338086,6.031882352941177e-08,1.9802857142857143e-06
2016-02-17 05:30:00,312.3,0.16663,0.11239,0.068629,0.05807,0.055127,0.036434,5.73529411764706e-08,1.9487142857142856e-06
2016-02-17 05:31:00,313.512,0.165908,0.112468,0.0675342,0.0570032,0.054068,0.0358102,5.4671764705882363e-08,1.908428571428572e-06
2016-02-17 05:32:00,314.724,0.165186,0.112546,0.0664394,0.0559364,0.053009,0.0351864,5.066352941176472e-08,1.8621428571428573e-06
2016-02-17 05:33:00,315.93600000000004,0.164464,0.112624,0.0653446,0.0548696,0.05195,0.0345626,4.7955294117647056e-08,1.8187142857142856e-06
2016-02-17 05:34:00,317.148,0.163742,0.112702,0.0642498,0.0538028,0.050891,0.0339388,4.5747058823529415e-08,1.7942857142857143e-06
2016-02-17 05:35:00,318.36,0.16302,0.11278,0.063155,0.052736,0.049832,0.033315,4.5614117647058826e-08,1.7745714285714286e-06
2016-02-17 05:36:00,327.236,0.177826,0.131872,0.07365,0.0632308,0.0603276,0.0308947999999999,4.3311764705882366e-08,1.7401428571428574e-06
2016-02-17 05:37:00,336.112,0.192632,0.150964,0.084145,0.0737256,0.0708232,0.0284746,4.0720000000000003e-08,1.7008571428571432e-06
2016-02-17 05:38:00,344.988,0.207438,0.170056,0.09464,0.0842204,0.0813188,0.0260544,4.014470588235295e-08,1.6921428571428574e-06
2016-02-17 05:39:00,353.86400000000003,0.222244,0.189148,0.105135,0.0947152,0.0918143999999999,0.0236342,5.963176470588236e-08,1.8462857142857144e-06
2016-02-17 05:40:00,362.74,0.23705,0.20824,0.11563,0.10521,0.10231,0.021214,7.128823529411766e-08,2.035428571428572e-06
2016-02-17 05:41:00,321.802,0.229328,0.196096,0.1030614,0.0926416,0.0897408,0.0258166,6.344117647058823e-08,2.041428571428572e-06
2016-02-17 05:42:00,280.86400000000003,0.221606,0.183952,0.0904928,0.0800732,0.0771716,0.0304192,5.274470588235295e-08,1.893428571428572e-06
2016-02-17 05:43:00,239.926,0.213884,0.171808,0.0779242,0.0675048,0.0646024,0.0350218,5.212941176470588e-08,1.8442857142857143e-06
2016-02-17 05:44:00,198.988,0.206162,0.159664,0.0653556,0.0549364,0.0520332,0.0396244,9.287058823529413e-08,2.1285714285714287e-06
2016-02-17 05:45:00,158.05,0.19844,0.14752,0.052787,0.042368,0.039464,0.044227,1.4975294117647058e-07,2.516714285714286e-06
2016-02-17 05:46:00,129.94840000000002,0.195816,0.149318,0.0640816,0.0461342,0.0411316,0.0450168,1.5568235294117646e-07,2.5975714285714288e-06
2016-02-17 05:47:00,101.8468,0.193192,0.151116,0.0753762,0.0499004,0.0427991999999999,0.0458066,1.5545882352941177e-07,2.685714285714286e-06
2016-02-17 05:48:00,73.74520000000001,0.190568,0.152914,0.0866707999999999,0.0536666,0.0444668,0.0465963999999999,1.4634117647058824e-07,2.765142857142857e-06
2016-02-17 05:49:00,45.643600000000006,0.187944,0.154712,0.0979654,0.0574328,0.0461344,0.0473861999999999,1.5909411764705885e-07,2.950714285714286e-06
2016-02-17 05:50:00,17.542,0.18532,0.15651,0.10926,0.061199,0.047802,0.048176,1.4903529411764704e-07,2.956142857142857e-06
2016-02-17 05:51:00,14.28638,0.19899,0.17018,0.1046728,0.0641404,0.0528417999999999,0.0427836,1.131658823529412e-07,2.7394285714285715e-06
2016-02-17 05:52:00,11.03076,0.21266,0.18385,0.1000856,0.0670818,0.0578816,0.0373912,8.685882352941178e-08,2.511428571428572e-06
2016-02-17 05:53:00,7.77514,0.22633,0.19752,0.0954984,0.0700232,0.0629213999999999,0.0319987999999999,6.738235294117647e-08,2.2865714285714287e-06
2016-02-17 05:54:00,4.51952,0.24,0.21119,0.0909112,0.0729646,0.0679612,0.0266064,5.730941176470589e-08,2.116428571428572e-06
2016-02-17 05:55:00,1.2639,0.25367,0.22486,0.086324,0.075906,0.073001,0.021214,5.6842352941176484e-08,2.068857142857143e-06
2016-02-17 05:56:00,4.576320000000001,0.238692,0.20546,0.08453,0.0703046,0.0663386,0.0266064,5.294470588235296e-08,1.9914285714285712e-06
2016-02-17 05:57:00,7.88874,0.223714,0.18606,0.082736,0.0647032,0.0596762,0.0319988,4.2303529411764704e-08,1.865428571428572e-06
2016-02-17 05:58:00,11.201160000000002,0.208736,0.16666,0.080942,0.0591017999999999,0.0530138,0.0373912,3.828470588235294e-08,1.7771428571428574e-06
2016-02-17 05:59:00,14.51358,0.1937579999999999,0.14726,0.079148,0.0535004,0.0463514,0.0427836,5.830352941176472e-08,1.927857142857143e-06
2016-02-17 06:00:00,17.826,0.17878,0.12786,0.077354,0.047899,0.039689,0.048176,5.703176470588235e-08,1.9380000000000003e-06
2016-02-17 06:01:00,21.673,0.186056,0.135134,0.0724406,0.0467927999999999,0.039644,0.0505184,5.978705882352941e-08,1.902e-06
2016-02-17 06:02:00,25.52,0.193332,0.142408,0.0675272,0.0456866,0.039599,0.0528608,6.244470588235294e-08,1.9102857142857146e-06
2016-02-17 06:03:00,29.367,0.200608,0.1496819999999999,0.0626138,0.0445804,0.039554,0.0552031999999999,4.836e-08,1.8495714285714287e-06
2016-02-17 06:04:00,33.214,0.2078839999999999,0.1569559999999999,0.0577004,0.0434742,0.039509,0.0575455999999999,3.840823529411765e-08,1.7115714285714287e-06
2016-02-17 06:05:00,37.061,0.21516,0.16423,0.052787,0.042368,0.039464,0.059888,3.095529411764706e-08,1.562714285714286e-06
2016-02-17 06:06:00,45.8886,0.2172339999999999,0.16373,0.0640896,0.0518938,0.0484948,0.0521532,2.4289411764705883e-08,1.438e-06
2016-02-17 06:07:00,54.7162,0.219308,0.16323,0.0753921999999999,0.0614196,0.0575255999999999,0.0444184,2.181764705882353e-08,1.3544285714285717e-06
2016-02-17 06:08:00,63.543800000000005,0.221382,0.16273,0.0866948,0.0709453999999999,0.0665564,0.0366836,1.9108235294117653e-08,1.2943285714285714e-06
2016-02-17 06:09:00,72.3714,0.223456,0.16223,0.0979974,0.0804711999999999,0.0755872,0.0289487999999999,2.0990588235294123e-08,1.240457142857143e-06
2016-02-17 06:10:00,81.199,0.22553,0.16173,0.1093,0.089997,0.084618,0.021214,2.0683529411764706e-08,1.2085571428571428e-06
2016-02-17 06:11:00,101.2352,0.263598,0.17838,0.1032455999999999,0.0857194,0.0808354,0.021214,1.7602352941176468e-08,1.1899285714285716e-06
2016-02-17 06:12:00,121.2714,0.301666,0.19503,0.0971911999999999,0.0814418,0.0770528,0.021214,2.0768235294117652e-08,1.1780571428571429e-06
2016-02-17 06:13:00,141.3076,0.339734,0.21168,0.0911367999999999,0.0771642,0.0732702,0.021214,1.882e-08,1.1655e-06
2016-02-17 06:14:00,161.3438,0.377802,0.22833,0.0850824,0.0728866,0.0694876,0.021214,2.5243529411764712e-08,1.1944857142857144e-06
2016-02-17 06:15:00,181.38,0.41587,0.24498,0.079028,0.068609,0.065705,0.021214,2.4688235294117647e-08,1.2285714285714286e-06
2016-02-17 06:16:00,228.646,0.377742,0.235368,0.0947744,0.0839752,0.080964,0.0280562,2.161058823529412e-08,1.1792285714285716e-06
2016-02-17 06:17:00,275.912,0.339614,0.225756,0.1105208,0.0993414,0.096223,0.0348984,2.2545882352941177e-08,1.1678e-06
2016-02-17 06:18:00,323.178,0.301486,0.216144,0.1262672,0.1147076,0.111482,0.0417406,2.3647058823529413e-08,1.1865857142857144e-06
2016-02-17 06:19:00,370.444,0.263358,0.206532,0.1420136,0.1300738,0.126741,0.0485828,2.7124705882352946e-08,1.2565142857142855e-06
2016-02-17 06:20:00,417.71,0.22523,0.19692,0.15776,0.14544,0.142,0.055425,1.1258117647058825e-07,1.8302857142857143e-06
2016-02-17 06:21:00,441.35,0.223748,0.1795,0.1398972,0.1268062,0.1231525999999999,0.0501408,3.012117647058824e-07,3.030428571428572e-06
2016-02-17 06:22:00,464.99,0.222266,0.16208,0.1220344,0.1081724,0.1043051999999999,0.0448565999999999,4.51e-07,4.274428571428572e-06
2016-02-17 06:23:00,488.63,0.220784,0.14466,0.1041716,0.0895386,0.0854578,0.0395724,3.246823529411765e-07,4.000571428571428e-06
2016-02-17 06:24:00,512.27,0.219302,0.12724,0.0863088,0.0709048,0.0666104,0.0342882,1.7314117647058824e-07,2.9981428571428573e-06
2016-02-17 06:25:00,535.91,0.21782,0.10982,0.068446,0.052271,0.047763,0.029004,9.877176470588237e-08,2.274e-06
2016-02-17 06:26:00,509.118,0.213132,0.12107,0.0733338,0.0572098,0.052716,0.0339576,7.615176470588235e-08,1.953857142857143e-06
2016-02-17 06:27:00,482.326,0.208444,0.13232,0.0782216,0.0621486,0.057669,0.0389112,5.92364705882353e-08,1.7531428571428571e-06
2016-02-17 06:28:00,455.534,0.203756,0.14357,0.0831094,0.0670874,0.062622,0.0438648,5.0397647058823535e-08,1.666e-06
2016-02-17 06:29:00,428.742,0.199068,0.15482,0.0879972,0.0720262,0.067575,0.0488184,4.41529411764706e-08,1.5580000000000002e-06
2016-02-17 06:30:00,401.95,0.19438,0.16607,0.092885,0.076965,0.072528,0.053772,3.874941176470589e-08,1.444e-06
2016-02-17 06:31:00,385.828,0.187194,0.154434,0.0859482,0.0711284,0.066998,0.0508554,3.6524705882352944e-08,1.4094142857142858e-06
2016-02-17 06:32:00,369.706,0.180008,0.142798,0.0790114,0.0652918,0.0614679999999999,0.0479388,3.266e-08,1.328457142857143e-06
2016-02-17 06:33:00,353.58399999999995,0.172822,0.131162,0.0720746,0.0594552,0.055938,0.0450222,3.348e-08,1.2776e-06
2016-02-17 06:34:00,337.462,0.165636,0.119526,0.0651378,0.0536186,0.050408,0.0421056,3.213647058823529e-08,1.2386428571428572e-06
2016-02-17 06:35:00,321.34,0.15845,0.10789,0.058201,0.047782,0.044878,0.039189,2.7102352941176477e-08,1.214857142857143e-06
2016-02-17 06:36:00,313.12,0.158646,0.112436,0.0633422,0.0481006,0.0438524,0.0456728,3.150823529411765e-08,1.266057142857143e-06
2016-02-17 06:37:00,304.9,0.158842,0.116982,0.0684834,0.0484192,0.0428268,0.0521566,3.267058823529412e-08,1.2994428571428571e-06
2016-02-17 06:38:00,296.68,0.1590379999999999,0.121528,0.0736246,0.0487378,0.0418012,0.0586404,2.6924705882352944e-08,1.2618714285714288e-06
2016-02-17 06:39:00,288.46,0.159234,0.126074,0.0787658,0.0490564,0.0407756,0.0651242,2.5574117647058824e-08,1.2504857142857144e-06
2016-02-17 06:40:00,280.24,0.15943,0.13062,0.083907,0.049375,0.03975,0.071608,2.77e-08,1.2443e-06
2016-02-17 06:41:00,275.732,0.155244,0.126534,0.0813468,0.0516094,0.0433208,0.0650686,2.9503529411764708e-08,1.1993428571428572e-06
2016-02-17 06:42:00,271.224,0.151058,0.122448,0.0787866,0.0538438,0.0468916,0.0585292,3.3501176470588245e-08,1.2320857142857145e-06
2016-02-17 06:43:00,266.716,0.146872,0.118362,0.0762264,0.0560781999999999,0.0504624,0.0519898,3.463058823529412e-08,1.2712428571428571e-06
2016-02-17 06:44:00,262.208,0.142686,0.114276,0.0736662,0.0583126,0.0540332,0.0454504,2.8561176470588235e-08,1.2671e-06
2016-02-17 06:45:00,257.7,0.1385,0.11019,0.071106,0.060547,0.057604,0.038911,2.6636470588235297e-08,1.2406285714285714e-06
2016-02-17 06:46:00,249.37,0.141492,0.1086599999999999,0.0674422,0.0569111999999999,0.053976,0.036801,2.4223529411764713e-08,1.2063285714285715e-06
2016-02-17 06:47:00,241.04,0.144484,0.10713,0.0637784,0.0532754,0.050348,0.034691,2.481529411764705e-08,1.199657142857143e-06
2016-02-17 06:48:00,232.71,0.147476,0.1056,0.0601146,0.0496396,0.04672,0.032581,2.4334117647058824e-08,1.1835714285714286e-06
2016-02-17 06:49:00,224.38,0.150468,0.10407,0.0564508,0.0460038,0.043092,0.030471,2.2828235294117652e-08,1.1604857142857144e-06
2016-02-17 06:50:00,216.05,0.15346,0.10254,0.052787,0.042368,0.039464,0.028361,2.172117647058824e-08,1.1578142857142855e-06
2016-02-17 06:51:00,204.196,0.15443,0.108032,0.0604136,0.0499666,0.0470548,0.0344338,2.1025882352941177e-08,1.1493714285714286e-06
2016-02-17 06:52:00,192.342,0.1554,0.113524,0.0680402,0.0575652,0.0546456,0.0405066,1.9882352941176472e-08,1.130042857142857e-06
2016-02-17 06:53:00,180.488,0.15637,0.119016,0.0756668,0.0651638,0.0622364,0.0465794,2.260705882352941e-08,1.1516142857142857e-06
2016-02-17 06:54:00,168.634,0.15734,0.124508,0.0832934,0.0727624,0.0698272,0.0526521999999999,2.231058823529412e-08,1.1606857142857144e-06
2016-02-17 06:55:00,156.78,0.15831,0.13,0.09092,0.080361,0.077418,0.058725,2.003764705882353e-08,1.1198285714285714e-06
2016-02-17 06:56:00,152.096,0.154844,0.126532,0.0874524,0.0768936,0.0739504,0.0552576,2.0258823529411768e-08,1.1049428571428571e-06
2016-02-17 06:57:00,147.412,0.151378,0.123064,0.0839848,0.0734262,0.0704828,0.0517902,2.313764705882353e-08,1.0895571428571428e-06
2016-02-17 06:58:00,142.728,0.147912,0.119596,0.0805172,0.0699588,0.0670152,0.0483228,2.569294117647059e-08,1.0728714285714288e-06
2016-02-17 06:59:00,138.044,0.144446,0.116128,0.0770496,0.0664913999999999,0.0635476,0.0448554,2.7722352941176472e-08,1.0698142857142857e-06
2016-02-17 07:00:00,133.36,0.14098,0.11266,0.073582,0.063024,0.06008,0.041388,2.389058823529412e-08,1.054757142857143e-06
2016-02-17 07:01:00,136.976,0.146756,0.114152,0.0729826,0.0624524,0.0595164,0.0446852,2.106941176470588e-08,1.0230714285714289e-06
2016-02-17 07:02:00,140.592,0.152532,0.115644,0.0723832,0.0618808,0.0589528,0.0479824,1.824470588235294e-08,1.0152714285714285e-06
2016-02-17 07:03:00,144.208,0.158308,0.117136,0.0717838,0.0613091999999999,0.0583892,0.0512796,1.9882352941176472e-08,1.0147714285714289e-06
2016-02-17 07:04:00,147.824,0.164084,0.118628,0.0711844,0.0607375999999999,0.0578256,0.0545768,2.0555294117647065e-08,1.0041428571428572e-06
2016-02-17 07:05:00,151.44,0.16986,0.12012,0.070585,0.060166,0.057262,0.057874,1.802235294117647e-08,9.635714285714286e-07
2016-02-17 07:06:00,144.30599999999998,0.181718,0.136264,0.08882,0.0783727999999999,0.0754596,0.057787,1.8908235294117648e-08,9.458428571428572e-07
2016-02-17 07:07:00,137.172,0.193576,0.152408,0.1070549999999999,0.0965796,0.0936572,0.0577,2.1809411764705883e-08,9.394857142857144e-07
2016-02-17 07:08:00,130.038,0.205434,0.168552,0.1252899999999999,0.1147864,0.1118548,0.057613,2.4429411764705883e-08,9.341142857142858e-07
2016-02-17 07:09:00,122.904,0.2172919999999999,0.184696,0.1435249999999999,0.1329932,0.1300523999999999,0.057526,2.7988235294117653e-08,9.331285714285716e-07
2016-02-17 07:10:00,115.77,0.22915,0.20084,0.16176,0.1512,0.14825,0.057439,2.462235294117647e-08,9.339714285714286e-07
2016-02-17 07:11:00,116.886,0.213984,0.185576,0.145066,0.1321888,0.1285942,0.054522,2.3038823529411767e-08,9.305571428571428e-07
2016-02-17 07:12:00,118.002,0.198818,0.170312,0.1283719999999999,0.1131776,0.1089383999999999,0.051605,2.344823529411765e-08,9.177428571428572e-07
2016-02-17 07:13:00,119.118,0.183652,0.155048,0.111678,0.0941664,0.0892826,0.048688,2.094588235294117e-08,9.058571428571428e-07
2016-02-17 07:14:00,120.234,0.168486,0.139784,0.094984,0.0751552,0.0696268,0.045771,2.0811764705882363e-08,9.295857142857144e-07
2016-02-17 07:15:00,121.35,0.15332,0.12452,0.07829,0.056144,0.049971,0.042854,2.2916470588235294e-08,9.292857142857144e-07
2016-02-17 07:16:00,127.68,0.161916,0.128456,0.082798,0.0629688,0.0574418,0.0480098,2.1565882352941177e-08,9.326285714285714e-07
2016-02-17 07:17:00,134.01,0.170512,0.132392,0.087306,0.0697936,0.0649126,0.0531656,3.7952941176470586e-08,1.062957142857143e-06
2016-02-17 07:18:00,140.34,0.179108,0.136328,0.091814,0.0766184,0.0723834,0.0583214,4.7548235294117655e-08,1.1946428571428573e-06
2016-02-17 07:19:00,146.67,0.187704,0.140264,0.096322,0.0834432,0.0798542,0.0634772,3.9989411764705895e-08,1.162e-06
2016-02-17 07:20:00,153.0,0.1963,0.1442,0.10083,0.090268,0.087325,0.068633,3.254941176470588e-08,1.0748285714285714e-06
2016-02-17 07:21:00,158.434,0.189408,0.1419679999999999,0.0979902,0.0842026,0.0803604,0.0591492,2.9802352941176475e-08,1.0419857142857144e-06
2016-02-17 07:22:00,163.868,0.182516,0.139736,0.0951504,0.0781372,0.0733958,0.0496654,2.6947058823529412e-08,1.0236428571428574e-06
2016-02-17 07:23:00,169.302,0.175624,0.137504,0.0923105999999999,0.0720717999999999,0.0664312,0.0401816,2.4467058823529413e-08,9.679285714285714e-07
2016-02-17 07:24:00,174.736,0.168732,0.135272,0.0894708,0.0660063999999999,0.0594666,0.0306977999999999,2.323058823529412e-08,9.349285714285716e-07
2016-02-17 07:25:00,180.17,0.16184,0.13304,0.086631,0.059941,0.052502,0.021214,2.163176470588236e-08,8.888000000000001e-07
2016-02-17 07:26:00,194.234,0.184954,0.1355559999999999,0.0804052,0.0569414,0.0504016,0.0216326,1.9018823529411765e-08,8.593571428571429e-07
2016-02-17 07:27:00,208.298,0.208068,0.138072,0.0741794,0.0539418,0.0483012,0.0220512,1.7491764705882354e-08,8.541714285714287e-07
2016-02-17 07:28:00,222.362,0.231182,0.140588,0.0679536,0.0509422,0.0462008,0.0224698,2.0534117647058823e-08,8.382142857142859e-07
2016-02-17 07:29:00,236.426,0.2542959999999999,0.143104,0.0617278,0.0479426,0.0441004,0.0228884,2.207529411764705e-08,8.342571428571429e-07
2016-02-17 07:30:00,250.49,0.27741,0.14562,0.055502,0.044943,0.042,0.023307,2.271764705882353e-08,8.471428571428571e-07
2016-02-17 07:31:00,262.022,0.252446,0.141252,0.0600048,0.0494738,0.0465386,0.0270734,2.2117647058823533e-08,8.587571428571429e-07
2016-02-17 07:32:00,273.554,0.227482,0.136884,0.0645076,0.0540046,0.0510772,0.0308398,2.274e-08,8.491428571428572e-07
2016-02-17 07:33:00,285.086,0.202518,0.132516,0.0690104,0.0585354,0.0556158,0.0346062,2.1565882352941177e-08,8.417857142857144e-07
2016-02-17 07:34:00,296.618,0.177554,0.128148,0.0735132,0.0630662,0.0601544,0.0383726,2.1854117647058824e-08,8.421142857142858e-07
2016-02-17 07:35:00,308.15,0.15259,0.12378,0.078016,0.067597,0.064693,0.042139,2.2888235294117647e-08,8.357857142857143e-07
2016-02-17 07:36:00,322.73,0.151256,0.122448,0.0765732,0.0633624,0.0596802,0.037954,2.3492941176470588e-08,8.491428571428572e-07
2016-02-17 07:37:00,337.31,0.149922,0.121116,0.0751304,0.0591278,0.0546674,0.033769,3.330235294117647e-08,9.59557142857143e-07
2016-02-17 07:38:00,351.89,0.148588,0.119784,0.0736876,0.0548932,0.0496546,0.029584,3.142941176470588e-08,9.915285714285715e-07
2016-02-17 07:39:00,366.47,0.147254,0.118452,0.0722448,0.0506586,0.0446417999999999,0.025399,4.0034117647058825e-08,1.1114714285714283e-06
2016-02-17 07:40:00,381.05,0.14592,0.11712,0.070802,0.046424,0.039629,0.021214,5.69529411764706e-08,1.2769285714285716e-06
2016-02-17 07:41:00,376.402,0.148774,0.120072,0.0752004,0.0535862,0.0475615999999999,0.0240284,4.161882352941176e-08,1.0968142857142858e-06
2016-02-17 07:42:00,371.754,0.1516279999999999,0.123024,0.0795988,0.0607484,0.0554942,0.0268428,3.1464705882352943e-08,9.639142857142858e-07
2016-02-17 07:43:00,367.106,0.154482,0.125976,0.0839972,0.0679106,0.0634268,0.0296571999999999,3.1176470588235297e-08,8.806e-07
2016-02-17 07:44:00,362.458,0.157336,0.128928,0.0883956,0.0750728,0.0713594,0.0324715999999999,3.159764705882353e-08,8.655428571428571e-07
2016-02-17 07:45:00,357.81,0.16019,0.13188,0.092794,0.082235,0.079292,0.035286,2.7897647058823533e-08,8.330428571428571e-07
2016-02-17 07:46:00,367.898,0.1884279999999999,0.14597,0.0977012,0.077692,0.0730848,0.0332722,2.6703529411764703e-08,8.153571428571429e-07
2016-02-17 07:47:00,377.986,0.216666,0.16006,0.1026084,0.073149,0.0668776,0.0312584,2.708e-08,8.103285714285715e-07
2016-02-17 07:48:00,388.074,0.2449039999999999,0.17415,0.1075156,0.068606,0.0606704,0.0292446,2.8368235294117648e-08,8.096e-07
2016-02-17 07:49:00,398.162,0.273142,0.18824,0.1124228,0.064063,0.0544632,0.0272308,3.1841176470588235e-08,8.528285714285716e-07
2016-02-17 07:50:00,408.25,0.30138,0.20233,0.11733,0.05952,0.048256,0.025217,2.8385882352941178e-08,8.675428571428572e-07
2016-02-17 07:51:00,406.244,0.30257,0.197612,0.1126782,0.061911,0.0516402,0.029442,2.7704705882352945e-08,8.257714285714286e-07
2016-02-17 07:52:00,404.238,0.30376,0.192894,0.1080264,0.064302,0.0550244,0.033667,2.6814117647058823e-08,8.275714285714286e-07
2016-02-17 07:53:00,402.232,0.30495,0.188176,0.1033746,0.066693,0.0584086,0.037892,2.920588235294117e-08,8.655428571428571e-07
2016-02-17 07:54:00,400.226,0.3061399999999999,0.183458,0.0987228,0.0690839999999999,0.0617927999999999,0.042117,4.900235294117648e-08,1.0084142857142855e-06
2016-02-17 07:55:00,398.22,0.30733,0.17874,0.094071,0.071475,0.065177,0.046342,7.942235294117649e-08,1.320957142857143e-06
2016-02-17 07:56:00,393.786,0.297976,0.175558,0.0960408,0.0722496,0.0656186,0.0413164,6.986235294117649e-08,1.4044e-06
2016-02-17 07:57:00,389.352,0.288622,0.172376,0.0980106,0.0730242,0.0660602,0.0362908,5.097411764705884e-08,1.3147285714285714e-06
2016-02-17 07:58:00,384.918,0.279268,0.169194,0.0999804,0.0737988,0.0665018,0.0312652,3.894352941176471e-08,1.1762142857142858e-06
2016-02-17 07:59:00,380.484,0.269914,0.166012,0.1019502,0.0745734,0.0669434,0.0262396,2.882941176470589e-08,1.0243e-06
2016-02-17 08:00:00,376.05,0.26056,0.16283,0.10392,0.075348,0.067385,0.021214,2.513529411764706e-08,9.464714285714286e-07
2016-02-17 08:01:00,381.268,0.241442,0.157496,0.101216,0.0762746,0.0693234,0.021214,2.2140000000000002e-08,8.930428571428573e-07
2016-02-17 08:02:00,386.486,0.222324,0.152162,0.098512,0.0772012,0.0712618,0.021214,1.9505882352941177e-08,8.56e-07
2016-02-17 08:03:00,391.704,0.203206,0.146828,0.095808,0.0781278,0.0732002,0.021214,2.043647058823529e-08,8.655428571428571e-07
2016-02-17 08:04:00,396.922,0.184088,0.141494,0.0931039999999999,0.0790544,0.0751386,0.021214,2.4023529411764708e-08,8.844428571428572e-07
2016-02-17 08:05:00,402.14,0.16497,0.13616,0.0904,0.079981,0.077077,0.021214,2.3574117647058825e-08,8.801000000000002e-07
2016-02-17 08:06:00,405.844,0.197904,0.150452,0.105194,0.0840047999999999,0.0781432,0.0259706,2.0414117647058826e-08,8.663714285714286e-07
2016-02-17 08:07:00,409.548,0.230838,0.164744,0.1199879999999999,0.0880286,0.0792094,0.0307272,2.5574117647058824e-08,9.000000000000001e-07
2016-02-17 08:08:00,413.252,0.263772,0.179036,0.1347819999999999,0.0920523999999999,0.0802756,0.0354838,2.7618823529411772e-08,9.331428571428572e-07
2016-02-17 08:09:00,416.956,0.296706,0.193328,0.149576,0.0960762,0.0813417999999999,0.0402404,2.6463529411764705e-08,9.306e-07
2016-02-17 08:10:00,420.66,0.32964,0.20762,0.16437,0.1001,0.082408,0.044997,2.77e-08,9.22757142857143e-07
2016-02-17 08:11:00,417.468,0.330908,0.196522,0.1520419999999999,0.0962475999999999,0.0808735999999999,0.0461068,2.4045882352941177e-08,9.209142857142856e-07
2016-02-17 08:12:00,414.276,0.3321759999999999,0.185424,0.139714,0.0923952,0.0793392,0.0472166,2.5564705882352944e-08,9.163285714285716e-07
2016-02-17 08:13:00,411.084,0.333444,0.1743259999999999,0.127386,0.0885427999999999,0.0778048,0.0483264,2.380235294117647e-08,9.108857142857144e-07
2016-02-17 08:14:00,407.892,0.334712,0.1632279999999999,0.115058,0.0846904,0.0762704,0.0494362,2.3094117647058824e-08,8.995e-07
2016-02-17 08:15:00,404.7,0.33598,0.15213,0.10273,0.080838,0.074736,0.050546,2.338117647058824e-08,8.909428571428572e-07
2016-02-17 08:16:00,398.738,0.293364,0.140621,0.0932844,0.0736589999999999,0.0681888,0.0450982,2.0569411764705883e-08,8.836142857142858e-07
2016-02-17 08:17:00,392.776,0.2507479999999999,0.129112,0.0838388,0.06648,0.0616416,0.0396504,2.336e-08,8.862857142857144e-07
2016-02-17 08:18:00,386.814,0.2081319999999999,0.117603,0.0743931999999999,0.0593009999999999,0.0550944,0.0342026,2.3765882352941177e-08,9.181e-07
2016-02-17 08:19:00,380.852,0.165516,0.106094,0.0649476,0.0521219999999999,0.0485472,0.0287548,2.4532941176470596e-08,9.39657142857143e-07
2016-02-17 08:20:00,374.89,0.1229,0.094585,0.055502,0.044943,0.042,0.023307,2.533058823529412e-08,9.259428571428572e-07
2016-02-17 08:21:00,373.216,0.13082,0.102406,0.0619862,0.0514552,0.04852,0.0228884,2.2761176470588243e-08,9.194142857142858e-07
2016-02-17 08:22:00,371.542,0.13874,0.110227,0.0684704,0.0579674,0.05504,0.0224698,2.1754117647058823e-08,9.168142857142856e-07
2016-02-17 08:23:00,369.868,0.14666,0.118048,0.0749546,0.0644796,0.06156,0.0220512,2.6105882352941177e-08,9.456714285714288e-07
2016-02-17 08:24:00,368.194,0.15458,0.125869,0.0814388,0.0709918,0.06808,0.0216326,3.7709411764705883e-08,1.0514142857142858e-06
2016-02-17 08:25:00,366.52,0.1625,0.13369,0.087923,0.077504,0.0746,0.021214,4.465882352941176e-08,1.1925428571428571e-06
2016-02-17 08:26:00,375.478,0.164636,0.135924,0.0914944,0.0810476,0.0781358,0.0316884,3.753176470588235e-08,1.2061571428571429e-06
2016-02-17 08:27:00,384.436,0.166772,0.138158,0.0950658,0.0845912,0.0816716,0.0421628,3.363411764705882e-08,1.1343857142857143e-06
2016-02-17 08:28:00,393.394,0.168908,0.140392,0.0986372,0.0881348,0.0852074,0.0526371999999999,2.5350588235294123e-08,1.0641428571428572e-06
2016-02-17 08:29:00,402.352,0.171044,0.142626,0.1022086,0.0916784,0.0887432,0.0631116,2.4976470588235294e-08,1.0196285714285715e-06
2016-02-17 08:30:00,411.31,0.17318,0.14486,0.10578,0.095222,0.092279,0.073586,2.5750588235294124e-08,1.0034e-06
2016-02-17 08:31:00,423.374,0.193042,0.1437739999999999,0.1040426,0.0870392,0.0822996,0.0635302,2.8408235294117653e-08,1.0154428571428572e-06
2016-02-17 08:32:00,435.438,0.212904,0.1426879999999999,0.1023052,0.0788564,0.0723202,0.0534744,3.1044705882352944e-08,1.041657142857143e-06
2016-02-17 08:33:00,447.502,0.232766,0.141602,0.1005678,0.0706736,0.0623408,0.0434186,3.159764705882353e-08,1.0855428571428571e-06
2016-02-17 08:34:00,459.566,0.252628,0.140516,0.0988304,0.0624908,0.0523614,0.0333628,3.2261176470588235e-08,1.1141428571428572e-06
2016-02-17 08:35:00,471.63,0.27249,0.13943,0.097093,0.054308,0.042382,0.023307,3.3228235294117656e-08,1.1178285714285717e-06
2016-02-17 08:36:00,473.948,0.248442,0.136332,0.0944721999999999,0.0537178,0.0423578,0.023307,3.1685882352941184e-08,1.1159857142857142e-06
2016-02-17 08:37:00,476.266,0.224394,0.133234,0.0918514,0.0531276,0.0423336,0.023307,3.113176470588235e-08,1.1414142857142858e-06
2016-02-17 08:38:00,478.584,0.200346,0.130136,0.0892306,0.0525374,0.0423094,0.023307,3.5968235294117646e-08,1.1509857142857143e-06
2016-02-17 08:39:00,480.902,0.176298,0.1270379999999999,0.0866098,0.0519472,0.0422852,0.023307,3.9968235294117655e-08,1.188257142857143e-06
2016-02-17 08:40:00,483.22,0.15225,0.12394,0.083989,0.051357,0.042261,0.023307,4.1938823529411774e-08,1.2521714285714287e-06
2016-02-17 08:41:00,482.47,0.14638,0.118069,0.0782915999999999,0.0500742,0.0422088,0.023307,5.5214117647058826e-08,1.4348571428571431e-06
2016-02-17 08:42:00,481.72,0.14051,0.1121979999999999,0.0725942,0.0487914,0.0421566,0.023307,1.0904823529411766e-07,1.928714285714286e-06
2016-02-17 08:43:00,480.97,0.1346399999999999,0.106327,0.0668968,0.0475086,0.0421044,0.023307,2.052470588235294e-07,2.534857142857143e-06
2016-02-17 08:44:00,480.22,0.12877,0.100456,0.0611994,0.0462258,0.0420522,0.023307,1.557764705882353e-07,2.464714285714286e-06
2016-02-17 08:45:00,479.47,0.1229,0.094585,0.055502,0.044943,0.042,0.023307,9.380705882352941e-08,2.077714285714286e-06
2016-02-17 08:46:00,489.42,0.149494,0.106926,0.054959,0.0444279999999999,0.0414928,0.0282808,7.16235294117647e-08,1.791857142857143e-06
2016-02-17 08:47:00,499.37,0.176088,0.119267,0.054416,0.043913,0.0409856,0.0332545999999999,5.387411764705882e-08,1.6257142857142855e-06
2016-02-17 08:48:00,509.3200000000001,0.2026819999999999,0.131608,0.053873,0.043398,0.0404784,0.0382283999999999,4.5348235294117655e-08,1.5054285714285716e-06
2016-02-17 08:49:00,519.27,0.2292759999999999,0.143949,0.05333,0.042883,0.0399712,0.0432021999999999,3.845058823529413e-08,1.3917857142857144e-06
2016-02-17 08:50:00,529.22,0.25587,0.15629,0.052787,0.042368,0.039464,0.048176,3.173058823529412e-08,1.3152428571428572e-06
2016-02-17 08:51:00,526.032,0.277688,0.178378,0.056842,0.046423,0.043519,0.0489823999999999,3.4675294117647065e-08,1.2510000000000002e-06
2016-02-17 08:52:00,522.844,0.299506,0.200466,0.060897,0.050478,0.047574,0.0497887999999999,3.055176470588235e-08,1.2260285714285715e-06
2016-02-17 08:53:00,519.656,0.321324,0.222554,0.064952,0.054533,0.051629,0.0505952,2.849647058823529e-08,1.2001285714285715e-06
2016-02-17 08:54:00,516.468,0.343142,0.244642,0.069007,0.058588,0.055684,0.0514016,2.5042352941176477e-08,1.134557142857143e-06
2016-02-17 08:55:00,513.28,0.36496,0.26673,0.073062,0.062643,0.059739,0.052208,2.2503529411764712e-08,1.0927714285714286e-06
2016-02-17 08:56:00,508.32,0.347252,0.248934,0.0766064,0.0661594,0.0632476,0.0534844,2.4532941176470596e-08,1.0587714285714286e-06
2016-02-17 08:57:00,503.36,0.329544,0.231138,0.0801508,0.0696758,0.0667562,0.0547608,2.174235294117647e-08,1.0346857142857142e-06
2016-02-17 08:58:00,498.4,0.311836,0.213342,0.0836952,0.0731922,0.0702648,0.0560372,2.1234117647058826e-08,1.0141e-06
2016-02-17 08:59:00,493.44,0.294128,0.195546,0.0872396,0.0767086,0.0737734,0.0573136,2.0918823529411765e-08,1.0047857142857143e-06
2016-02-17 09:00:00,488.48,0.27642,0.17775,0.090784,0.080225,0.077282,0.05859,1.926235294117647e-08,9.948571428571429e-07
2016-02-17 09:01:00,491.586,0.277274,0.166126,0.0867442,0.0762132,0.073278,0.053286,1.8465882352941176e-08,9.798e-07
2016-02-17 09:02:00,494.692,0.278128,0.154502,0.0827044,0.0722014,0.069274,0.047982,1.7901176470588234e-08,9.604857142857144e-07
2016-02-17 09:03:00,497.798,0.278982,0.142878,0.0786646,0.0681896,0.06527,0.042678,1.6229411764705882e-08,9.394857142857144e-07
2016-02-17 09:04:00,500.904,0.279836,0.1312539999999999,0.0746247999999999,0.0641778,0.061266,0.037374,1.6007058823529412e-08,9.242571428571428e-07
2016-02-17 09:05:00,504.01,0.28069,0.11963,0.070585,0.060166,0.057262,0.03207,1.4604705882352942e-08,9.169714285714286e-07
2016-02-17 09:06:00,509.09,0.2596819999999999,0.125172,0.07812,0.0676726,0.0647606,0.0408686,1.4369411764705884e-08,9.058571428571428e-07
2016-02-17 09:07:00,514.17,0.238674,0.130714,0.085655,0.0751792,0.0722592,0.0496672,1.4590588235294118e-08,9.005000000000001e-07
2016-02-17 09:08:00,519.25,0.217666,0.136256,0.09319,0.0826858,0.0797578,0.0584658,1.503294117647059e-08,9.082e-07
2016-02-17 09:09:00,524.3299999999999,0.196658,0.141798,0.100725,0.0901923999999999,0.0872564,0.0672644,1.522470588235294e-08,9.080857142857144e-07
2016-02-17 09:10:00,529.41,0.17565,0.14734,0.10826,0.097699,0.094755,0.076063,1.8952941176470588e-08,9.249285714285716e-07
2016-02-17 09:11:00,533.3059999999999,0.17302,0.14461,0.1041926,0.09366,0.090724,0.0650932,1.8111764705882352e-08,9.319571428571428e-07
2016-02-17 09:12:00,537.202,0.17039,0.14188,0.1001252,0.0896209999999999,0.086693,0.0541234,1.616705882352941e-08,9.071142857142858e-07
2016-02-17 09:13:00,541.098,0.16776,0.13915,0.0960578,0.0855819999999999,0.082662,0.0431536,1.744705882352941e-08,8.847857142857144e-07
2016-02-17 09:14:00,544.994,0.16513,0.13642,0.0919904,0.081543,0.078631,0.0321838,1.7602352941176468e-08,8.712285714285716e-07
2016-02-17 09:15:00,548.89,0.1625,0.13369,0.087923,0.077504,0.0746,0.021214,1.5498823529411764e-08,8.618571428571429e-07
2016-02-17 09:16:00,552.116,0.172624,0.131758,0.0851356,0.0746886,0.0717768,0.0228202,1.5054117647058823e-08,8.543857142857143e-07
2016-02-17 09:17:00,555.342,0.182748,0.129826,0.0823482,0.0718732,0.0689536,0.0244264,1.7623529411764704e-08,8.580142857142858e-07
2016-02-17 09:18:00,558.568,0.192872,0.127894,0.0795608,0.0690578,0.0661304,0.0260326,1.944e-08,8.750857142857144e-07
2016-02-17 09:19:00,561.794,0.202996,0.125962,0.0767733999999999,0.0662423999999999,0.0633072,0.0276387999999999,1.7644705882352943e-08,8.66357142857143e-07
2016-02-17 09:20:00,565.02,0.21312,0.12403,0.073986,0.063427,0.060484,0.029245,1.7889411764705882e-08,8.683857142857142e-07
2016-02-17 09:21:00,564.536,0.212846,0.123836,0.0724866,0.0619556,0.0590204,0.0310496,1.5874117647058826e-08,8.655428571428571e-07
2016-02-17 09:22:00,564.052,0.212572,0.123642,0.0709872,0.0604842,0.0575568,0.0328542,1.514e-08,8.534142857142858e-07
2016-02-17 09:23:00,563.568,0.212298,0.123448,0.0694878,0.0590128,0.0560931999999999,0.0346588,1.463529411764706e-08,8.571714285714286e-07
2016-02-17 09:24:00,563.0840000000001,0.212024,0.123254,0.0679884,0.0575414,0.0546296,0.0364634,1.6738823529411767e-08,8.954857142857144e-07
2016-02-17 09:25:00,562.6,0.21175,0.12306,0.066489,0.05607,0.053166,0.038268,2.1698823529411773e-08,9.433428571428572e-07
2016-02-17 09:26:00,563.384,0.199994,0.12328,0.068829,0.0573436,0.0541424,0.0424436,2.355176470588236e-08,9.582142857142858e-07
2016-02-17 09:27:00,564.168,0.188238,0.1235,0.071169,0.0586172,0.0551188,0.0466192,2.5396470588235294e-08,9.92357142857143e-07
2016-02-17 09:28:00,564.952,0.176482,0.12372,0.073509,0.0598908,0.0560952,0.0507948,3.1375294117647055e-08,1.0751714285714288e-06
2016-02-17 09:29:00,565.736,0.1647259999999999,0.12394,0.075849,0.0611644,0.0570716,0.0549704,3.087294117647059e-08,1.0919571428571428e-06
2016-02-17 09:30:00,566.52,0.15297,0.12416,0.078189,0.062438,0.058048,0.059146,3.0932941176470594e-08,1.0927285714285717e-06
2016-02-17 09:31:00,555.568,0.171406,0.129106,0.0807433999999999,0.0660588,0.061966,0.051717,3.567176470588235e-08,1.1158142857142855e-06
2016-02-17 09:32:00,544.616,0.189842,0.134052,0.0832977999999999,0.0696796,0.065884,0.0442879999999999,3.5817647058823527e-08,1.1099000000000002e-06
2016-02-17 09:33:00,533.664,0.208278,0.138998,0.0858522,0.0733004,0.069802,0.0368589999999999,3.235058823529412e-08,1.0576e-06
2016-02-17 09:34:00,522.712,0.226714,0.143944,0.0884066,0.0769212,0.07372,0.0294299999999999,2.9404705882352944e-08,1.0475571428571428e-06
2016-02-17 09:35:00,511.76,0.24515,0.14889,0.090961,0.080542,0.077638,0.022001,2.6149411764705884e-08,1.0156e-06
2016-02-17 09:36:00,521.098,0.25429,0.143346,0.08882,0.078373,0.0754611999999999,0.0238526,2.864705882352941e-08,9.978285714285716e-07
2016-02-17 09:37:00,530.436,0.26343,0.137802,0.0866789999999999,0.076204,0.0732844,0.0257042,2.8807058823529414e-08,9.885e-07
2016-02-17 09:38:00,539.774,0.27257,0.132258,0.084538,0.074035,0.0711075999999999,0.0275558,2.3935294117647063e-08,9.74957142857143e-07
2016-02-17 09:39:00,549.1120000000001,0.28171,0.126714,0.082397,0.071866,0.0689308,0.0294074,2.359529411764706e-08,9.874857142857143e-07
2016-02-17 09:40:00,558.45,0.29085,0.12117,0.080256,0.069697,0.066754,0.031259,2.0258823529411768e-08,9.74457142857143e-07
2016-02-17 09:41:00,557.676,0.262948,0.121442,0.0795578,0.0690268,0.0660916,0.02925,2.3094117647058824e-08,9.906857142857143e-07
2016-02-17 09:42:00,556.902,0.235046,0.121714,0.0788596,0.0683566,0.0654291999999999,0.027241,2.3958823529411765e-08,9.954142857142858e-07
2016-02-17 09:43:00,556.128,0.207144,0.121986,0.0781613999999999,0.0676864,0.0647668,0.025232,2.8608235294117645e-08,1.0201285714285715e-06
2016-02-17 09:44:00,555.354,0.179242,0.122258,0.0774632,0.0670162,0.0641043999999999,0.023223,2.3115294117647063e-08,1.0229714285714286e-06
2016-02-17 09:45:00,554.58,0.15134,0.12253,0.076765,0.066346,0.063442,0.021214,2.522e-08,1.0353428571428572e-06
2016-02-17 09:46:00,545.94,0.15318,0.12447,0.0725124,0.0620654,0.0591536,0.0216326,2.3765882352941177e-08,1.0115857142857144e-06
2016-02-17 09:47:00,537.3000000000001,0.15502,0.12641,0.0682598,0.0577848,0.0548652,0.0220512,2.2363529411764705e-08,1.0027285714285715e-06
2016-02-17 09:48:00,528.66,0.15686,0.12835,0.0640072,0.0535042,0.0505768,0.0224698,2.0348235294117653e-08,1.0008857142857145e-06
2016-02-17 09:49:00,520.02,0.1586999999999999,0.13029,0.0597546,0.0492236,0.0462884,0.0228884,2.263176470588236e-08,9.873285714285716e-07
2016-02-17 09:50:00,511.38,0.16054,0.13223,0.055502,0.044943,0.042,0.023307,1.899764705882353e-08,9.809714285714289e-07
2016-02-17 09:51:00,526.492,0.215536,0.178772,0.0852136,0.0719784,0.06829,0.0362996,1.8598823529411765e-08,1.0246428571428572e-06
2016-02-17 09:52:00,541.604,0.270532,0.225314,0.1149252,0.0990137999999999,0.09458,0.0492921999999999,1.955058823529412e-08,1.0186142857142856e-06
2016-02-17 09:53:00,556.716,0.325528,0.271856,0.1446367999999999,0.1260491999999999,0.12087,0.0622847999999999,1.8778823529411767e-08,1.0046285714285716e-06
2016-02-17 09:54:00,571.8280000000001,0.380524,0.3183979999999999,0.1743484,0.1530846,0.1471599999999999,0.0752774,2.544117647058824e-08,1.0385285714285714e-06
2016-02-17 09:55:00,586.94,0.43552,0.36494,0.20406,0.18012,0.17345,0.08827,3.4121176470588233e-08,1.1892571428571429e-06
2016-02-17 09:56:00,582.528,0.399264,0.337138,0.2001399999999999,0.165924,0.1560446,0.078076,4.804117647058824e-08,1.330657142857143e-06
2016-02-17 09:57:00,578.116,0.363008,0.309336,0.19622,0.151728,0.1386392,0.067882,7.328352941176472e-08,1.645e-06
2016-02-17 09:58:00,573.7040000000001,0.326752,0.2815339999999999,0.1923,0.137532,0.1212338,0.057688,1.2250588235294118e-07,2.168e-06
2016-02-17 09:59:00,569.292,0.290496,0.2537319999999999,0.18838,0.123336,0.1038284,0.047494,1.662e-07,2.660857142857143e-06
2016-02-17 10:00:00,564.88,0.25424,0.22593,0.18446,0.10914,0.086423,0.0373,1.8194117647058824e-07,2.9328571428571432e-06
2016-02-17 10:01:00,572.296,0.232082,0.203772,0.1627798,0.100412,0.0816498,0.038613,1.7171764705882357e-07,3.0017142857142856e-06
2016-02-17 10:02:00,579.712,0.209924,0.181614,0.1410996,0.091684,0.0768766,0.039926,1.539529411764706e-07,2.9870000000000004e-06
2016-02-17 10:03:00,587.128,0.187766,0.159456,0.1194194,0.082956,0.0721034,0.041239,1.3190588235294117e-07,2.907714285714286e-06
2016-02-17 10:04:00,594.544,0.165608,0.137298,0.0977392,0.074228,0.0673302,0.042552,1.0935647058823529e-07,2.713142857142857e-06
2016-02-17 10:05:00,601.96,0.14345,0.11514,0.076059,0.0655,0.062557,0.043865,9.359058823529413e-08,2.514714285714286e-06
2016-02-17 10:06:00,598.912,0.14181,0.1134,0.0729828,0.0624518,0.0595166,0.0393348,7.752823529411768e-08,2.3167142857142858e-06
2016-02-17 10:07:00,595.864,0.14017,0.11166,0.0699066,0.0594036,0.0564762,0.0348046,6.915411764705883e-08,2.158857142857143e-06
2016-02-17 10:08:00,592.816,0.13853,0.10992,0.0668304,0.0563554,0.0534358,0.0302744,6.036235294117649e-08,1.9834285714285715e-06
2016-02-17 10:09:00,589.768,0.13689,0.10818,0.0637542,0.0533072,0.0503954,0.0257442,5.4569411764705883e-08,1.8517142857142856e-06
2016-02-17 10:10:00,586.72,0.13525,0.10644,0.060678,0.050259,0.047355,0.021214,5.2965882352941194e-08,1.7782857142857142e-06
2016-02-17 10:11:00,593.308,0.149386,0.120576,0.0745024,0.0562156,0.0511182,0.0251202,4.0654117647058833e-08,1.6272857142857143e-06
2016-02-17 10:12:00,599.896,0.163522,0.134712,0.0883268,0.0621722,0.0548814,0.0290264,3.2527058823529413e-08,1.4691428571428572e-06
2016-02-17 10:13:00,606.484,0.177658,0.148848,0.1021512,0.0681288,0.0586446,0.0329326,2.736235294117647e-08,1.3448857142857145e-06
2016-02-17 10:14:00,613.072,0.191794,0.162984,0.1159755999999999,0.0740854,0.0624078,0.0368388,2.5707058823529413e-08,1.2545142857142858e-06
2016-02-17 10:15:00,619.66,0.20593,0.17712,0.1298,0.080042,0.066171,0.040745,2.4732941176470588e-08,1.1912714285714286e-06
2016-02-17 10:16:00,632.04,0.234588,0.176996,0.1160796,0.0741614,0.062476,0.0383968,2.1903529411764703e-08,1.136271428571429e-06
2016-02-17 10:17:00,644.42,0.263246,0.176872,0.1023592,0.0682808,0.058781,0.0360486,2.1344705882352943e-08,1.0937285714285716e-06
2016-02-17 10:18:00,656.8,0.291904,0.176748,0.0886388,0.0624002,0.0550859999999999,0.0337004,2.0281176470588243e-08,1.0644571428571428e-06
2016-02-17 10:19:00,669.18,0.320562,0.176624,0.0749184,0.0565196,0.051391,0.0313522,2.0041176470588242e-08,1.068671428571429e-06
2016-02-17 10:20:00,681.56,0.34922,0.1765,0.061198,0.050639,0.047696,0.029004,2.0569411764705883e-08,1.0663e-06
2016-02-17 10:21:00,694.2059999999999,0.3084079999999999,0.16447,0.0630754,0.0525444,0.0496092,0.0324341999999999,3.188470588235294e-08,1.1773857142857144e-06
2016-02-17 10:22:00,706.852,0.267596,0.15244,0.0649528,0.0544498,0.0515224,0.0358644,3.821882352941177e-08,1.305371428571429e-06
2016-02-17 10:23:00,719.4979999999999,0.2267839999999999,0.1404099999999999,0.0668301999999999,0.0563552,0.0534356,0.0392946,2.336e-08,1.1116857142857143e-06
2016-02-17 10:24:00,732.144,0.185972,0.12838,0.0687076,0.0582605999999999,0.0553488,0.0427248,2.214117647058824e-08,1.0341714285714286e-06
2016-02-17 10:25:00,744.79,0.14516,0.11635,0.070585,0.060166,0.057262,0.046155,2.207529411764705e-08,1.0136e-06
2016-02-17 10:26:00,742.934,0.168822,0.1134459999999999,0.0670254,0.0566064,0.0537024,0.0411668,2.8475294117647066e-08,1.0851714285714289e-06
2016-02-17 10:27:00,741.078,0.192484,0.110542,0.0634658,0.0530468,0.0501428,0.0361786,2.1144705882352944e-08,1.0167714285714286e-06
2016-02-17 10:28:00,739.222,0.216146,0.107638,0.0599062,0.0494872,0.0465832,0.0311904,1.899764705882353e-08,9.553857142857142e-07
2016-02-17 10:29:00,737.366,0.239808,0.104734,0.0563466,0.0459276,0.0430235999999999,0.0262022,1.8531764705882362e-08,9.523714285714284e-07
2016-02-17 10:30:00,735.51,0.26347,0.10183,0.052787,0.042368,0.039464,0.021214,1.7430588235294123e-08,9.462428571428572e-07
2016-02-17 10:31:00,738.754,0.23634,0.1012664,0.0528792,0.0424602,0.0395562,0.021214,1.6760000000000006e-08,9.348e-07
2016-02-17 10:32:00,741.998,0.2092099999999999,0.1007028,0.0529714,0.0425524,0.0396484,0.021214,1.7712941176470592e-08,9.373142857142858e-07
2016-02-17 10:33:00,745.242,0.18208,0.1001392,0.0530635999999999,0.0426446,0.0397406,0.021214,1.4482352941176472e-08,9.367714285714286e-07
2016-02-17 10:34:00,748.486,0.1549499999999999,0.0995756,0.0531557999999999,0.0427368,0.0398328,0.021214,2.121176470588236e-08,9.942000000000002e-07
2016-02-17 10:35:00,751.73,0.12782,0.099012,0.053248,0.042829,0.039925,0.021214,1.7712941176470592e-08,9.625714285714286e-07
2016-02-17 10:36:00,738.114,0.146064,0.1173556,0.0725444,0.0526112,0.0471502,0.0255678,1.6316470588235294e-08,9.454428571428572e-07
2016-02-17 10:37:00,724.498,0.164308,0.1356992,0.0918408,0.0623934,0.0543754,0.0299216,1.6096470588235293e-08,9.329571428571428e-07
2016-02-17 10:38:00,710.882,0.182552,0.1540428,0.1111371999999999,0.0721756,0.0616006,0.0342754,1.4767058823529412e-08,9.145571428571428e-07
2016-02-17 10:39:00,697.266,0.200796,0.1723864,0.1304336,0.0819578,0.0688257999999999,0.0386292,1.5343529411764706e-08,9.025142857142856e-07
2016-02-17 10:40:00,683.65,0.21904,0.19073,0.14973,0.09174,0.076051,0.042983,1.640235294117647e-08,8.933714285714287e-07
2016-02-17 10:41:00,674.46,0.221104,0.177648,0.1366154,0.0881116,0.0749717999999999,0.0436796,1.5874117647058826e-08,8.871285714285715e-07
2016-02-17 10:42:00,665.27,0.223168,0.164566,0.1235008,0.0844832,0.0738925999999999,0.0443762,1.6849411764705884e-08,8.752428571428572e-07
2016-02-17 10:43:00,656.08,0.225232,0.151484,0.1103862,0.0808548,0.0728134,0.0450728,1.5310588235294118e-08,8.653857142857143e-07
2016-02-17 10:44:00,646.89,0.227296,0.138402,0.0972716,0.0772264,0.0717342,0.0457694,1.7336470588235296e-08,8.759142857142858e-07
2016-02-17 10:45:00,637.7,0.22936,0.12532,0.084157,0.073598,0.070655,0.046466,1.5143529411764704e-08,8.69557142857143e-07
2016-02-17 10:46:00,626.456,0.20896,0.1199662,0.077883,0.067352,0.0644168,0.0423496,8.824705882352942e-09,8.518e-07
2016-02-17 10:47:00,615.212,0.18856,0.1146123999999999,0.0716089999999999,0.061106,0.0581786,0.0382332,1.2176470588235297e-08,8.478142857142858e-07
2016-02-17 10:48:00,603.9680000000001,0.16816,0.1092586,0.065335,0.05486,0.0519404,0.0341168,1.2996470588235294e-08,8.411142857142858e-07
2016-02-17 10:49:00,592.724,0.14776,0.1039047999999999,0.059061,0.048614,0.0457022,0.0300004,1.5365882352941178e-08,8.625285714285714e-07
2016-02-17 10:50:00,581.48,0.12736,0.098551,0.052787,0.042368,0.039464,0.025884,1.8628235294117648e-08,8.98857142857143e-07
2016-02-17 10:51:00,584.436,0.126468,0.0977578,0.05333,0.042883,0.0399712,0.0253686,1.6738823529411767e-08,9.036857142857142e-07
2016-02-17 10:52:00,587.392,0.125576,0.0969646,0.053873,0.043398,0.0404784,0.0248532,1.3394117647058825e-08,8.754142857142858e-07
2016-02-17 10:53:00,590.348,0.124684,0.0961714,0.054416,0.043913,0.0409856,0.0243378,1.0836941176470589e-08,8.464571428571428e-07
2016-02-17 10:54:00,593.304,0.123792,0.0953782,0.054959,0.0444279999999999,0.0414928,0.0238224,1.1423764705882352e-08,8.264e-07
2016-02-17 10:55:00,596.26,0.1229,0.094585,0.055502,0.044943,0.042,0.023307,1.2730588235294117e-08,8.16357142857143e-07
2016-02-17 10:56:00,585.2,0.12607,0.097756,0.0585784,0.0456356,0.0420282,0.023307,1.3277647058823533e-08,8.230142857142858e-07
2016-02-17 10:57:00,574.14,0.12924,0.100927,0.0616548,0.0463282,0.0420564,0.023307,1.3970588235294118e-08,8.322571428571429e-07
2016-02-17 10:58:00,563.08,0.13241,0.104098,0.0647312,0.0470207999999999,0.0420846,0.023307,1.4878823529411764e-08,8.531571428571429e-07
2016-02-17 10:59:00,552.02,0.13558,0.107269,0.0678076,0.0477133999999999,0.0421128,0.023307,1.6561176470588234e-08,8.714e-07
2016-02-17 11:00:00,540.96,0.13875,0.11044,0.070884,0.048406,0.042141,0.023307,1.869294117647059e-08,8.915857142857144e-07
2016-02-17 11:01:00,537.082,0.170488,0.121844,0.07278,0.0508672,0.0447597999999999,0.0259324,3.0290588235294123e-08,1.0117571428571429e-06
2016-02-17 11:02:00,533.2040000000001,0.202226,0.133248,0.074676,0.0533284,0.0473786,0.0285578,6.354e-08,1.269557142857143e-06
2016-02-17 11:03:00,529.326,0.233964,0.144652,0.076572,0.0557896,0.0499974,0.0311832,8.561647058823529e-08,1.468857142857143e-06
2016-02-17 11:04:00,525.4480000000001,0.265702,0.156056,0.078468,0.0582508,0.0526162,0.0338086,7.817764705882353e-08,1.5645714285714285e-06
2016-02-17 11:05:00,521.57,0.29744,0.16746,0.080364,0.060712,0.055235,0.036434,6.266588235294118e-08,1.5372857142857143e-06
2016-02-17 11:06:00,524.076,0.278782,0.163774,0.0850212,0.0597262,0.0526764,0.0338086,5.053058823529413e-08,1.4484285714285715e-06
2016-02-17 11:07:00,526.582,0.2601239999999999,0.160088,0.0896784,0.0587404,0.0501178,0.0311832,3.9649411764705886e-08,1.3159428571428573e-06
2016-02-17 11:08:00,529.0880000000001,0.241466,0.1564019999999999,0.0943356,0.0577546,0.0475591999999999,0.0285578,2.7898823529411765e-08,1.2289142857142858e-06
2016-02-17 11:09:00,531.594,0.222808,0.152716,0.0989928,0.0567688,0.0450006,0.0259324,2.384705882352941e-08,1.1636714285714286e-06
2016-02-17 11:10:00,534.1,0.20415,0.14903,0.10365,0.055783,0.042442,0.023307,2.2845882352941176e-08,1.0956714285714286e-06
2016-02-17 11:11:00,528.852,0.190524,0.140766,0.0966458,0.0562403999999999,0.044979,0.0259324,1.9683529411764707e-08,1.0366857142857144e-06
2016-02-17 11:12:00,523.604,0.176898,0.132502,0.0896416,0.0566978,0.047516,0.0285578,1.9018823529411765e-08,1.0023857142857144e-06
2016-02-17 11:13:00,518.356,0.163272,0.124238,0.0826374,0.0571551999999999,0.050053,0.0311832,1.9656470588235293e-08,9.724428571428571e-07
2016-02-17 11:14:00,513.1080000000001,0.149646,0.115974,0.0756332,0.0576126,0.05259,0.0338086,1.4811764705882354e-08,9.408285714285716e-07
2016-02-17 11:15:00,507.86,0.13602,0.10771,0.068629,0.05807,0.055127,0.036434,1.631764705882353e-08,9.170714285714284e-07
2016-02-17 11:16:00,506.958,0.133864,0.1055544,0.0664589999999999,0.055547,0.0525056,0.0338086,1.5896470588235295e-08,8.963285714285714e-07
2016-02-17 11:17:00,506.056,0.131708,0.1033988,0.064289,0.053024,0.0498842,0.0311832,1.4604705882352942e-08,8.935285714285714e-07
2016-02-17 11:18:00,505.154,0.129552,0.1012432,0.0621189999999999,0.050501,0.0472628,0.0285578,1.649529411764706e-08,8.986714285714285e-07
2016-02-17 11:19:00,504.252,0.1273959999999999,0.0990876,0.0599489999999999,0.047978,0.0446414,0.0259324,1.2154117647058825e-08,8.821000000000001e-07
2016-02-17 11:20:00,503.35,0.12524,0.096932,0.057779,0.045455,0.04202,0.023307,1.6872941176470592e-08,8.954714285714286e-07
2016-02-17 11:21:00,510.43,0.1341099999999999,0.1057016,0.0583587999999999,0.0464158,0.043087,0.0274762,2.1676470588235297e-08,9.165714285714288e-07
2016-02-17 11:22:00,517.51,0.14298,0.1144712,0.0589386,0.0473766,0.044154,0.0316454,2.4688235294117647e-08,9.722714285714289e-07
2016-02-17 11:23:00,524.59,0.1518499999999999,0.1232408,0.0595184,0.0483374,0.045221,0.0358146,2.8989411764705882e-08,1.0153e-06
2016-02-17 11:24:00,531.67,0.1607199999999999,0.1320104,0.0600982,0.0492982,0.046288,0.0399838,3.0667058823529415e-08,1.0525857142857143e-06
2016-02-17 11:25:00,538.75,0.16959,0.14078,0.060678,0.050259,0.047355,0.044153,2.7743529411764704e-08,1.035514285714286e-06
2016-02-17 11:26:00,541.518,0.167818,0.1391079999999999,0.0669278,0.0504974,0.046333,0.0399838,2.6548235294117645e-08,1.0137714285714286e-06
2016-02-17 11:27:00,544.2860000000001,0.166046,0.137436,0.0731776,0.0507358,0.045311,0.0358146,2.2738823529411764e-08,9.785857142857145e-07
2016-02-17 11:28:00,547.054,0.164274,0.135764,0.0794274,0.0509742,0.044289,0.0316454,2.001529411764706e-08,9.542142857142857e-07
2016-02-17 11:29:00,549.822,0.162502,0.134092,0.0856772,0.0512126,0.043267,0.0274762,1.738e-08,9.555428571428571e-07
2016-02-17 11:30:00,552.59,0.16073,0.13242,0.091927,0.051451,0.042245,0.023307,1.933529411764706e-08,9.71642857142857e-07
2016-02-17 11:31:00,531.716,0.187282,0.154456,0.0841912,0.0497265999999999,0.041781,0.0228884,2.725647058823529e-08,1.038857142857143e-06
2016-02-17 11:32:00,510.842,0.213834,0.176492,0.0764553999999999,0.0480021999999999,0.041317,0.0224698,3.744352941176471e-08,1.1981285714285714e-06
2016-02-17 11:33:00,489.968,0.240386,0.198528,0.0687195999999999,0.0462777999999999,0.040853,0.0220512,8.08129411764706e-08,1.5392857142857145e-06
2016-02-17 11:34:00,469.0940000000001,0.266938,0.220564,0.0609838,0.0445534,0.040389,0.0216326,1.119164705882353e-07,1.8318571428571429e-06
2016-02-17 11:35:00,448.22,0.29349,0.2426,0.053248,0.042829,0.039925,0.021214,8.145529411764707e-08,1.7314285714285716e-06
2016-02-17 11:36:00,445.482,0.2633999999999999,0.216926,0.0562304,0.0442682,0.040934,0.026111,4.836e-08,1.49e-06
2016-02-17 11:37:00,442.744,0.23331,0.191252,0.0592127999999999,0.0457074,0.041943,0.031008,3.934941176470589e-08,1.3193428571428571e-06
2016-02-17 11:38:00,440.006,0.2032199999999999,0.165578,0.0621952,0.0471466,0.042952,0.035905,3.268235294117647e-08,1.2254000000000002e-06
2016-02-17 11:39:00,437.268,0.17313,0.139904,0.0651776,0.0485858,0.043961,0.040802,2.4467058823529413e-08,1.1315428571428572e-06
2016-02-17 11:40:00,434.53,0.14304,0.11423,0.06816,0.050025,0.04497,0.045699,2.064117647058824e-08,1.0728714285714288e-06
2016-02-17 11:41:00,450.34,0.15703,0.12822,0.0728412,0.0562494,0.0516246,0.040802,1.8864705882352943e-08,1.0315000000000002e-06
2016-02-17 11:42:00,466.15,0.17102,0.14221,0.0775223999999999,0.0624737999999999,0.0582792,0.035905,1.8930588235294123e-08,9.903428571428572e-07
2016-02-17 11:43:00,481.96,0.18501,0.1562,0.0822035999999999,0.0686982,0.0649338,0.0310079999999999,1.552e-08,9.62414285714286e-07
2016-02-17 11:44:00,497.77,0.199,0.17019,0.0868848,0.0749226,0.0715884,0.026111,1.606e-08,9.399428571428572e-07
2016-02-17 11:45:00,513.58,0.21299,0.18418,0.091566,0.081147,0.078243,0.021214,1.8044705882352943e-08,9.145571428571428e-07
2016-02-17 11:46:00,509.78,0.210034,0.181324,0.0980808,0.0876335999999999,0.0847223999999999,0.0260424,1.802235294117647e-08,9.306285714285716e-07
2016-02-17 11:47:00,505.98,0.207078,0.178468,0.1045956,0.0941202,0.0912018,0.0308708,1.689529411764706e-08,9.224714285714286e-07
2016-02-17 11:48:00,502.18,0.204122,0.175612,0.1111104,0.1006068,0.0976812,0.0356992,1.631764705882353e-08,8.841142857142858e-07
2016-02-17 11:49:00,498.38,0.201166,0.172756,0.1176252,0.1070934,0.1041605999999999,0.0405276,2.3736470588235297e-08,9.239285714285716e-07
2016-02-17 11:50:00,494.58,0.19821,0.1699,0.12414,0.11358,0.11064,0.045356,4.57929411764706e-08,1.0992285714285711e-06
2016-02-17 11:51:00,494.216,0.18404,0.1556302,0.1098694,0.0993376,0.0964048,0.0409664,5.4827058823529415e-08,1.201814285714286e-06
2016-02-17 11:52:00,493.852,0.16987,0.1413604,0.0955988,0.0850952,0.0821696,0.0365768,5.1837647058823534e-08,1.2212142857142858e-06
2016-02-17 11:53:00,493.488,0.1557,0.1270906,0.0813282,0.0708528,0.0679344,0.0321872,4.7807058823529415e-08,1.1991285714285714e-06
2016-02-17 11:54:00,493.124,0.14153,0.1128208,0.0670576,0.0566104,0.0536992,0.0277976,4.194e-08,1.1695857142857142e-06
2016-02-17 11:55:00,492.76,0.12736,0.098551,0.052787,0.042368,0.039464,0.023408,3.7598823529411776e-08,1.1173285714285714e-06
2016-02-17 11:56:00,498.338,0.14071,0.1119028,0.053769,0.042589,0.039473,0.0229692,3.2394117647058824e-08,1.0832e-06
2016-02-17 11:57:00,503.916,0.15406,0.1252546,0.054751,0.04281,0.039482,0.0225304,3.1622352941176474e-08,1.0613857142857143e-06
2016-02-17 11:58:00,509.494,0.16741,0.1386064,0.055733,0.043031,0.039491,0.0220916,2.4909411764705885e-08,1.0308285714285717e-06
2016-02-17 11:59:00,515.072,0.18076,0.1519582,0.056715,0.043252,0.0395,0.0216528,2.1764705882352946e-08,9.875e-07
2016-02-17 12:00:00,520.65,0.19411,0.16531,0.057697,0.043473,0.039509,0.021214,2.079058823529412e-08,9.451142857142858e-07
2016-02-17 12:01:00,529.334,0.231594,0.18123,0.0831216,0.0621704,0.0563312,0.0268478,2.0812941176470596e-08,9.386571428571428e-07
2016-02-17 12:02:00,538.018,0.269078,0.19715,0.1085462,0.0808677999999999,0.0731534,0.0324816,2.1964705882352944e-08,9.463428571428572e-07
2016-02-17 12:03:00,546.702,0.306562,0.21307,0.1339708,0.0995651999999999,0.0899756,0.0381154,2.7124705882352946e-08,1.0239714285714287e-06
2016-02-17 12:04:00,555.3860000000001,0.3440459999999999,0.22899,0.1593954,0.1182626,0.1067978,0.0437492,3.455529411764706e-08,1.1256e-06
2016-02-17 12:05:00,564.07,0.38153,0.24491,0.18482,0.13696,0.12362,0.049383,2.6658823529411772e-08,1.0795142857142858e-06
2016-02-17 12:06:00,577.1020000000001,0.399568,0.253212,0.1633268,0.1191478,0.1068337999999999,0.046726,2.4134117647058825e-08,1.0191142857142857e-06
2016-02-17 12:07:00,590.134,0.417606,0.261514,0.1418336,0.1013356,0.0900476,0.044069,2.2438823529411768e-08,9.435e-07
2016-02-17 12:08:00,603.166,0.435644,0.269816,0.1203404,0.0835234,0.0732614,0.041412,1.944e-08,9.112142857142856e-07
2016-02-17 12:09:00,616.198,0.453682,0.278118,0.0988472,0.0657112,0.0564752,0.038755,1.8554117647058824e-08,8.780857142857143e-07
2016-02-17 12:10:00,629.23,0.47172,0.28642,0.077354,0.047899,0.039689,0.036098,1.742470588235294e-08,8.555e-07
2016-02-17 12:11:00,640.698,0.4316439999999999,0.257846,0.0791882,0.0535124,0.0463558,0.0355329999999999,1.8522352941176472e-08,8.370857142857144e-07
2016-02-17 12:12:00,652.166,0.391568,0.229272,0.0810224,0.0591258,0.0530226,0.034968,1.7557647058823527e-08,8.332571428571428e-07
2016-02-17 12:13:00,663.634,0.351492,0.200698,0.0828566,0.0647392,0.0596894,0.0344029999999999,2.0968235294117647e-08,8.200428571428572e-07
2016-02-17 12:14:00,675.1020000000001,0.311416,0.172124,0.0846908,0.0703526,0.0663562,0.033838,1.798705882352941e-08,8.024714285714287e-07
2016-02-17 12:15:00,686.57,0.27134,0.14355,0.086525,0.075966,0.073023,0.033273,1.6804705882352943e-08,7.802142857142857e-07
2016-02-17 12:16:00,690.1800000000001,0.272046,0.134116,0.0803204,0.0697614,0.0668184,0.0312797999999999,1.4545882352941178e-08,7.524428571428572e-07
2016-02-17 12:17:00,693.7900000000001,0.272752,0.124682,0.0741158,0.0635568,0.0606138,0.0292866,1.24e-08,7.326142857142858e-07
2016-02-17 12:18:00,697.4,0.273458,0.115248,0.0679112,0.0573522,0.0544092,0.0272934,1.4014117647058825e-08,7.484285714285715e-07
2016-02-17 12:19:00,701.01,0.274164,0.1058139999999999,0.0617066,0.0511476,0.0482046,0.0253002,1.4501176470588237e-08,7.650000000000001e-07
2016-02-17 12:20:00,704.62,0.27487,0.09638,0.055502,0.044943,0.042,0.023307,1.567529411764706e-08,7.701857142857144e-07
2016-02-17 12:21:00,668.41,0.251934,0.1034799999999999,0.0629604,0.0524014,0.0494584,0.0257028,1.1414823529411768e-08,7.596285714285714e-07
2016-02-17 12:22:00,632.2,0.228998,0.11058,0.0704188,0.0598598,0.0569168,0.0280986,1.3970588235294118e-08,7.591428571428572e-07
2016-02-17 12:23:00,595.99,0.206062,0.1176799999999999,0.0778772,0.0673182,0.0643752,0.0304943999999999,1.567529411764706e-08,7.700142857142858e-07
2016-02-17 12:24:00,559.78,0.183126,0.12478,0.0853356,0.0747766,0.0718336,0.0328901999999999,1.3362352941176473e-08,7.914857142857143e-07
2016-02-17 12:25:00,523.57,0.16019,0.13188,0.092794,0.082235,0.079292,0.035286,1.428e-08,8.135142857142857e-07
2016-02-17 12:26:00,561.3580000000001,0.1993059999999999,0.1709959999999999,0.1059212,0.088354,0.0834576,0.0444322,1.7025882352941177e-08,8.207e-07
2016-02-17 12:27:00,599.1460000000001,0.238422,0.210112,0.1190484,0.094473,0.0876232,0.0535784,1.837176470588236e-08,8.573000000000001e-07
2016-02-17 12:28:00,636.934,0.277538,0.249228,0.1321756,0.100592,0.0917888,0.0627246,2.0812941176470596e-08,8.891285714285715e-07
2016-02-17 12:29:00,674.722,0.316654,0.288344,0.1453027999999999,0.106711,0.0959544,0.0718708,2.462235294117647e-08,9.149e-07
2016-02-17 12:30:00,712.51,0.35577,0.32746,0.15843,0.11283,0.10012,0.081017,3.812941176470588e-08,1.0288285714285716e-06
2016-02-17 12:31:00,700.322,0.3193439999999999,0.2910339999999999,0.1449232,0.1063314,0.0955748,0.074876,5.709529411764706e-08,1.229257142857143e-06
2016-02-17 12:32:00,688.134,0.282918,0.2546079999999999,0.1314164,0.0998328,0.0910296,0.068735,6.83129411764706e-08,1.3788142857142856e-06
2016-02-17 12:33:00,675.946,0.246492,0.218182,0.1179096,0.0933342,0.0864844,0.062594,7.82329411764706e-08,1.4848571428571428e-06
2016-02-17 12:34:00,663.758,0.2100659999999999,0.1817559999999999,0.1044028,0.0868356,0.0819392,0.056453,8.421764705882356e-08,1.5527142857142855e-06
2016-02-17 12:35:00,651.57,0.17364,0.14533,0.090896,0.080337,0.077394,0.050312,8.756705882352944e-08,1.5834285714285715e-06
2016-02-17 12:36:00,659.4060000000001,0.1709159999999999,0.142506,0.089806,0.079275,0.0763398,0.05038,1.0032235294117649e-07,1.6824285714285715e-06
2016-02-17 12:37:00,667.2420000000001,0.1681919999999999,0.139682,0.088716,0.078213,0.0752856,0.050448,1.0412470588235297e-07,1.736142857142857e-06
2016-02-17 12:38:00,675.078,0.165468,0.1368579999999999,0.087626,0.077151,0.0742314,0.050516,1.0674470588235293e-07,1.8204285714285715e-06
2016-02-17 12:39:00,682.914,0.162744,0.134034,0.086536,0.076089,0.0731772,0.050584,1.1197058823529412e-07,1.9031428571428567e-06
2016-02-17 12:40:00,690.75,0.16002,0.13121,0.085446,0.075027,0.072123,0.050652,1.1228e-07,1.953e-06
2016-02-17 12:41:00,720.336,0.171612,0.1428019999999999,0.087924,0.0775048,0.0746008,0.0489494,1.0014352941176472e-07,1.916285714285714e-06
2016-02-17 12:42:00,749.922,0.183204,0.154394,0.090402,0.0799826,0.0770786,0.0472468,8.610588235294117e-08,1.8447142857142857e-06
2016-02-17 12:43:00,779.508,0.194796,0.165986,0.09288,0.0824603999999999,0.0795564,0.0455442,7.862117647058824e-08,1.7685714285714288e-06
2016-02-17 12:44:00,809.0939999999999,0.206388,0.177578,0.095358,0.0849381999999999,0.0820342,0.0438416,7.10529411764706e-08,1.7104285714285715e-06
2016-02-17 12:45:00,838.68,0.21798,0.18917,0.097836,0.087416,0.084512,0.042139,6.457058823529412e-08,1.6581428571428572e-06
2016-02-17 12:46:00,866.18,0.205552,0.176842,0.0959574,0.0855095999999999,0.0825978,0.044961,5.8547058823529424e-08,1.5887142857142857e-06
2016-02-17 12:47:00,893.68,0.193124,0.164514,0.0940788,0.0836031999999999,0.0806836,0.047783,5.436117647058824e-08,1.561e-06
2016-02-17 12:48:00,921.18,0.180696,0.152186,0.0922002,0.0816968,0.0787694,0.050605,5.1530588235294134e-08,1.5394285714285716e-06
2016-02-17 12:49:00,948.68,0.168268,0.139858,0.0903216,0.0797904,0.0768552,0.053427,4.837058823529413e-08,1.5061428571428572e-06
2016-02-17 12:50:00,976.18,0.15584,0.12753,0.088443,0.077884,0.074941,0.056249,4.643411764705882e-08,1.4735714285714286e-06
2016-02-17 12:51:00,977.226,0.161342,0.133032,0.0869569999999999,0.076398,0.0734549999999999,0.0547628,4.427294117647059e-08,1.4601428571428571e-06
2016-02-17 12:52:00,978.272,0.166844,0.138534,0.0854709999999999,0.0749119999999999,0.0719689999999999,0.0532766,4.495058823529413e-08,1.430714285714286e-06
2016-02-17 12:53:00,979.318,0.172346,0.144036,0.083985,0.073426,0.070483,0.0517904,4.68329411764706e-08,1.3935285714285716e-06
2016-02-17 12:54:00,980.364,0.177848,0.149538,0.082499,0.07194,0.068997,0.0503042,4.7848235294117664e-08,1.403757142857143e-06
2016-02-17 12:55:00,981.41,0.18335,0.15504,0.081013,0.070454,0.067511,0.048818,4.5681176470588246e-08,1.405914285714286e-06
2016-02-17 12:56:00,986.808,0.191256,0.162946,0.0959084,0.0853492,0.0824048,0.0501394,4.4308235294117647e-08,1.3686000000000003e-06
2016-02-17 12:57:00,992.206,0.199162,0.170852,0.1108038,0.1002444,0.0972986,0.0514608,3.943647058823529e-08,1.3421714285714287e-06
2016-02-17 12:58:00,997.604,0.207068,0.178758,0.1256992,0.1151396,0.1121924,0.0527822,3.6352941176470585e-08,1.3400285714285714e-06
2016-02-17 12:59:00,1003.002,0.214974,0.186664,0.1405946,0.1300348,0.1270861999999999,0.0541036,3.8351764705882354e-08,1.3036857142857143e-06
2016-02-17 13:00:00,1008.4,0.22288,0.19457,0.15549,0.14493,0.14198,0.055425,4.221411764705884e-08,1.2949857142857143e-06
2016-02-17 13:01:00,1017.04,0.219084,0.186114,0.1461879999999999,0.1355164,0.1325364,0.0595526,3.6947058823529416e-08,1.2763142857142855e-06
2016-02-17 13:02:00,1025.6799999999998,0.215288,0.177658,0.1368859999999999,0.1261028,0.1230928,0.0636802,3.6778823529411766e-08,1.2953285714285717e-06
2016-02-17 13:03:00,1034.32,0.2114919999999999,0.169202,0.1275839999999999,0.1166892,0.1136491999999999,0.0678078,4.023294117647059e-08,1.3003428571428572e-06
2016-02-17 13:04:00,1042.96,0.207696,0.160746,0.118282,0.1072756,0.1042056,0.0719354,3.864352941176472e-08,1.2931428571428573e-06
2016-02-17 13:05:00,1051.6,0.2039,0.15229,0.10898,0.097862,0.094762,0.076063,3.5882352941176473e-08,1.2845714285714286e-06
2016-02-17 13:06:00,1112.4199999999998,0.215272,0.152788,0.1061318,0.0933772,0.0898214,0.0714762,3.638e-08,1.2637142857142858e-06
2016-02-17 13:07:00,1173.24,0.2266439999999999,0.153286,0.1032836,0.0888924,0.0848807999999999,0.0668894,3.580470588235294e-08,1.2592000000000002e-06
2016-02-17 13:08:00,1234.06,0.238016,0.153784,0.1004354,0.0844076,0.0799401999999999,0.0623026,3.481176470588235e-08,1.2454285714285715e-06
2016-02-17 13:09:00,1294.88,0.249388,0.154282,0.0975872,0.0799228,0.0749996,0.0577158,3.38564705882353e-08,1.2270714285714287e-06
2016-02-17 13:10:00,1355.7,0.26076,0.15478,0.094739,0.075438,0.070059,0.053129,3.7952941176470586e-08,1.260357142857143e-06
2016-02-17 13:11:00,1366.68,0.2363579999999999,0.145912,0.089968,0.0700316,0.0644754,0.0471646,4.166235294117648e-08,1.2860285714285716e-06
2016-02-17 13:12:00,1377.66,0.211956,0.137044,0.085197,0.0646252,0.0588917999999999,0.0412002,4.1495294117647056e-08,1.3130571428571429e-06
2016-02-17 13:13:00,1388.64,0.187554,0.128176,0.080426,0.0592188,0.0533082,0.0352358,4.468470588235295e-08,1.3649285714285716e-06
2016-02-17 13:14:00,1399.62,0.163152,0.119308,0.075655,0.0538123999999999,0.0477246,0.0292714,4.140470588235295e-08,1.3174e-06
2016-02-17 13:15:00,1410.6,0.13875,0.11044,0.070884,0.048406,0.042141,0.023307,3.443176470588236e-08,1.2168714285714286e-06
2016-02-17 13:16:00,1415.4,0.143158,0.1148479999999999,0.0753866,0.0552924,0.0496917999999999,0.030886,2.8696470588235297e-08,1.144757142857143e-06
2016-02-17 13:17:00,1420.1999999999998,0.147566,0.1192559999999999,0.0798892,0.0621787999999999,0.0572426,0.038465,2.6216470588235294e-08,1.0934e-06
2016-02-17 13:18:00,1425.0,0.151974,0.123664,0.0843917999999999,0.0690652,0.0647934,0.046044,2.522235294117648e-08,1.0555714285714288e-06
2016-02-17 13:19:00,1429.8,0.156382,0.128072,0.0888944,0.0759516,0.0723442,0.053623,2.245176470588236e-08,1.0187857142857143e-06
2016-02-17 13:20:00,1434.6,0.16079,0.13248,0.093397,0.082838,0.079895,0.061202,2.1101176470588243e-08,9.681e-07
2016-02-17 13:21:00,1379.86,0.182234,0.1278379999999999,0.0867616,0.0762306,0.0732954,0.0569868,1.907764705882353e-08,9.477e-07
2016-02-17 13:22:00,1325.12,0.203678,0.123196,0.0801262,0.0696232,0.0666958,0.0527716,1.9417647058823532e-08,9.274428571428572e-07
2016-02-17 13:23:00,1270.38,0.225122,0.1185539999999999,0.0734908,0.0630158,0.0600961999999999,0.0485564,1.8930588235294123e-08,9.145571428571428e-07
2016-02-17 13:24:00,1215.64,0.246566,0.113912,0.0668554,0.0564084,0.0534966,0.0443412,1.3217647058823533e-08,8.941428571428573e-07
2016-02-17 13:25:00,1160.9,0.26801,0.10927,0.06022,0.049801,0.046897,0.040126,1.552470588235294e-08,8.844714285714286e-07
2016-02-17 13:26:00,1142.54,0.246566,0.113912,0.0668554,0.0564084,0.0534966,0.0443412,1.7048235294117653e-08,8.603571428571429e-07
2016-02-17 13:27:00,1124.18,0.225122,0.1185539999999999,0.0734908,0.0630158,0.0600962,0.0485564,1.6295294117647062e-08,8.371000000000001e-07
2016-02-17 13:28:00,1105.82,0.203678,0.123196,0.0801262,0.0696232,0.0666958,0.0527716,1.6295294117647062e-08,8.175142857142857e-07
2016-02-17 13:29:00,1087.46,0.182234,0.1278379999999999,0.0867616,0.0762306,0.0732954,0.0569868,1.2863529411764706e-08,8.044857142857143e-07
2016-02-17 13:30:00,1069.1,0.16079,0.13248,0.093397,0.082838,0.079895,0.061202,1.5896470588235295e-08,7.999571428571428e-07
2016-02-17 13:31:00,1097.82,0.159574,0.129914,0.0892694,0.0787384,0.0758032,0.0548584,1.4497647058823532e-08,7.853285714285715e-07
2016-02-17 13:32:00,1126.54,0.158358,0.127348,0.0851418,0.0746387999999999,0.0717114,0.0485148,1.3571764705882353e-08,7.748714285714286e-07
2016-02-17 13:33:00,1155.26,0.1571419999999999,0.124782,0.0810142,0.0705392,0.0676196,0.0421712,1.5343529411764706e-08,7.496e-07
2016-02-17 13:34:00,1183.98,0.1559259999999999,0.122216,0.0768866,0.0664396,0.0635278,0.0358276,1.2110588235294115e-08,7.340428571428572e-07
2016-02-17 13:35:00,1212.7,0.15471,0.11965,0.072759,0.06234,0.059436,0.029484,1.3148235294117648e-08,7.246857142857142e-07
2016-02-17 13:36:00,1239.8,0.1483479999999999,0.114637,0.0693076,0.0588606,0.0559488,0.0282486,1.2397647058823533e-08,7.108e-07
2016-02-17 13:37:00,1266.9,0.141986,0.109624,0.0658562,0.0553812,0.0524616,0.0270132,1.3017647058823533e-08,7.032571428571429e-07
2016-02-17 13:38:00,1294.0,0.135624,0.104611,0.0624048,0.0519018,0.0489744,0.0257778,1.426235294117647e-08,6.946142857142858e-07
2016-02-17 13:39:00,1321.1,0.129262,0.099598,0.0589534,0.0484224,0.0454872,0.0245424,1.3017647058823533e-08,7.049428571428571e-07
2016-02-17 13:40:00,1348.2,0.1229,0.094585,0.055502,0.044943,0.042,0.023307,1.2287058823529412e-08,7.029285714285715e-07
2016-02-17 13:41:00,1356.78,0.12472,0.096404,0.0572678,0.0453405999999999,0.0420162,0.023307,1.2591764705882352e-08,7.153142857142858e-07
2016-02-17 13:42:00,1365.36,0.1265399999999999,0.098223,0.0590336,0.0457382,0.0420324,0.023307,1.4191764705882354e-08,7.211714285714286e-07
2016-02-17 13:43:00,1373.94,0.12836,0.1000419999999999,0.0607994,0.0461358,0.0420486,0.023307,1.492235294117647e-08,7.069428571428572e-07
2016-02-17 13:44:00,1382.52,0.13018,0.101861,0.0625652,0.0465334,0.0420648,0.023307,1.4701176470588236e-08,7.154714285714286e-07
2016-02-17 13:45:00,1391.1,0.132,0.10368,0.064331,0.046931,0.042081,0.023307,1.5396470588235294e-08,6.955857142857144e-07
2016-02-17 13:46:00,1462.1999999999998,0.138696,0.110376,0.0709946,0.0527686,0.0476884,0.0289046,1.512235294117647e-08,6.917142857142857e-07
2016-02-17 13:47:00,1533.3,0.145392,0.117072,0.0776582,0.0586062,0.0532958,0.0345022,1.3882352941176472e-08,7.149714285714286e-07
2016-02-17 13:48:00,1604.4,0.152088,0.123768,0.0843218,0.0644438,0.0589032,0.0400998,1.5396470588235294e-08,7.308285714285714e-07
2016-02-17 13:49:00,1675.5,0.1587839999999999,0.130464,0.0909854,0.0702814,0.0645106,0.0456974,1.366e-08,7.462571428571429e-07
2016-02-17 13:50:00,1746.6,0.16548,0.13716,0.097649,0.076119,0.070118,0.051295,1.428e-08,7.54957142857143e-07
2016-02-17 13:51:00,1846.98,0.157856,0.1294382,0.0886766,0.0693688,0.0639872,0.0501758,1.3172941176470589e-08,7.665e-07
2016-02-17 13:52:00,1947.36,0.150232,0.1217164,0.0797042,0.0626186,0.0578564,0.0490566,1.4668235294117649e-08,7.783857142857143e-07
2016-02-17 13:53:00,2047.74,0.142608,0.1139946,0.0707318,0.0558684,0.0517256,0.0479374,1.9129411764705885e-08,8.033142857142858e-07
2016-02-17 13:54:00,2148.12,0.134984,0.1062728,0.0617594,0.0491182,0.0455948,0.0468182,1.9949411764705885e-08,8.264e-07
2016-02-17 13:55:00,2248.5,0.12736,0.098551,0.052787,0.042368,0.039464,0.045699,1.9377647058823533e-08,8.09757142857143e-07
2016-02-17 13:56:00,2249.94,0.129434,0.1006248,0.0548606,0.0444416,0.0415376,0.0486712,2.0258823529411768e-08,8.483142857142857e-07
2016-02-17 13:57:00,2251.38,0.1315079999999999,0.1026986,0.0569342,0.0465152,0.0436112,0.0516434,2.2872941176470596e-08,8.734e-07
2016-02-17 13:58:00,2252.82,0.133582,0.1047724,0.0590078,0.0485888,0.0456848,0.0546156,1.9442352941176476e-08,8.673285714285714e-07
2016-02-17 13:59:00,2254.26,0.135656,0.1068462,0.0610814,0.0506623999999999,0.0477584,0.0575878,2.1234117647058826e-08,8.896285714285716e-07
2016-02-17 14:00:00,2255.7,0.13773,0.10892,0.063155,0.052736,0.049832,0.06056,2.138823529411765e-08,9.033571428571428e-07
2016-02-17 14:01:00,2307.8,0.143034,0.114324,0.069896,0.059449,0.0565372,0.0613812,1.955058823529412e-08,8.814285714285715e-07
2016-02-17 14:02:00,2359.9,0.148338,0.119728,0.076637,0.066162,0.0632424,0.0622024,1.7002352941176473e-08,8.307857142857143e-07
2016-02-17 14:03:00,2412.0,0.153642,0.125132,0.083378,0.072875,0.0699476,0.0630236,1.8952941176470588e-08,8.178571428571429e-07
2016-02-17 14:04:00,2464.1,0.158946,0.130536,0.090119,0.079588,0.0766528,0.0638448,2.036941176470588e-08,8.166857142857144e-07
2016-02-17 14:05:00,2516.2,0.16425,0.13594,0.09686,0.086301,0.083358,0.064666,1.837176470588236e-08,8.081428571428573e-07
2016-02-17 14:06:00,2599.42,0.175762,0.147452,0.094793,0.084234,0.081291,0.0583874,1.8155294117647057e-08,8.004571428571429e-07
2016-02-17 14:07:00,2682.64,0.187274,0.158964,0.092726,0.082167,0.079224,0.0521088,1.6982352941176473e-08,7.807285714285715e-07
2016-02-17 14:08:00,2765.86,0.198786,0.170476,0.090659,0.0801,0.077157,0.0458302,1.670235294117647e-08,7.66257142857143e-07
2016-02-17 14:09:00,2849.08,0.210298,0.181988,0.088592,0.078033,0.07509,0.0395516,1.543176470588235e-08,7.588142857142858e-07
2016-02-17 14:10:00,2932.3,0.22181,0.1935,0.086525,0.075966,0.073023,0.033273,1.6516470588235293e-08,7.466000000000001e-07
2016-02-17 14:11:00,3008.88,0.228602,0.182838,0.0890326,0.0784736,0.0755306,0.0340783999999999,1.4767058823529412e-08,7.574714285714286e-07
2016-02-17 14:12:00,3085.46,0.235394,0.172176,0.0915402,0.0809812,0.0780382,0.0348838,1.2891764705882353e-08,7.365000000000001e-07
2016-02-17 14:13:00,3162.04,0.242186,0.161514,0.0940478,0.0834888,0.0805458,0.0356892,1.4191764705882354e-08,7.250142857142857e-07
2016-02-17 14:14:00,3238.62,0.248978,0.150852,0.0965554,0.0859964,0.0830534,0.0364946,1.6694117647058823e-08,7.348857142857144e-07
2016-02-17 14:15:00,3315.2,0.25577,0.14019,0.099063,0.088504,0.085561,0.0373,1.646705882352941e-08,7.305142857142858e-07
2016-02-17 14:16:00,3314.62,0.25731,0.132518,0.0898078,0.0792768,0.0763416,0.0360076,1.6583529411764706e-08,7.303714285714287e-07
2016-02-17 14:17:00,3314.04,0.2588499999999999,0.124846,0.0805526,0.0700496,0.0671221999999999,0.0347152,1.6383529411764707e-08,7.280285714285714e-07
2016-02-17 14:18:00,3313.46,0.26039,0.117174,0.0712974,0.0608224,0.0579028,0.0334228,1.2078823529411763e-08,7.187000000000001e-07
2016-02-17 14:19:00,3312.88,0.26193,0.109502,0.0620422,0.0515952,0.0486834,0.0321304,1.2331764705882356e-08,6.923857142857144e-07
2016-02-17 14:20:00,3312.3,0.26347,0.10183,0.052787,0.042368,0.039464,0.030838,1.4236470588235297e-08,6.836857142857143e-07
2016-02-17 14:21:00,3322.02,0.253558,0.10842,0.0595346,0.0490876,0.0461758,0.031325,1.2663529411764706e-08,6.775000000000001e-07
2016-02-17 14:22:00,3331.74,0.2436459999999999,0.11501,0.0662822,0.0558072,0.0528876,0.031812,1.3727058823529412e-08,6.766571428571429e-07
2016-02-17 14:23:00,3341.46,0.233734,0.1216,0.0730298,0.0625268,0.0595994,0.032299,1.5652941176470592e-08,6.937285714285715e-07
2016-02-17 14:24:00,3351.1800000000003,0.223822,0.12819,0.0797774,0.0692464,0.0663112,0.0327859999999999,1.4834117647058825e-08,6.999142857142857e-07
2016-02-17 14:25:00,3360.9,0.21391,0.13478,0.086525,0.075966,0.073023,0.033273,1.2956470588235296e-08,6.839285714285715e-07
2016-02-17 14:26:00,3360.06,0.212052,0.142986,0.09523,0.0846988,0.0817644,0.033838,1.0205764705882353e-08,6.696428571428572e-07
2016-02-17 14:27:00,3359.22,0.210194,0.151192,0.103935,0.0934316,0.0905058,0.0344029999999999,9.475058823529412e-09,6.703142857142857e-07
2016-02-17 14:28:00,3358.38,0.208336,0.1593979999999999,0.11264,0.1021644,0.0992472,0.034968,1.2996470588235294e-08,6.673e-07
2016-02-17 14:29:00,3357.54,0.206478,0.167604,0.121345,0.1108972,0.1079886,0.0355329999999999,1.5075294117647062e-08,7.064142857142858e-07
2016-02-17 14:30:00,3356.7,0.20462,0.17581,0.13005,0.11963,0.11673,0.036098,1.5587058823529412e-08,7.128e-07
2016-02-17 14:31:00,3544.8,0.209916,0.17112,0.1234486,0.110237,0.106558,0.0331211999999999,1.3882352941176472e-08,6.994142857142857e-07
2016-02-17 14:32:00,3732.9,0.215212,0.16643,0.1168472,0.1008439999999999,0.096386,0.0301444,1.4411764705882354e-08,6.883000000000001e-07
2016-02-17 14:33:00,3921.0,0.2205079999999999,0.16174,0.1102458,0.0914509999999999,0.086214,0.0271676,1.1689411764705884e-08,6.826857142857143e-07
2016-02-17 14:34:00,4109.099999999999,0.225804,0.15705,0.1036444,0.0820579999999999,0.076042,0.0241908,1.1534470588235292e-08,6.800142857142857e-07
2016-02-17 14:35:00,4297.2,0.2311,0.15236,0.097043,0.072665,0.06587,0.021214,6.769764705882353e-09,6.852285714285715e-07
2016-02-17 14:36:00,4217.72,0.219856,0.151102,0.0976964,0.0761096,0.0700928,0.0256156,1.3217647058823533e-08,6.954e-07
2016-02-17 14:37:00,4138.24,0.208612,0.149844,0.0983498,0.0795541999999999,0.0743156,0.0300172,1.4081176470588236e-08,6.915571428571429e-07
2016-02-17 14:38:00,4058.76,0.197368,0.148586,0.0990032,0.0829988,0.0785384,0.0344188,1.1401529411764706e-08,6.800142857142857e-07
2016-02-17 14:39:00,3979.28,0.186124,0.147328,0.0996566,0.0864433999999999,0.0827612,0.0388204,1.4711764705882352e-08,6.894285714285716e-07
2016-02-17 14:40:00,3899.8,0.17488,0.14607,0.10031,0.089888,0.086984,0.043222,1.4058823529411764e-08,6.806857142857143e-07
2016-02-17 14:41:00,3969.52,0.21844,0.162312,0.105542,0.0950203999999999,0.0920872,0.045422,1.1755882352941176e-08,6.684714285714286e-07
2016-02-17 14:42:00,4039.24,0.262,0.178554,0.110774,0.1001528,0.0971904,0.047622,1.165035294117647e-08,6.666285714285714e-07
2016-02-17 14:43:00,4108.96,0.30556,0.194796,0.116006,0.1052852,0.1022936,0.049822,1.4701176470588236e-08,6.611e-07
2016-02-17 14:44:00,4178.679999999999,0.34912,0.211038,0.121238,0.1104176,0.1073968,0.052022,1.2929411764705884e-08,6.524e-07
2016-02-17 14:45:00,4248.4,0.39268,0.22728,0.12647,0.11555,0.1125,0.054222,1.1372e-08,6.6e-07
2016-02-17 14:46:00,4283.54,0.35728,0.202808,0.112321,0.1015012,0.0984804,0.0493888,1.2907058823529412e-08,6.731571428571429e-07
2016-02-17 14:47:00,4318.68,0.32188,0.178336,0.098172,0.0874524,0.0844608,0.0445556,1.1755882352941176e-08,6.755e-07
2016-02-17 14:48:00,4353.82,0.2864799999999999,0.153864,0.084023,0.0734036,0.0704412,0.0397224,1.2376470588235294e-08,6.748285714285714e-07
2016-02-17 14:49:00,4388.96,0.2510799999999999,0.129392,0.0698739999999999,0.0593548,0.0564216,0.0348891999999999,1.426235294117647e-08,6.799e-07
2016-02-17 14:50:00,4424.1,0.21568,0.10492,0.055725,0.045306,0.042402,0.030056,1.646470588235294e-08,6.938571428571428e-07
2016-02-17 14:51:00,4506.320000000001,0.197124,0.102853,0.0556804,0.0452334,0.0423216,0.0287062,1.6783529411764707e-08,7.013428571428572e-07
2016-02-17 14:52:00,4588.54,0.178568,0.100786,0.0556358,0.0451608,0.0422412,0.0273564,1.7521176470588237e-08,7.186142857142858e-07
2016-02-17 14:53:00,4670.76,0.160012,0.098719,0.0555912,0.0450881999999999,0.0421608,0.0260066,1.8703529411764707e-08,7.529142857142858e-07
2016-02-17 14:54:00,4752.98,0.141456,0.096652,0.0555466,0.0450155999999999,0.0420804,0.0246568,1.6854117647058826e-08,7.534857142857143e-07
2016-02-17 14:55:00,4835.2,0.1229,0.094585,0.055502,0.044943,0.042,0.023307,1.799529411764706e-08,7.367142857142857e-07
2016-02-17 14:56:00,4723.9,0.1503239999999999,0.10961,0.0681655999999999,0.0543964,0.0505586,0.0298436,1.6074117647058824e-08,7.293571428571429e-07
2016-02-17 14:57:00,4612.599999999999,0.177748,0.124635,0.0808291999999999,0.0638498,0.0591171999999999,0.0363802,1.7328235294117653e-08,7.399857142857143e-07
2016-02-17 14:58:00,4501.3,0.2051719999999999,0.13966,0.0934927999999999,0.0733032,0.0676758,0.0429168,1.6716470588235295e-08,7.313714285714286e-07
2016-02-17 14:59:00,4390.0,0.2325959999999999,0.154685,0.1061563999999999,0.0827566,0.0762344,0.0494533999999999,1.567529411764706e-08,6.976857142857143e-07
2016-02-17 15:00:00,4278.7,0.26002,0.16971,0.11882,0.09221,0.084793,0.05599,1.3948235294117648e-08,6.781714285714286e-07
2016-02-17 15:01:00,4355.8,0.2402659999999999,0.162256,0.1123908,0.0890192,0.0825046,0.0508032,1.507764705882353e-08,6.626142857142858e-07
2016-02-17 15:02:00,4432.9,0.2205119999999999,0.154802,0.1059616,0.0858284,0.0802162,0.0456164,1.2078823529411763e-08,6.528857142857144e-07
2016-02-17 15:03:00,4510.0,0.200758,0.147348,0.0995324,0.0826376,0.0779277999999999,0.0404295999999999,1.3394117647058825e-08,6.438714285714286e-07
2016-02-17 15:04:00,4587.099999999999,0.181004,0.139894,0.0931032,0.0794468,0.0756394,0.0352428,1.2198823529411764e-08,6.376857142857144e-07
2016-02-17 15:05:00,4664.2,0.16125,0.13244,0.086674,0.076256,0.073351,0.030056,1.4347058823529412e-08,6.545857142857144e-07
2016-02-17 15:06:00,4586.32,0.193748,0.129344,0.082961,0.0725428,0.069638,0.0345204,1.4004705882352941e-08,6.593571428571429e-07
2016-02-17 15:07:00,4508.44,0.226246,0.126248,0.079248,0.0688296,0.065925,0.0389848,1.4324705882352942e-08,6.606e-07
2016-02-17 15:08:00,4430.56,0.258744,0.123152,0.075535,0.0651164,0.062212,0.0434492,1.4412941176470589e-08,6.644571428571429e-07
2016-02-17 15:09:00,4352.68,0.291242,0.120056,0.071822,0.0614032,0.058499,0.0479136,1.2635294117647061e-08,6.608142857142858e-07
2016-02-17 15:10:00,4274.8,0.32374,0.11696,0.068109,0.05769,0.054786,0.052378,1.2508235294117648e-08,6.559142857142858e-07
2016-02-17 15:11:00,4035.78,0.312086,0.140902,0.0679906,0.0575716,0.0546676,0.0521206,1.2951764705882353e-08,6.703142857142857e-07
2016-02-17 15:12:00,3796.76,0.300432,0.164844,0.0678722,0.0574532,0.0545492,0.0518632,1.5375294117647058e-08,6.530428571428573e-07
2016-02-17 15:13:00,3557.74,0.288778,0.188786,0.0677538,0.0573348,0.0544308,0.0516058,1.507764705882353e-08,6.532428571428572e-07
2016-02-17 15:14:00,3318.72,0.277124,0.2127279999999999,0.0676354,0.0572164,0.0543124,0.0513483999999999,1.3527058823529412e-08,6.460428571428573e-07
2016-02-17 15:15:00,3079.7,0.26547,0.23667,0.067517,0.057098,0.054194,0.051091,1.5454117647058823e-08,6.584285714285715e-07
2016-02-17 15:16:00,3088.84,0.244282,0.21558,0.0722292,0.0563842,0.0519678,0.0456827999999999,1.2849411764705884e-08,6.592e-07
2016-02-17 15:17:00,3097.98,0.223094,0.19449,0.0769414,0.0556704,0.0497416,0.0402745999999999,1.2907058823529412e-08,6.684714285714286e-07
2016-02-17 15:18:00,3107.12,0.201906,0.1734,0.0816535999999999,0.0549566,0.0475154,0.0348664,1.366e-08,6.691428571428572e-07
2016-02-17 15:19:00,3116.26,0.180718,0.15231,0.0863658,0.0542428,0.0452892,0.0294581999999999,1.494705882352941e-08,6.994571428571428e-07
2016-02-17 15:20:00,3125.4,0.15953,0.13122,0.091078,0.053529,0.043063,0.02405,1.3394117647058825e-08,6.965714285714286e-07
2016-02-17 15:21:00,3293.98,0.160852,0.132442,0.0911756,0.0590526,0.050099,0.0236402,1.3461176470588236e-08,7.154714285714286e-07
2016-02-17 15:22:00,3462.56,0.162174,0.133664,0.0912732,0.0645762,0.0571349999999999,0.0232304,1.674470588235294e-08,7.083571428571428e-07
2016-02-17 15:23:00,3631.14,0.163496,0.134886,0.0913708,0.0700997999999999,0.0641709999999999,0.0228206,1.6096470588235293e-08,6.897142857142857e-07
2016-02-17 15:24:00,3799.72,0.164818,0.136108,0.0914683999999999,0.0756234,0.0712069999999999,0.0224107999999999,1.4523529411764709e-08,6.898857142857143e-07
2016-02-17 15:25:00,3968.3,0.16614,0.13733,0.091566,0.081147,0.078243,0.022001,1.5830588235294118e-08,6.90557142857143e-07
2016-02-17 15:26:00,4075.46,0.17837,0.135644,0.0873698,0.0769508,0.0740468,0.0218436,1.7002352941176473e-08,6.82e-07
2016-02-17 15:27:00,4182.62,0.1906,0.133958,0.0831736,0.0727546,0.0698506,0.0216862,1.6074117647058824e-08,6.684714285714286e-07
2016-02-17 15:28:00,4289.780000000001,0.20283,0.132272,0.0789774,0.0685583999999999,0.0656544,0.0215288,1.3107058823529412e-08,6.776714285714285e-07
2016-02-17 15:29:00,4396.9400000000005,0.21506,0.1305859999999999,0.0747811999999999,0.0643622,0.0614582,0.0213714,1.3811764705882354e-08,6.684142857142857e-07
2016-02-17 15:30:00,4504.1,0.22729,0.1289,0.070585,0.060166,0.057262,0.021214,1.4257647058823527e-08,6.716428571428572e-07
2016-02-17 15:31:00,4573.700000000001,0.2064119999999999,0.1220369999999999,0.0675684,0.0571213999999999,0.0542096,0.0216326,1.5852941176470587e-08,6.858714285714286e-07
2016-02-17 15:32:00,4643.3,0.1855339999999999,0.115174,0.0645517999999999,0.0540767999999999,0.0511572,0.0220512,1.7801176470588237e-08,7.563000000000001e-07
2016-02-17 15:33:00,4712.900000000001,0.164656,0.1083109999999999,0.0615352,0.0510322,0.0481048,0.0224698,1.918588235294117e-08,7.934142857142859e-07
2016-02-17 15:34:00,4782.5,0.143778,0.101448,0.0585186,0.0479876,0.0450524,0.0228884,1.8155294117647057e-08,7.638285714285715e-07
2016-02-17 15:35:00,4852.1,0.1229,0.094585,0.055502,0.044943,0.042,0.023307,1.5941176470588235e-08,7.332142857142858e-07
2016-02-17 15:36:00,4762.16,0.131482,0.103166,0.0637324,0.0462522,0.0420474,0.023307,1.8285882352941177e-08,7.342285714285715e-07
2016-02-17 15:37:00,4672.22,0.140064,0.111747,0.0719628,0.0475614,0.0420948,0.023307,1.932941176470588e-08,7.475999999999999e-07
2016-02-17 15:38:00,4582.28,0.148646,0.120328,0.0801932,0.0488706,0.0421422,0.023307,1.7778823529411765e-08,7.367285714285714e-07
2016-02-17 15:39:00,4492.34,0.157228,0.128909,0.0884236,0.0501798,0.0421896,0.023307,1.6270588235294118e-08,7.604714285714285e-07
2016-02-17 15:40:00,4402.4,0.16581,0.13749,0.096654,0.051489,0.042237,0.023307,1.649529411764706e-08,7.698428571428571e-07
2016-02-17 15:41:00,4486.299999999999,0.174318,0.146,0.1053412,0.0626832,0.0534618,0.0269112,1.4081176470588236e-08,7.347142857142857e-07
2016-02-17 15:42:00,4570.2,0.182826,0.15451,0.1140284,0.0738774,0.0646866,0.0305153999999999,1.1180117647058824e-08,7.2e-07
2016-02-17 15:43:00,4654.099999999999,0.191334,0.16302,0.1227156,0.0850716,0.0759114,0.0341196,1.4732941176470588e-08,7.149857142857143e-07
2016-02-17 15:44:00,4738.0,0.199842,0.17153,0.1314028,0.0962658,0.0871362,0.0377238,1.386e-08,7.061142857142857e-07
2016-02-17 15:45:00,4821.9,0.20835,0.18004,0.14009,0.10746,0.098361,0.041328,1.0537882352941176e-08,7.163142857142858e-07
2016-02-17 15:46:00,4751.56,0.233378,0.187388,0.144424,0.116208,0.1083388,0.0445502,1.4197647058823529e-08,7.352e-07
2016-02-17 15:47:00,4681.219999999999,0.258406,0.194736,0.148758,0.124956,0.1183166,0.0477724,1.4058823529411764e-08,7.241714285714286e-07
2016-02-17 15:48:00,4610.88,0.283434,0.2020839999999999,0.1530919999999999,0.133704,0.1282944,0.0509946,1.4081176470588236e-08,7.278571428571428e-07
2016-02-17 15:49:00,4540.54,0.308462,0.209432,0.1574259999999999,0.142452,0.1382722,0.0542167999999999,1.552470588235294e-08,7.321285714285715e-07
2016-02-17 15:50:00,4470.2,0.33349,0.21678,0.16176,0.1512,0.14825,0.057439,1.381529411764706e-08,7.414142857142857e-07
2016-02-17 15:51:00,4547.92,0.311004,0.211874,0.1445158,0.133984,0.1310432,0.0531708,1.3970588235294118e-08,7.509428571428571e-07
2016-02-17 15:52:00,4625.64,0.288518,0.206968,0.1272715999999999,0.116768,0.1138363999999999,0.0489026,1.6029411764705884e-08,7.941142857142858e-07
2016-02-17 15:53:00,4703.36,0.266032,0.202062,0.1100274,0.099552,0.0966295999999999,0.0446344,2.012705882352941e-08,8.291571428571429e-07
2016-02-17 15:54:00,4781.08,0.243546,0.197156,0.0927832,0.0823359999999999,0.0794227999999999,0.0403662,1.915176470588236e-08,8.330857142857143e-07
2016-02-17 15:55:00,4858.8,0.22106,0.19225,0.075539,0.06512,0.062216,0.036098,1.7225882352941176e-08,8.091571428571428e-07
2016-02-17 15:56:00,4681.2,0.215466,0.186756,0.0791105999999999,0.0686635999999999,0.0657518,0.0411188,1.5652941176470592e-08,7.866285714285715e-07
2016-02-17 15:57:00,4503.6,0.209872,0.181262,0.0826822,0.0722072,0.0692876,0.0461396,1.7469411764705882e-08,7.97457142857143e-07
2016-02-17 15:58:00,4326.0,0.204278,0.175768,0.0862537999999999,0.0757508,0.0728234,0.0511604,1.9638823529411763e-08,8.08657142857143e-07
2016-02-17 15:59:00,4148.400000000001,0.198684,0.170274,0.0898254,0.0792944,0.0763591999999999,0.0561812,1.9163529411764703e-08,8.107285714285715e-07
2016-02-17 16:00:00,3970.8,0.19309,0.16478,0.093397,0.082838,0.079895,0.061202,1.512235294117647e-08,8.011285714285715e-07
2016-02-17 16:01:00,4043.92,0.18499,0.15658,0.0903207999999999,0.0797898,0.0768546,0.0532044,1.5763529411764706e-08,7.993e-07
2016-02-17 16:02:00,4117.04,0.17689,0.14838,0.0872445999999999,0.0767416,0.0738142,0.0452068,1.4656470588235296e-08,7.817285714285714e-07
2016-02-17 16:03:00,4190.16,0.16879,0.14018,0.0841684,0.0736933999999999,0.0707738,0.0372092,1.1992941176470587e-08,7.724000000000001e-07
2016-02-17 16:04:00,4263.28,0.16069,0.13198,0.0810922,0.0706452,0.0677334,0.0292116,1.443529411764706e-08,7.726857142857143e-07
2016-02-17 16:05:00,4336.4,0.15259,0.12378,0.078016,0.067597,0.064693,0.021214,1.4214117647058825e-08,7.608142857142858e-07
2016-02-17 16:06:00,4304.66,0.180548,0.151738,0.0778836,0.0636574,0.0596922,0.0217742,1.366235294117647e-08,7.517e-07
2016-02-17 16:07:00,4272.92,0.208506,0.179696,0.0777512,0.0597178,0.0546914,0.0223344,1.018364705882353e-08,7.36557142857143e-07
2016-02-17 16:08:00,4241.179999999999,0.2364639999999999,0.207654,0.0776188,0.0557782,0.0496906,0.0228946,1.2974117647058825e-08,7.226714285714286e-07
2016-02-17 16:09:00,4209.44,0.264422,0.235612,0.0774864,0.0518386,0.0446898,0.0234548,1.242e-08,7.149714285714286e-07
2016-02-17 16:10:00,4177.7,0.29238,0.26357,0.077354,0.047899,0.039689,0.024015,1.1286470588235292e-08,7.077142857142857e-07
2016-02-17 16:11:00,4224.08,0.272698,0.243888,0.0838572,0.0544012,0.0461912,0.0244176,1.0759411764705884e-08,6.912142857142858e-07
2016-02-17 16:12:00,4270.46,0.2530159999999999,0.224206,0.0903604,0.0609033999999999,0.0526934,0.0248202,1.073729411764706e-08,6.922285714285716e-07
2016-02-17 16:13:00,4316.84,0.2333339999999999,0.204524,0.0968636,0.0674056,0.0591956,0.0252228,1.1628941176470588e-08,6.947714285714287e-07
2016-02-17 16:14:00,4363.22,0.213652,0.184842,0.1033668,0.0739078,0.0656978,0.0256254,1.3749411764705884e-08,7.136428571428573e-07
2016-02-17 16:15:00,4409.6,0.19397,0.16516,0.10987,0.08041,0.0722,0.026028,1.552e-08,7.564571428571429e-07
2016-02-17 16:16:00,4394.780000000001,0.215444,0.159118,0.1066992,0.0810193999999999,0.0738628,0.0331868,1.8671764705882355e-08,7.986000000000001e-07
2016-02-17 16:17:00,4379.96,0.236918,0.153076,0.1035283999999999,0.0816288,0.0755256,0.0403456,2.0303529411764712e-08,8.555e-07
2016-02-17 16:18:00,4365.14,0.258392,0.147034,0.1003575999999999,0.0822382,0.0771884,0.0475044,2.6570588235294124e-08,9.220857142857144e-07
2016-02-17 16:19:00,4350.32,0.279866,0.1409919999999999,0.0971868,0.0828476,0.0788512,0.0546632,3.735529411764706e-08,1.0080857142857144e-06
2016-02-17 16:20:00,4335.5,0.30134,0.13495,0.094016,0.083457,0.080514,0.061822,3.0894117647058824e-08,9.904e-07
2016-02-17 16:21:00,4421.333333333333,0.2899886666666667,0.1328039999999999,0.0919932666666666,0.0814342666666666,0.0784912666666666,0.0597992666666666,1.7956470588235298e-08,8.630285714285715e-07
2016-02-17 16:22:00,4507.166666666667,0.2786373333333333,0.130658,0.0899705333333333,0.0794115333333333,0.0764685333333333,0.0577765333333333,1.543176470588235e-08,7.787142857142857e-07
2016-02-17 16:23:00,4593.0,0.2672859999999999,0.128512,0.0879477999999999,0.0773887999999999,0.0744457999999999,0.0557537999999999,1.0772705882352941e-08,7.316428571428572e-07
2016-02-17 16:24:00,4678.833333333334,0.2559346666666666,0.126366,0.0859250666666666,0.0753660666666666,0.0724230666666666,0.0537310666666666,1.2530588235294118e-08,7.109571428571429e-07
2016-02-17 16:25:00,4764.666666666667,0.2445833333333333,0.12422,0.0839023333333333,0.0733433333333333,0.0704003333333333,0.0517083333333333,1.2110588235294115e-08,7.136428571428573e-07
2016-02-17 16:26:00,4850.5,0.2449906666666666,0.121338,0.0792574666666666,0.0687264666666666,0.0657912666666666,0.0507428666666666,1.165035294117647e-08,7.006000000000001e-07
2016-02-17 16:27:00,4936.333333333333,0.2453979999999999,0.118456,0.0746125999999999,0.0641095999999999,0.0611821999999999,0.0497773999999999,1.0227882352941177e-08,7.004142857142858e-07
2016-02-17 16:28:00,5022.166666666667,0.2458053333333333,0.115574,0.0699677333333333,0.0594927333333333,0.0565731333333333,0.0488119333333333,1.0936588235294118e-08,6.860285714285714e-07
2016-02-17 16:29:00,5108.0,0.2462126666666666,0.112692,0.0653228666666666,0.0548758666666666,0.0519640666666666,0.0478464666666666,1.013929411764706e-08,6.942285714285715e-07
2016-02-17 16:30:00,5193.833333333333,0.24662,0.10981,0.060678,0.050259,0.047355,0.046881,1.0066235294117649e-08,6.929857142857143e-07
2016-02-17 16:31:00,5279.666666666666,0.244452,0.129242,0.0668414,0.0564224,0.0535184,0.0431132,9.674352941176471e-09,7.026000000000001e-07
2016-02-17 16:32:00,5365.5,0.242284,0.148674,0.0730048,0.0625858,0.0596818,0.0393454,1.0471529411764709e-08,6.970714285714286e-07
2016-02-17 16:33:00,5451.333333333333,0.240116,0.168106,0.0791682,0.0687492,0.0658452,0.0355776,7.176470588235294e-09,6.947714285714287e-07
2016-02-17 16:34:00,5537.166666666667,0.237948,0.1875379999999999,0.0853316,0.0749126,0.0720086,0.0318098,1.2131764705882353e-08,7.009285714285715e-07
2016-02-17 16:35:00,5623.0,0.23578,0.20697,0.091495,0.081076,0.078172,0.028042,1.3150588235294117e-08,6.78e-07
2016-02-17 16:36:00,5599.68,0.224514,0.1958039999999999,0.0884078,0.0779608,0.075049,0.0312066,1.3298823529411764e-08,6.677714285714286e-07
2016-02-17 16:37:00,5576.36,0.213248,0.184638,0.0853206,0.0748456,0.071926,0.0343712,1.013929411764706e-08,6.641142857142858e-07
2016-02-17 16:38:00,5553.04,0.201982,0.173472,0.0822334,0.0717304,0.068803,0.0375358,9.563529411764706e-09,6.666285714285714e-07
2016-02-17 16:39:00,5529.719999999999,0.190716,0.162306,0.0791462,0.0686152,0.06568,0.0407004,1.0759411764705884e-08,6.821857142857142e-07
2016-02-17 16:40:00,5506.4,0.17945,0.15114,0.076059,0.0655,0.062557,0.043865,9.038823529411766e-09,6.97357142857143e-07
2016-02-17 16:41:00,5390.2,0.16814,0.139829,0.0719476,0.0613886,0.0584456,0.0397534,1.013929411764706e-08,6.907142857142858e-07
2016-02-17 16:42:00,5274.0,0.15683,0.128518,0.0678362,0.0572772,0.0543342,0.0356418,1.1224470588235294e-08,6.858714285714286e-07
2016-02-17 16:43:00,5157.799999999999,0.1455199999999999,0.117207,0.0637248,0.0531658,0.0502228,0.0315302,1.1842352941176473e-08,7.001142857142856e-07
2016-02-17 16:44:00,5041.599999999999,0.13421,0.105896,0.0596134,0.0490544,0.0461114,0.0274186,1.2620000000000002e-08,6.918857142857143e-07
2016-02-17 16:45:00,4925.4,0.1229,0.094585,0.055502,0.044943,0.042,0.023307,1.2929411764705884e-08,6.811857142857144e-07
2016-02-17 16:46:00,4820.58,0.148602,0.09862,0.057528,0.046997,0.0440618,0.0228884,1.2376470588235294e-08,6.744857142857143e-07
2016-02-17 16:47:00,4715.76,0.174304,0.102655,0.059554,0.049051,0.0461236,0.0224698,8.696235294117647e-09,6.782714285714286e-07
2016-02-17 16:48:00,4610.94,0.200006,0.10669,0.0615799999999999,0.051105,0.0481854,0.0220512,1.013929411764706e-08,6.666285714285714e-07
2016-02-17 16:49:00,4506.12,0.225708,0.110725,0.063606,0.053159,0.0502472,0.0216326,1.0493647058823533e-08,6.587571428571429e-07
2016-02-17 16:50:00,4401.3,0.25141,0.11476,0.065632,0.055213,0.052309,0.021214,7.155058823529412e-09,6.661428571428572e-07
2016-02-17 16:51:00,4419.7,0.23182,0.112316,0.063063,0.0526439999999999,0.04974,0.0221768,5.909764705882353e-09,6.582571428571429e-07
2016-02-17 16:52:00,4438.1,0.21223,0.109872,0.060494,0.050075,0.047171,0.0231396,1.2e-08,6.738142857142858e-07
2016-02-17 16:53:00,4456.5,0.19264,0.107428,0.057925,0.047506,0.044602,0.0241024,1.2207058823529413e-08,6.917000000000001e-07
2016-02-17 16:54:00,4474.900000000001,0.17305,0.104984,0.055356,0.044937,0.042033,0.0250652,1.0848e-08,6.711428571428571e-07
2016-02-17 16:55:00,4493.3,0.15346,0.10254,0.052787,0.042368,0.039464,0.026028,1.104729411764706e-08,6.683e-07
2016-02-17 16:56:00,4655.14,0.184002,0.118256,0.0628896,0.0524434,0.0495316,0.0350444,1.1445882352941178e-08,6.631142857142858e-07
2016-02-17 16:57:00,4816.9800000000005,0.214544,0.133972,0.0729922,0.0625188,0.0595992,0.0440608,1.2891764705882353e-08,6.807e-07
2016-02-17 16:58:00,4978.82,0.245086,0.149688,0.0830948,0.0725942,0.0696668,0.0530772,1.3948235294117648e-08,6.992428571428571e-07
2016-02-17 16:59:00,5140.66,0.275628,0.165404,0.0931974,0.0826696,0.0797344,0.0620936,1.2884705882352942e-08,6.970714285714286e-07
2016-02-17 17:00:00,5302.5,0.30617,0.18112,0.1033,0.092745,0.089802,0.07111,1.1992941176470587e-08,6.862000000000001e-07
2016-02-17 17:01:00,5105.86,0.34462,0.205564,0.1015176,0.0896042,0.0862826,0.0615696,9.032117647058823e-09,6.952285714285715e-07
2016-02-17 17:02:00,4909.22,0.38307,0.230008,0.0997352,0.0864634,0.0827632,0.0520292,8.987882352941177e-09,7.066142857142857e-07
2016-02-17 17:03:00,4712.58,0.42152,0.254452,0.0979528,0.0833226,0.0792438,0.0424888,9.02995294117647e-09,7.088057142857142e-07
2016-02-17 17:04:00,4515.9400000000005,0.45997,0.278896,0.0961704,0.0801818,0.0757244,0.0329484,9.072023529411764e-09,7.109971428571429e-07
2016-02-17 17:05:00,4319.3,0.49842,0.30334,0.094388,0.077041,0.072205,0.023408,9.11409411764706e-09,7.131885714285714e-07
2016-02-17 17:06:00,4241.78,0.428758,0.266932,0.0906182,0.0746568,0.0702072,0.0243986,9.156164705882352e-09,7.153799999999999e-07
2016-02-17 17:07:00,4164.26,0.3590959999999999,0.230524,0.0868483999999999,0.0722725999999999,0.0682094,0.0253892,9.198235294117649e-09,7.175714285714287e-07
2016-02-17 17:08:00,4086.74,0.2894339999999999,0.194116,0.0830786,0.0698884,0.0662116,0.0263798,9.240305882352942e-09,7.197628571428572e-07
2016-02-17 17:09:00,4009.22,0.2197719999999999,0.157708,0.0793088,0.0675042,0.0642138,0.0273704,9.282376470588234e-09,7.219542857142858e-07
2016-02-17 17:10:00,3931.7,0.15011,0.1213,0.075539,0.06512,0.062216,0.028361,9.324447058823531e-09,7.241457142857144e-07
2016-02-17 17:11:00,4049.76,0.158626,0.12596,0.0795018,0.0690828,0.0661788,0.0299084,9.366517647058823e-09,7.263371428571429e-07
2016-02-17 17:12:00,4167.82,0.1671419999999999,0.13062,0.0834646,0.0730456,0.0701416,0.0314558,9.40858823529412e-09,7.285285714285714e-07
2016-02-17 17:13:00,4285.88,0.1756579999999999,0.13528,0.0874273999999999,0.0770084,0.0741044,0.0330031999999999,9.585764705882354e-09,7.293571428571429e-07
2016-02-17 17:14:00,4403.94,0.184174,0.13994,0.0913901999999999,0.0809712,0.0780672,0.0345506,1.738705882352941e-08,7.66257142857143e-07
2016-02-17 17:15:00,4522.0,0.19269,0.1446,0.095353,0.084934,0.08203,0.036098,1.6561176470588234e-08,7.737e-07
2016-02-17 17:16:00,4387.56,0.191374,0.14724,0.0997064,0.0814869999999999,0.0765516,0.0343246,1.7801176470588237e-08,8.019714285714287e-07
2016-02-17 17:17:00,4253.12,0.190058,0.14988,0.1040598,0.07804,0.0710732,0.0325512,2.1025882352941177e-08,8.556857142857143e-07
2016-02-17 17:18:00,4118.68,0.188742,0.15252,0.1084132,0.0745929999999999,0.0655948,0.0307778,2.5772941176470592e-08,9.194142857142858e-07
2016-02-17 17:19:00,3984.24,0.187426,0.15516,0.1127666,0.071146,0.0601164,0.0290044,2.2894117647058825e-08,8.924714285714287e-07
2016-02-17 17:20:00,3849.8,0.18611,0.1578,0.11712,0.067699,0.054638,0.027231,1.704470588235294e-08,8.506714285714286e-07
2016-02-17 17:21:00,3853.94,0.185262,0.151832,0.1104842,0.0672304,0.0557456,0.0300624,1.3637647058823533e-08,8.185285714285714e-07
2016-02-17 17:22:00,3858.08,0.184414,0.145864,0.1038484,0.0667618,0.0568532,0.0328938,1.2730588235294117e-08,7.993e-07
2016-02-17 17:23:00,3862.22,0.183566,0.139896,0.0972126,0.0662932,0.0579608,0.0357252,1.4147058823529412e-08,7.715285714285715e-07
2016-02-17 17:24:00,3866.36,0.182718,0.133928,0.0905768,0.0658246,0.0590684,0.0385566,1.4625882352941176e-08,7.630142857142857e-07
2016-02-17 17:25:00,3870.5,0.18187,0.12796,0.083941,0.065356,0.060176,0.041388,1.4081176470588236e-08,7.494428571428572e-07
2016-02-17 17:26:00,4085.34,0.170076,0.1212849999999999,0.0782532,0.0612734,0.0565408,0.0377718,1.2309411764705884e-08,7.435857142857143e-07
2016-02-17 17:27:00,4300.18,0.158282,0.1146099999999999,0.0725654,0.0571908,0.0529056,0.0341556,1.0772705882352941e-08,7.515428571428572e-07
2016-02-17 17:28:00,4515.02,0.146488,0.107935,0.0668776,0.0531081999999999,0.0492704,0.0305394,1.3616470588235297e-08,7.464285714285714e-07
2016-02-17 17:29:00,4729.86,0.1346939999999999,0.10126,0.0611898,0.0490255999999999,0.0456352,0.0269232,1.2221176470588236e-08,7.250142857142857e-07
2016-02-17 17:30:00,4944.7,0.1229,0.094585,0.055502,0.044943,0.042,0.023307,9.081647058823533e-09,7.138571428571428e-07
2016-02-17 17:31:00,4851.76,0.1353099999999999,0.106896,0.0664756,0.0559454,0.0530102,0.0250596,7.238470588235294e-09,6.975714285714287e-07
2016-02-17 17:32:00,4758.82,0.14772,0.119207,0.0774492,0.0669478,0.0640204,0.0268122,1.1600823529411766e-08,6.892142857142858e-07
2016-02-17 17:33:00,4665.88,0.16013,0.131518,0.0884228,0.0779502,0.0750306,0.0285648,1.1711529411764703e-08,6.999142857142857e-07
2016-02-17 17:34:00,4572.94,0.17254,0.1438289999999999,0.0993964,0.0889525999999999,0.0860408,0.0303174,1.0772705882352941e-08,6.983285714285714e-07
2016-02-17 17:35:00,4480.0,0.18495,0.15614,0.11037,0.099955,0.097051,0.03207,9.187176470588237e-09,6.985857142857143e-07
2016-02-17 17:36:00,4476.24,0.17829,0.14948,0.1037112,0.0932954,0.0903914,0.0340838,1.0360823529411764e-08,6.934000000000001e-07
2016-02-17 17:37:00,4472.48,0.17163,0.14282,0.0970524,0.0866358,0.0837318,0.0360976,1.0901058823529412e-08,6.929857142857143e-07
2016-02-17 17:38:00,4468.72,0.16497,0.13616,0.0903936,0.0799762,0.0770722,0.0381114,1.1534470588235292e-08,7.037714285714286e-07
2016-02-17 17:39:00,4464.96,0.15831,0.1295,0.0837348,0.0733166,0.0704126,0.0401252,1.2841176470588236e-08,6.880428571428571e-07
2016-02-17 17:40:00,4461.2,0.15165,0.12284,0.077076,0.066657,0.063753,0.042139,1.2249411764705882e-08,6.849e-07
2016-02-17 17:41:00,4491.86,0.149532,0.120722,0.0749586,0.0645396,0.0616356,0.0408526,9.289764705882353e-09,6.758285714285715e-07
2016-02-17 17:42:00,4522.52,0.147414,0.118604,0.0728412,0.0624222,0.0595182,0.0395662,8.836235294117647e-09,6.858285714285715e-07
2016-02-17 17:43:00,4553.18,0.145296,0.116486,0.0707238,0.0603048,0.0574008,0.0382798,1.0936588235294118e-08,7.009285714285715e-07
2016-02-17 17:44:00,4583.84,0.143178,0.114368,0.0686064,0.0581874,0.0552833999999999,0.0369934,1.3448235294117649e-08,7.250142857142857e-07
2016-02-17 17:45:00,4614.5,0.14106,0.11225,0.066489,0.05607,0.053166,0.035707,1.4390588235294118e-08,7.497714285714286e-07
2016-02-17 17:46:00,4539.32,0.137428,0.108717,0.0642916,0.0538446,0.0509328,0.033227,1.572e-08,7.825571428571429e-07
2016-02-17 17:47:00,4464.14,0.133796,0.105184,0.0620942,0.0516192,0.0486996,0.030747,2.922470588235294e-08,9.357285714285717e-07
2016-02-17 17:48:00,4388.96,0.130164,0.101651,0.0598968,0.0493938,0.0464664,0.028267,6.389529411764706e-08,1.2618714285714288e-06
2016-02-17 17:49:00,4313.780000000001,0.126532,0.098118,0.0576994,0.0471684,0.0442332,0.025787,9.518470588235297e-08,1.5682857142857143e-06
2016-02-17 17:50:00,4238.6,0.1229,0.094585,0.055502,0.044943,0.042,0.023307,9.75764705882353e-08,1.7372857142857143e-06
2016-02-17 17:51:00,4266.240000000001,0.13537,0.107056,0.0679716,0.0574123999999999,0.05447,0.0317848,9.209529411764705e-08,1.7855714285714288e-06
2016-02-17 17:52:00,4293.88,0.14784,0.119527,0.0804412,0.0698818,0.06694,0.0402626,8.424588235294119e-08,1.772e-06
2016-02-17 17:53:00,4321.52,0.16031,0.131998,0.0929108,0.0823512,0.07941,0.0487404,8.07635294117647e-08,1.767571428571429e-06
2016-02-17 17:54:00,4349.16,0.17278,0.144469,0.1053804,0.0948206,0.0918799999999999,0.0572182,7.777411764705882e-08,1.7354285714285717e-06
2016-02-17 17:55:00,4376.8,0.18525,0.15694,0.11785,0.10729,0.10435,0.065696,7.562e-08,1.6951428571428572e-06
2016-02-17 17:56:00,4295.46,0.182702,0.154392,0.11501,0.0969886,0.0919684,0.0572182,6.868941176470588e-08,1.657142857142857e-06
2016-02-17 17:57:00,4214.12,0.180154,0.151844,0.11217,0.0866871999999999,0.0795868,0.0487404,5.754470588235294e-08,1.5884285714285717e-06
2016-02-17 17:58:00,4132.78,0.1776059999999999,0.1492959999999999,0.10933,0.0763858,0.0672051999999999,0.0402626,5.106235294117648e-08,1.5165714285714285e-06
2016-02-17 17:59:00,4051.44,0.175058,0.146748,0.10649,0.0660844,0.0548236,0.0317848,4.213764705882353e-08,1.4385714285714287e-06
2016-02-17 18:00:00,3970.1,0.17251,0.1442,0.10365,0.055783,0.042442,0.023307,3.9414117647058824e-08,1.360914285714286e-06
2016-02-17 18:01:00,3872.48,0.239216,0.171372,0.10524,0.0648344,0.0535736,0.0269112,3.517529411764706e-08,1.3020285714285715e-06
2016-02-17 18:02:00,3774.86,0.305922,0.198544,0.10683,0.0738858,0.0647052,0.0305153999999999,3.0268235294117655e-08,1.2384428571428572e-06
2016-02-17 18:03:00,3677.24,0.372628,0.2257159999999999,0.10842,0.0829372,0.0758368,0.0341196,2.6149411764705884e-08,1.1812285714285716e-06
2016-02-17 18:04:00,3579.62,0.439334,0.252888,0.11001,0.0919886,0.0869684,0.0377238,2.5392941176470588e-08,1.1317428571428572e-06
2016-02-17 18:05:00,3482.0,0.50604,0.28006,0.1116,0.10104,0.0981,0.041328,2.451058823529412e-08,1.107957142857143e-06
2016-02-17 18:06:00,3733.9,0.446306,0.254708,0.110904,0.0942446,0.0900496,0.0408445999999999,2.4045882352941177e-08,1.0947428571428572e-06
2016-02-17 18:07:00,3985.8,0.386572,0.2293559999999999,0.110208,0.0874492,0.0819992,0.0403612,2.5821176470588235e-08,1.1081285714285714e-06
2016-02-17 18:08:00,4237.7,0.326838,0.204004,0.109512,0.0806538,0.0739488,0.0398778,5.174823529411765e-08,1.3580714285714286e-06
2016-02-17 18:09:00,4489.6,0.267104,0.1786519999999999,0.108816,0.0738583999999999,0.0658984,0.0393944,9.725529411764705e-08,1.8544285714285715e-06
2016-02-17 18:10:00,4741.5,0.20737,0.1533,0.10812,0.067063,0.057848,0.038911,2.428823529411765e-07,2.848e-06
2016-02-17 18:11:00,4580.58,0.220056,0.166616,0.1019668,0.0632302,0.0542162,0.0377918,9.825882352941177e-07,6.505428571428572e-06
2016-02-17 18:12:00,4419.66,0.232742,0.1799319999999999,0.0958136,0.0593973999999999,0.0505844,0.0366726,1.590705882352941e-06,1.0183714285714286e-05
2016-02-17 18:13:00,4258.74,0.2454279999999999,0.1932479999999999,0.0896604,0.0555646,0.0469526,0.0355534,1.4909411764705885e-06,1.0915285714285714e-05
2016-02-17 18:14:00,4097.82,0.258114,0.206564,0.0835072,0.0517317999999999,0.0433208,0.0344342,1.180470588235294e-06,1.0015285714285714e-05
2016-02-17 18:15:00,3936.9,0.2708,0.21988,0.077354,0.047899,0.039689,0.033315,9.064588235294118e-07,8.724285714285714e-06
2016-02-17 18:16:00,3806.64,0.2505819999999999,0.204184,0.0746182,0.0489424,0.0417858,0.0329482,7.195176470588236e-07,7.615000000000001e-06
2016-02-17 18:17:00,3676.38,0.2303639999999999,0.188488,0.0718824,0.0499858,0.0438826,0.0325813999999999,5.766470588235294e-07,6.697e-06
2016-02-17 18:18:00,3546.12,0.210146,0.172792,0.0691466,0.0510292,0.0459794,0.0322146,4.759529411764706e-07,5.872e-06
2016-02-17 18:19:00,3415.86,0.1899279999999999,0.157096,0.0664107999999999,0.0520726,0.0480762,0.0318478,4.004235294117647e-07,5.117e-06
2016-02-17 18:20:00,3285.6,0.16971,0.1414,0.063675,0.053116,0.050173,0.031481,3.576e-07,4.627571428571429e-06
2016-02-17 18:21:00,3247.3,0.169614,0.141204,0.0698176,0.0579009999999999,0.0545794,0.035512,2.978470588235294e-07,4.129428571428572e-06
2016-02-17 18:22:00,3209.0,0.169518,0.141008,0.0759601999999999,0.0626859999999999,0.0589858,0.039543,2.355294117647059e-07,3.6718571428571433e-06
2016-02-17 18:23:00,3170.7,0.169422,0.140812,0.0821028,0.067471,0.0633922,0.043574,1.847764705882353e-07,3.2582857142857142e-06
2016-02-17 18:24:00,3132.4,0.169326,0.140616,0.0882454,0.072256,0.0677986,0.047605,1.5438823529411768e-07,2.901e-06
2016-02-17 18:25:00,3094.1,0.16923,0.14042,0.094388,0.077041,0.072205,0.051636,1.354470588235294e-07,2.630714285714286e-06
2016-02-17 18:26:00,3047.16,0.18131,0.1316495999999999,0.0866108,0.0706214,0.066164,0.0459702,1.2078823529411765e-07,2.413714285714286e-06
2016-02-17 18:27:00,3000.22,0.19339,0.1228792,0.0788336,0.0642018,0.060123,0.0403044,1.0940117647058824e-07,2.2618571428571428e-06
2016-02-17 18:28:00,2953.28,0.2054699999999999,0.1141088,0.0710563999999999,0.0577822,0.054082,0.0346386,1.026270588235294e-07,2.1482857142857143e-06
2016-02-17 18:29:00,2906.34,0.21755,0.1053384,0.0632792,0.0513625999999999,0.048041,0.0289728,9.580470588235294e-08,2.0571428571428573e-06
2016-02-17 18:30:00,2859.4,0.22963,0.096568,0.055502,0.044943,0.042,0.023307,9.097764705882357e-08,2.0042857142857145e-06
2016-02-17 18:31:00,2839.58,0.209176,0.0969646,0.054959,0.0444279999999999,0.0414928,0.0233272,8.229058823529411e-08,1.937857142857143e-06
2016-02-17 18:32:00,2819.76,0.188722,0.0973612,0.054416,0.043913,0.0409856,0.0233474,8.027058823529411e-08,1.8955714285714288e-06
2016-02-17 18:33:00,2799.94,0.168268,0.0977578,0.053873,0.043398,0.0404784,0.0233676,7.617411764705885e-08,1.8531428571428568e-06
2016-02-17 18:34:00,2780.1200000000003,0.147814,0.0981544,0.05333,0.042883,0.0399712,0.0233878,7.036705882352942e-08,1.808857142857143e-06
2016-02-17 18:35:00,2760.3,0.12736,0.098551,0.052787,0.042368,0.039464,0.023408,6.895411764705884e-08,1.7715714285714288e-06
2016-02-17 18:36:00,2911.58,0.139516,0.1108048,0.0662896,0.0535926,0.0500536,0.0334436,6.638588235294119e-08,1.748714285714286e-06
2016-02-17 18:37:00,3062.86,0.151672,0.1230585999999999,0.0797922,0.0648171999999999,0.0606431999999999,0.0434792,6.120470588235295e-08,1.732857142857143e-06
2016-02-17 18:38:00,3214.14,0.163828,0.1353124,0.0932948,0.0760417999999999,0.0712328,0.0535148,5.7330588235294126e-08,1.6890000000000005e-06
2016-02-17 18:39:00,3365.42,0.175984,0.1475661999999999,0.1067974,0.0872664,0.0818223999999999,0.0635504,5.724e-08,1.6814285714285717e-06
2016-02-17 18:40:00,3516.7,0.18814,0.15982,0.1203,0.098491,0.092412,0.073586,5.693058823529412e-08,1.6532857142857143e-06
2016-02-17 18:41:00,3526.44,0.18402,0.1557019999999999,0.116268,0.0967098,0.0912579999999999,0.0671716,5.2835294117647064e-08,1.6185714285714287e-06
2016-02-17 18:42:00,3536.18,0.1799,0.151584,0.112236,0.0949286,0.0901039999999999,0.0607572,5.022117647058823e-08,1.5964285714285716e-06
2016-02-17 18:43:00,3545.92,0.17578,0.1474659999999999,0.108204,0.0931473999999999,0.08895,0.0543428,5.199176470588236e-08,1.5784285714285716e-06
2016-02-17 18:44:00,3555.66,0.17166,0.143348,0.104172,0.0913662,0.087796,0.0479284,5.703176470588235e-08,1.6062857142857144e-06
2016-02-17 18:45:00,3565.4,0.16754,0.13923,0.10014,0.089585,0.086642,0.041514,5.732941176470588e-08,1.6184285714285716e-06
2016-02-17 18:46:00,3675.58,0.180234,0.147394,0.101926,0.091371,0.0884279999999999,0.0484762,5.247882352941176e-08,1.5782857142857144e-06
2016-02-17 18:47:00,3785.76,0.192928,0.155558,0.103712,0.093157,0.090214,0.0554384,4.579176470588235e-08,1.5132857142857144e-06
2016-02-17 18:48:00,3895.94,0.205622,0.1637219999999999,0.105498,0.094943,0.092,0.0624006,4.119058823529412e-08,1.4768571428571429e-06
2016-02-17 18:49:00,4006.12,0.218316,0.1718859999999999,0.107284,0.096729,0.093786,0.0693628,4.012235294117647e-08,1.430714285714286e-06
2016-02-17 18:50:00,4116.3,0.23101,0.18005,0.10907,0.098515,0.095572,0.076325,3.518470588235294e-08,1.4055714285714286e-06
2016-02-17 18:51:00,4163.74,0.23449,0.187962,0.104157,0.0908374,0.087124,0.0653028,3.748705882352941e-08,1.3772285714285717e-06
2016-02-17 18:52:00,4211.18,0.23797,0.195874,0.099244,0.0831598,0.078676,0.0542806,3.7576470588235294e-08,1.3416714285714289e-06
2016-02-17 18:53:00,4258.62,0.24145,0.203786,0.094331,0.0754822,0.070228,0.0432584,3.3014117647058826e-08,1.3185857142857144e-06
2016-02-17 18:54:00,4306.06,0.2449299999999999,0.211698,0.089418,0.0678045999999999,0.06178,0.0322362,3.1641176470588234e-08,1.286957142857143e-06
2016-02-17 18:55:00,4353.5,0.24841,0.21961,0.084505,0.060127,0.053332,0.021214,3.402e-08,1.2692e-06
2016-02-17 18:56:00,4387.12,0.236016,0.207216,0.089978,0.0683916,0.0623752,0.021214,3.5162352941176484e-08,1.254671428571429e-06
2016-02-17 18:57:00,4420.74,0.223622,0.194822,0.095451,0.0766562,0.0714183999999999,0.021214,3.237176470588236e-08,1.2433e-06
2016-02-17 18:58:00,4454.360000000001,0.211228,0.182428,0.100924,0.0849208,0.0804616,0.021214,3.19e-08,1.2263428571428571e-06
2016-02-17 18:59:00,4487.9800000000005,0.198834,0.170034,0.1063969999999999,0.0931854,0.0895048,0.021214,2.736823529411765e-08,1.2205428571428571e-06
2016-02-17 19:00:00,4521.6,0.18644,0.15764,0.11187,0.10145,0.098548,0.021214,2.8164705882352944e-08,1.2008e-06
2016-02-17 19:01:00,4519.52,0.1785739999999999,0.149974,0.1044023999999999,0.094025,0.0911344,0.0212384,2.6612941176470592e-08,1.1904428571428572e-06
2016-02-17 19:02:00,4517.4400000000005,0.170708,0.142308,0.0969348,0.0866,0.0837208,0.0212628,2.721294117647059e-08,1.1503428571428571e-06
2016-02-17 19:03:00,4515.36,0.162842,0.1346419999999999,0.0894672,0.079175,0.0763071999999999,0.0212872,2.3403529411764716e-08,1.131714285714286e-06
2016-02-17 19:04:00,4513.28,0.154976,0.126976,0.0819996,0.07175,0.0688936,0.0213116,2.189764705882353e-08,1.1116428571428572e-06
2016-02-17 19:05:00,4511.2,0.14711,0.11931,0.074532,0.064325,0.06148,0.021336,2.066235294117647e-08,1.099557142857143e-06
2016-02-17 19:06:00,4386.0,0.161134,0.133336,0.0881916,0.0710164,0.0669732,0.021336,2.5463529411764703e-08,1.108457142857143e-06
2016-02-17 19:07:00,4260.8,0.175158,0.147362,0.1018512,0.0777078,0.0724664,0.021336,2.522e-08,1.0908857142857144e-06
2016-02-17 19:08:00,4135.599999999999,0.189182,0.161388,0.1155108,0.0843992,0.0779595999999999,0.021336,2.320941176470589e-08,1.0816000000000002e-06
2016-02-17 19:09:00,4010.4,0.203206,0.175414,0.1291704,0.0910906,0.0834528,0.021336,1.9949411764705885e-08,1.070642857142857e-06
2016-02-17 19:10:00,3885.2,0.21723,0.18944,0.14283,0.097782,0.088946,0.021336,1.8930588235294123e-08,1.054257142857143e-06
2016-02-17 19:11:00,3843.54,0.22236,0.171726,0.1248102,0.0867304,0.0790926,0.0303578,1.933529411764706e-08,1.061714285714286e-06
2016-02-17 19:12:00,3801.88,0.22749,0.1540119999999999,0.1067904,0.0756787999999999,0.0692392,0.0393796,2.4334117647058824e-08,1.0738285714285715e-06
2016-02-17 19:13:00,3760.22,0.23262,0.136298,0.0887706,0.0646272,0.0593857999999999,0.0484014,2.5352941176470596e-08,1.0855428571428571e-06
2016-02-17 19:14:00,3718.56,0.23775,0.118584,0.0707508,0.0535756,0.0495324,0.0574232,2.3492941176470588e-08,1.092057142857143e-06
2016-02-17 19:15:00,3676.9,0.24288,0.10087,0.052731,0.042524,0.039679,0.066445,2.3637647058823533e-08,1.1005285714285714e-06
2016-02-17 19:16:00,3629.98,0.256184,0.109352,0.0609796,0.0443812,0.0397548,0.0574232,2.163176470588236e-08,1.0718142857142856e-06
2016-02-17 19:17:00,3583.06,0.269488,0.117834,0.0692282,0.0462384,0.0398306,0.0484014,1.986117647058824e-08,1.036514285714286e-06
2016-02-17 19:18:00,3536.1400000000003,0.282792,0.1263159999999999,0.0774768,0.0480956,0.0399064,0.0393796,1.9463529411764706e-08,1.0106142857142857e-06
2016-02-17 19:19:00,3489.2200000000003,0.296096,0.134798,0.0857254,0.0499528,0.0399822,0.0303578,1.8908235294117648e-08,1.001057142857143e-06
2016-02-17 19:20:00,3442.3,0.3094,0.14328,0.093974,0.05181,0.040058,0.021336,1.899764705882353e-08,9.803142857142855e-07
2016-02-17 19:21:00,3450.28,0.280582,0.142128,0.0934028,0.0511954,0.0400274,0.021336,1.6605882352941178e-08,9.766285714285717e-07
2016-02-17 19:22:00,3458.26,0.251764,0.140976,0.0928316,0.0505808,0.0399968,0.021336,1.8478823529411764e-08,9.616142857142858e-07
2016-02-17 19:23:00,3466.24,0.222946,0.139824,0.0922604,0.0499662,0.0399662,0.021336,1.5896470588235295e-08,9.642428571428571e-07
2016-02-17 19:24:00,3474.22,0.194128,0.138672,0.0916892,0.0493516,0.0399356,0.021336,1.4811764705882354e-08,9.532e-07
2016-02-17 19:25:00,3482.2,0.16531,0.13752,0.091118,0.048737,0.039905,0.021336,1.576e-08,9.305571428571428e-07
2016-02-17 19:26:00,3459.42,0.173246,0.145454,0.0863148,0.0503686,0.042734,0.0235952,1.6694117647058823e-08,9.105428571428572e-07
2016-02-17 19:27:00,3436.64,0.181182,0.153388,0.0815116,0.0520002,0.045563,0.0258544,1.4701176470588236e-08,8.97657142857143e-07
2016-02-17 19:28:00,3413.86,0.189118,0.161322,0.0767084,0.0536318,0.048392,0.0281136,1.4369411764705884e-08,9.053285714285716e-07
2016-02-17 19:29:00,3391.08,0.197054,0.169256,0.0719052,0.0552634,0.051221,0.0303728,1.135729411764706e-08,9.138857142857144e-07
2016-02-17 19:30:00,3368.3,0.20499,0.17719,0.067102,0.056895,0.05405,0.032632,1.0892235294117649e-08,9.087e-07
2016-02-17 19:31:00,3310.1200000000003,0.197092,0.162484,0.0642278,0.0540208,0.0511758,0.0329108,1.4103529411764706e-08,8.993285714285716e-07
2016-02-17 19:32:00,3251.94,0.189194,0.147778,0.0613535999999999,0.0511466,0.0483016,0.0331896,1.4711764705882352e-08,8.836571428571429e-07
2016-02-17 19:33:00,3193.76,0.181296,0.133072,0.0584794,0.0482724,0.0454274,0.0334684,1.3217647058823533e-08,8.739142857142859e-07
2016-02-17 19:34:00,3135.58,0.173398,0.118366,0.0556052,0.0453982,0.0425532,0.0337472,1.2796470588235297e-08,8.797571428571429e-07
2016-02-17 19:35:00,3077.4,0.1655,0.10366,0.052731,0.042524,0.039679,0.034026,1.5268235294117653e-08,8.708857142857143e-07
2016-02-17 19:36:00,3074.6800000000003,0.194456,0.139424,0.0625408,0.0523331999999999,0.0494881999999999,0.0368186,1.3637647058823533e-08,8.765857142857143e-07
2016-02-17 19:37:00,3071.96,0.223412,0.175188,0.0723506,0.0621424,0.0592974,0.0396112,1.4412941176470589e-08,8.754142857142858e-07
2016-02-17 19:38:00,3069.24,0.252368,0.210952,0.0821604,0.0719516,0.0691066,0.0424038,1.379058823529412e-08,8.695857142857142e-07
2016-02-17 19:39:00,3066.52,0.281324,0.246716,0.0919702,0.0817608,0.0789158,0.0451964,1.3571764705882353e-08,8.593571428571429e-07
2016-02-17 19:40:00,3063.8,0.31028,0.28248,0.10178,0.09157,0.088725,0.047989,1.3882352941176472e-08,8.504857142857143e-07
2016-02-17 19:41:00,3073.88,0.28535,0.257636,0.0969739999999999,0.0863088,0.0833368,0.046938,1.166729411764706e-08,8.647000000000001e-07
2016-02-17 19:42:00,3083.96,0.26042,0.232792,0.092168,0.0810476,0.0779485999999999,0.045887,1.2356470588235294e-08,8.56657142857143e-07
2016-02-17 19:43:00,3094.04,0.23549,0.207948,0.087362,0.0757864,0.0725604,0.044836,1.1822352941176472e-08,8.503142857142857e-07
2016-02-17 19:44:00,3104.12,0.21056,0.183104,0.0825559999999999,0.0705252,0.0671722,0.043785,1.366e-08,8.448e-07
2016-02-17 19:45:00,3114.2,0.18563,0.15826,0.07775,0.065264,0.061784,0.042734,1.355529411764706e-08,8.362714285714286e-07
2016-02-17 19:46:00,3083.0,0.176614,0.14916,0.0757948,0.0637646,0.0604115999999999,0.0384544,1.386e-08,8.275714285714286e-07
2016-02-17 19:47:00,3051.8,0.167598,0.14006,0.0738396,0.0622652,0.0590392,0.0341748,1.4745882352941176e-08,8.252285714285715e-07
2016-02-17 19:48:00,3020.6,0.158582,0.13096,0.0718844,0.0607658,0.0576668,0.0298952,1.1714588235294118e-08,8.197857142857144e-07
2016-02-17 19:49:00,2989.4,0.149566,0.12186,0.0699292,0.0592664,0.0562944,0.0256156,1.0382941176470588e-08,8.143428571428572e-07
2016-02-17 19:50:00,2958.2,0.14055,0.11276,0.067974,0.057767,0.054922,0.021336,1.0272235294117649e-08,8.165285714285715e-07
2016-02-17 19:51:00,2957.66,0.146362,0.118654,0.0656272,0.055337,0.0524687999999999,0.0217946,1.0870117647058825e-08,8.305714285714286e-07
2016-02-17 19:52:00,2957.12,0.152174,0.1245479999999999,0.0632804,0.0529069999999999,0.0500156,0.0222532,1.2207058823529413e-08,8.341714285714285e-07
2016-02-17 19:53:00,2956.58,0.157986,0.130442,0.0609336,0.0504769999999999,0.0475624,0.0227118,1.1423764705882352e-08,8.535000000000001e-07
2016-02-17 19:54:00,2956.04,0.163798,0.1363359999999999,0.0585868,0.048047,0.0451092,0.0231704,1.5255294117647057e-08,8.801000000000002e-07
